epoch_s,host,state,usage,time_us,ncpu,avg_mhz
1790163420.130830259,localhost,C1,82737518,33367756440,40,1396
1790163420.130830259,localhost,C1E,1233483787,277309657766,40,1396
1790163420.130830259,localhost,C6,1811315778,266703088374285,40,1396
1790163420.130830259,localhost,POLL,3491053,127420191,40,1396
1790163420.313330776,localhost,C1,82737551,33367766233,40,1290
1790163420.313330776,localhost,C1E,1233484835,277309880762,40,1290
1790163420.313330776,localhost,C6,1811316894,266703092973853,40,1290
1790163420.313330776,localhost,POLL,3491057,127420317,40,1290
1790163420.450365815,localhost,C1,82737587,33367766920,40,1396
1790163420.450365815,localhost,C1E,1233485704,277310069750,40,1396
1790163420.450365815,localhost,C6,1811317844,266703100214224,40,1396
1790163420.450365815,localhost,POLL,3491059,127420385,40,1396
1790163420.474547332,localhost,C1,82737597,33367767069,40,1399
1790163420.474547332,localhost,C1E,1233485840,277310101193,40,1399
1790163420.474547332,localhost,C6,1811318105,266703101836173,40,1399
1790163420.474547332,localhost,POLL,3491059,127420385,40,1399
1790163421.194351894,localhost,C1,82737646,33367767810,40,1317
1790163421.194351894,localhost,C1E,1233489959,277310983516,40,1317
1790163421.194351894,localhost,C6,1811321296,266703119280583,40,1317
1790163421.194351894,localhost,POLL,3491066,127420606,40,1317
1790163421.376676828,localhost,C1,82737661,33367768033,40,1290
1790163421.376676828,localhost,C1E,1233491020,277311218131,40,1290
1790163421.376676828,localhost,C6,1811322370,266703126951469,40,1290
1790163421.376676828,localhost,POLL,3491066,127420606,40,1290
1790163421.517004168,localhost,C1,82737671,33367768208,40,1407
1790163421.517004168,localhost,C1E,1233491882,277311407261,40,1407
1790163421.517004168,localhost,C6,1811323411,266703132563735,40,1407
1790163421.517004168,localhost,POLL,3491069,127420714,40,1407
1790163421.540024622,localhost,C1,82737671,33367768232,40,1454
1790163421.540024622,localhost,C1E,1233492053,277311462094,40,1454
1790163421.540024622,localhost,C6,1811323614,266703132904985,40,1454
1790163421.540024622,localhost,POLL,3491069,127420714,40,1454
1790163422.255459234,localhost,C1,82737809,33367771567,40,1181
1790163422.255459234,localhost,C1E,1233496278,277312335319,40,1181
1790163422.255459234,localhost,C6,1811326879,266703160186329,40,1181
1790163422.255459234,localhost,POLL,3491073,127420853,40,1181
1790163422.442334801,localhost,C1,82737842,33367772406,40,1283
1790163422.442334801,localhost,C1E,1233497390,277312571579,40,1283
1790163422.442334801,localhost,C6,1811327956,266703168012874,40,1283
1790163422.442334801,localhost,POLL,3491073,127420853,40,1283
1790163422.579592449,localhost,C1,82737866,33367772861,40,1454
1790163422.579592449,localhost,C1E,1233498209,277312754157,40,1454
1790163422.579592449,localhost,C6,1811328769,266703174345477,40,1454
1790163422.579592449,localhost,POLL,3491074,127420894,40,1454
1790163422.604306039,localhost,C1,82737875,33367780355,40,1266
1790163422.604306039,localhost,C1E,1233498411,277312804191,40,1266
1790163422.604306039,localhost,C6,1811329072,266703195715725,40,1266
1790163422.604306039,localhost,POLL,3491075,127420939,40,1266
1790163423.321989468,localhost,C1,82738446,33367908678,40,1449
1790163423.321989468,localhost,C1E,1233505069,277314339122,40,1449
1790163423.321989468,localhost,C6,1811340982,266703214836686,40,1449
1790163423.321989468,localhost,POLL,3491103,127421690,40,1449
1790163423.507353559,localhost,C1,82738464,33367909761,40,1397
1790163423.507353559,localhost,C1E,1233506142,277314575766,40,1397
1790163423.507353559,localhost,C6,1811342051,266703220278801,40,1397
1790163423.507353559,localhost,POLL,3491105,127421756,40,1397
1790163423.642977313,localhost,C1,82738500,33367911035,40,1589
1790163423.642977313,localhost,C1E,1233506931,277314748040,40,1589
1790163423.642977313,localhost,C6,1811342924,266703223784124,40,1589
1790163423.642977313,localhost,POLL,3491108,127421855,40,1589
1790163423.667425905,localhost,C1,82738505,33367911180,40,1457
1790163423.667425905,localhost,C1E,1233507105,277314788513,40,1457
1790163423.667425905,localhost,C6,1811343247,266703227131850,40,1457
1790163423.667425905,localhost,POLL,3491108,127421855,40,1457
1790163424.384841657,localhost,C1,82738576,33367913075,40,1403
1790163424.384841657,localhost,C1E,1233511186,277315643267,40,1403
1790163424.384841657,localhost,C6,1811346353,266703247637418,40,1403
1790163424.384841657,localhost,POLL,3491115,127422074,40,1403
1790163424.569845444,localhost,C1,82738635,33367914473,40,1679
1790163424.569845444,localhost,C1E,1233512250,277315881607,40,1679
1790163424.569845444,localhost,C6,1811347329,266703256449846,40,1679
1790163424.569845444,localhost,POLL,3491116,127422110,40,1679
1790163424.703226630,localhost,C1,82739143,33368007093,40,1798
1790163424.703226630,localhost,C1E,1233514572,277316421421,40,1798
1790163424.703226630,localhost,C6,1811349295,266703263434118,40,1798
1790163424.703226630,localhost,POLL,3491125,127422371,40,1798
1790163424.731796294,localhost,C1,82739263,33368029507,40,1756
1790163424.731796294,localhost,C1E,1233515044,277316534886,40,1756
1790163424.731796294,localhost,C6,1811349789,266703263824101,40,1756
1790163424.731796294,localhost,POLL,3491126,127422393,40,1756
1790163425.444461172,localhost,C1,82743539,33368678199,40,1883
1790163425.444461172,localhost,C1E,1233528051,277319294446,40,1883
1790163425.444461172,localhost,C6,1811359503,266703292655272,40,1883
1790163425.444461172,localhost,POLL,3491156,127423216,40,1883
1790163425.630599235,localhost,C1,82744693,33368842458,40,1893
1790163425.630599235,localhost,C1E,1233531120,277319965747,40,1893
1790163425.630599235,localhost,C6,1811362799,266703303140878,40,1893
1790163425.630599235,localhost,POLL,3491159,127423352,40,1893
1790163425.763813772,localhost,C1,82745242,33368909133,40,1827
1790163425.763813772,localhost,C1E,1233533052,277320411896,40,1827
1790163425.763813772,localhost,C6,1811365672,266703307713193,40,1827
1790163425.763813772,localhost,POLL,3491161,127423352,40,1827
1790163425.792266502,localhost,C1,82745355,33368927871,40,1903
1790163425.792266502,localhost,C1E,1233533556,277320513114,40,1903
1790163425.792266502,localhost,C6,1811366072,266703308748438,40,1903
1790163425.792266502,localhost,POLL,3491161,127423352,40,1903
1790163426.503830633,localhost,C1,82748879,33369400540,40,1805
1790163426.503830633,localhost,C1E,1233545213,277323087576,40,1805
1790163426.503830633,localhost,C6,1811378401,266703331480497,40,1805
1790163426.503830633,localhost,POLL,3491181,127423850,40,1805
1790163426.690807025,localhost,C1,82749846,33369571781,40,1658
1790163426.690807025,localhost,C1E,1233548576,277323832215,40,1658
1790163426.690807025,localhost,C6,1811381777,266703339627443,40,1658
1790163426.690807025,localhost,POLL,3491190,127424054,40,1658
1790163426.821501441,localhost,C1,82750504,33369681828,40,1779
1790163426.821501441,localhost,C1E,1233551158,277324409301,40,1779
1790163426.821501441,localhost,C6,1811383751,266703343290556,40,1779
1790163426.821501441,localhost,POLL,3491194,127424156,40,1779
1790163426.845601346,localhost,C1,82750562,33369693011,40,1848
1790163426.845601346,localhost,C1E,1233551449,277324498731,40,1848
1790163426.845601346,localhost,C6,1811384055,266703343795089,40,1848
1790163426.845601346,localhost,POLL,3491194,127424156,40,1848
1790163427.564191292,localhost,C1,82754173,33370241245,40,1802
1790163427.564191292,localhost,C1E,1233563690,277327278781,40,1802
1790163427.564191292,localhost,C6,1811396927,266703368703174,40,1802
1790163427.564191292,localhost,POLL,3491209,127424496,40,1802
1790163427.748084343,localhost,C1,82755075,33370398716,40,1856
1790163427.748084343,localhost,C1E,1233567216,277328045044,40,1856
1790163427.748084343,localhost,C6,1811399599,266703372594775,40,1856
1790163427.748084343,localhost,POLL,3491213,127424636,40,1856
1790163427.883600287,localhost,C1,82755611,33370498106,40,1791
1790163427.883600287,localhost,C1E,1233569820,277328626257,40,1791
1790163427.883600287,localhost,C6,1811401574,266703377070053,40,1791
1790163427.883600287,localhost,POLL,3491217,127424730,40,1791
1790163427.898573183,localhost,C1,82755661,33370510837,40,1884
1790163427.898573183,localhost,C1E,1233570072,277328682887,40,1884
1790163427.898573183,localhost,C6,1811401783,266703377339037,40,1884
1790163427.898573183,localhost,POLL,3491217,127424738,40,1884
1790163428.623270117,localhost,C1,82758612,33371062594,40,1767
1790163428.623270117,localhost,C1E,1233584349,277331840258,40,1767
1790163428.623270117,localhost,C6,1811411948,266703400842537,40,1767
1790163428.623270117,localhost,POLL,3491234,127425183,40,1767
1790163428.805707207,localhost,C1,82759561,33371217382,40,1704
1790163428.805707207,localhost,C1E,1233587761,277332616989,40,1704
1790163428.805707207,localhost,C6,1811414512,266703404565171,40,1704
1790163428.805707207,localhost,POLL,3491240,127425359,40,1704
1790163428.939837250,localhost,C1,82760267,33371329594,40,1715
1790163428.939837250,localhost,C1E,1233590343,277333210149,40,1715
1790163428.939837250,localhost,C6,1811416410,266703408626626,40,1715
1790163428.939837250,localhost,POLL,3491243,127425409,40,1715
1790163428.953546879,localhost,C1,82760332,33371338342,40,1880
1790163428.953546879,localhost,C1E,1233590634,277333264895,40,1880
1790163428.953546879,localhost,C6,1811416686,266703409360548,40,1880
1790163428.953546879,localhost,POLL,3491243,127425409,40,1880
1790163429.684587744,localhost,C1,82762293,33371571531,40,1765
1790163429.684587744,localhost,C1E,1233602753,277336147882,40,1765
1790163429.684587744,localhost,C6,1811430193,266703431468410,40,1765
1790163429.684587744,localhost,POLL,3491271,127426084,40,1765
1790163429.865510540,localhost,C1,82762399,33371586148,40,1686
1790163429.865510540,localhost,C1E,1233604603,277336568696,40,1686
1790163429.865510540,localhost,C6,1811432219,266703436439278,40,1686
1790163429.865510540,localhost,POLL,3491273,127426149,40,1686
1790163429.997175375,localhost,C1,82762420,33371586624,40,1782
1790163429.997175375,localhost,C1E,1233605405,277336743624,40,1782
1790163429.997175375,localhost,C6,1811433139,266703442735711,40,1782
1790163429.997175375,localhost,POLL,3491273,127426149,40,1782
1790163430.011353473,localhost,C1,82762423,33371586687,40,1630
1790163430.011353473,localhost,C1E,1233605492,277336763833,40,1630
1790163430.011353473,localhost,C6,1811433290,266703443545464,40,1630
1790163430.011353473,localhost,POLL,3491273,127426149,40,1630
1790163430.746082859,localhost,C1,82762561,33371603338,40,1232
1790163430.746082859,localhost,C1E,1233609859,277337669655,40,1232
1790163430.746082859,localhost,C6,1811436363,266703477985277,40,1232
1790163430.746082859,localhost,POLL,3491274,127426185,40,1232
1790163430.928978583,localhost,C1,82762585,33371603765,40,1280
1790163430.928978583,localhost,C1E,1233610941,277337903783,40,1280
1790163430.928978583,localhost,C6,1811437464,266703482493482,40,1280
1790163430.928978583,localhost,POLL,3491274,127426185,40,1280
1790163431.061616906,localhost,C1,82762606,33371604457,40,1457
1790163431.061616906,localhost,C1E,1233611830,277338100655,40,1457
1790163431.061616906,localhost,C6,1811438419,266703486903300,40,1457
1790163431.061616906,localhost,POLL,3491276,127426259,40,1457
1790163431.074826172,localhost,C1,82762611,33371605510,40,1448
1790163431.074826172,localhost,C1E,1233611953,277338123256,40,1448
1790163431.074826172,localhost,C6,1811438514,266703487746832,40,1448
1790163431.074826172,localhost,POLL,3491276,127426259,40,1448
1790163431.808039856,localhost,C1,82763025,33371656548,40,1654
1790163431.808039856,localhost,C1E,1233616991,277339208842,40,1654
1790163431.808039856,localhost,C6,1811442935,266703520620305,40,1654
1790163431.808039856,localhost,POLL,3491284,127426529,40,1654
1790163431.992877233,localhost,C1,82763424,33371723376,40,1769
1790163431.992877233,localhost,C1E,1233619814,277339897028,40,1769
1790163431.992877233,localhost,C6,1811446673,266703526056177,40,1769
1790163431.992877233,localhost,POLL,3491292,127426739,40,1769
1790163432.126930834,localhost,C1,82763763,33371771835,40,1737
1790163432.126930834,localhost,C1E,1233622169,277340477185,40,1737
1790163432.126930834,localhost,C6,1811449053,266703530139394,40,1737
1790163432.126930834,localhost,POLL,3491293,127426749,40,1737
1790163432.141963257,localhost,C1,82763784,33371781741,40,1818
1790163432.141963257,localhost,C1E,1233622424,277340537808,40,1818
1790163432.141963257,localhost,C6,1811449326,266703530792004,40,1818
1790163432.141963257,localhost,POLL,3491294,127426771,40,1818
1790163432.871417880,localhost,C1,82765389,33372012075,40,1661
1790163432.871417880,localhost,C1E,1233634885,277343497583,40,1661
1790163432.871417880,localhost,C6,1811461834,266703550022939,40,1661
1790163432.871417880,localhost,POLL,3491309,127427192,40,1661
1790163433.055406016,localhost,C1,82766106,33372097957,40,1705
1790163433.055406016,localhost,C1E,1233637835,277344213517,40,1705
1790163433.055406016,localhost,C6,1811465187,266703556747508,40,1705
1790163433.055406016,localhost,POLL,3491311,127427248,40,1705
1790163433.188998236,localhost,C1,82766822,33372201254,40,1880
1790163433.188998236,localhost,C1E,1233640230,277344770336,40,1880
1790163433.188998236,localhost,C6,1811467258,266703563577750,40,1880
1790163433.188998236,localhost,POLL,3491313,127427368,40,1880
1790163433.203452071,localhost,C1,82766883,33372208940,40,1916
1790163433.203452071,localhost,C1E,1233640455,277344818639,40,1916
1790163433.203452071,localhost,C6,1811467398,266703563834944,40,1916
1790163433.203452071,localhost,POLL,3491315,127427368,40,1916
1790163433.931363063,localhost,C1,82768838,33372459489,40,1857
1790163433.931363063,localhost,C1E,1233652419,277347671106,40,1857
1790163433.931363063,localhost,C6,1811480606,266703589619547,40,1857
1790163433.931363063,localhost,POLL,3491337,127427804,40,1857
1790163434.115577485,localhost,C1,82769304,33372540654,40,1849
1790163434.115577485,localhost,C1E,1233655719,277348482403,40,1849
1790163434.115577485,localhost,C6,1811483801,266703594813044,40,1849
1790163434.115577485,localhost,POLL,3491344,127428013,40,1849
1790163434.248397398,localhost,C1,82770016,33372648430,40,1922
1790163434.248397398,localhost,C1E,1233658209,277349069960,40,1922
1790163434.248397398,localhost,C6,1811485918,266703599659709,40,1922
1790163434.248397398,localhost,POLL,3491346,127428058,40,1922
1790163434.260562679,localhost,C1,82770050,33372654598,40,1965
1790163434.260562679,localhost,C1E,1233658394,277349126515,40,1965
1790163434.260562679,localhost,C6,1811486091,266703599918205,40,1965
1790163434.260562679,localhost,POLL,3491346,127428089,40,1965
1790163434.989501908,localhost,C1,82771907,33372954313,40,1515
1790163434.989501908,localhost,C1E,1233671422,277352278983,40,1515
1790163434.989501908,localhost,C6,1811498100,266703623632174,40,1515
1790163434.989501908,localhost,POLL,3491381,127428939,40,1515
1790163435.175515523,localhost,C1,82772361,33373015663,40,1600
1790163435.175515523,localhost,C1E,1233674563,277353071410,40,1600
1790163435.175515523,localhost,C6,1811501567,266703629614681,40,1600
1790163435.175515523,localhost,POLL,3491386,127429070,40,1600
1790163435.306842167,localhost,C1,82772641,33373062418,40,1799
1790163435.306842167,localhost,C1E,1233676720,277353612515,40,1799
1790163435.306842167,localhost,C6,1811504088,266703634639534,40,1799
1790163435.306842167,localhost,POLL,3491390,127429221,40,1799
1790163435.317721011,localhost,C1,82772688,33373068555,40,1864
1790163435.317721011,localhost,C1E,1233676901,277353654549,40,1864
1790163435.317721011,localhost,C6,1811504227,266703634741108,40,1864
1790163435.317721011,localhost,POLL,3491393,127429221,40,1864
1790163436.050842347,localhost,C1,82775435,33373377157,40,1683
1790163436.050842347,localhost,C1E,1233689018,277356413162,40,1683
1790163436.050842347,localhost,C6,1811516197,266703653659964,40,1683
1790163436.050842347,localhost,POLL,3491413,127429634,40,1683
1790163436.234951584,localhost,C1,82776539,33373509787,40,1824
1790163436.234951584,localhost,C1E,1233692113,277357147788,40,1824
1790163436.234951584,localhost,C6,1811519283,266703661973206,40,1824
1790163436.234951584,localhost,POLL,3491420,127429758,40,1824
1790163436.365729451,localhost,C1,82777448,33373613712,40,1953
1790163436.365729451,localhost,C1E,1233694198,277357654037,40,1953
1790163436.365729451,localhost,C6,1811521479,266703671029725,40,1953
1790163436.365729451,localhost,POLL,3491423,127429837,40,1953
1790163436.371989091,localhost,C1,82777471,33373621272,40,1965
1790163436.371989091,localhost,C1E,1233694287,277357682240,40,1965
1790163436.371989091,localhost,C6,1811521643,266703671146028,40,1965
1790163436.371989091,localhost,POLL,3491423,127429837,40,1965
1790163437.110381259,localhost,C1,82779772,33373910716,40,1692
1790163437.110381259,localhost,C1E,1233704316,277359983594,40,1692
1790163437.110381259,localhost,C6,1811532018,266703697645676,40,1692
1790163437.110381259,localhost,POLL,3491437,127430197,40,1692
1790163437.295692970,localhost,C1,82779793,33373919051,40,1496
1790163437.295692970,localhost,C1E,1233705412,277360221685,40,1496
1790163437.295692970,localhost,C6,1811533098,266703703796817,40,1496
1790163437.295692970,localhost,POLL,3491439,127430263,40,1496
1790163437.422584281,localhost,C1,82779830,33373919563,40,1732
1790163437.422584281,localhost,C1E,1233706183,277360393814,40,1732
1790163437.422584281,localhost,C6,1811534097,266703707196571,40,1732
1790163437.422584281,localhost,POLL,3491442,127430373,40,1732
1790163437.429135892,localhost,C1,82779832,33373919563,40,1748
1790163437.429135892,localhost,C1E,1233706209,277360401115,40,1748
1790163437.429135892,localhost,C6,1811534142,266703707370243,40,1748
1790163437.429135892,localhost,POLL,3491442,127430373,40,1748
1790163438.168300817,localhost,C1,82779897,33373920919,40,1566
1790163438.168300817,localhost,C1E,1233710449,277361290051,40,1566
1790163438.168300817,localhost,C6,1811537352,266703726692463,40,1566
1790163438.168300817,localhost,POLL,3491447,127430572,40,1566
1790163438.360372233,localhost,C1,82779928,33373921466,40,1381
1790163438.360372233,localhost,C1E,1233711592,277361538678,40,1381
1790163438.360372233,localhost,C6,1811538349,266703738968392,40,1381
1790163438.360372233,localhost,POLL,3491449,127430588,40,1381
1790163438.490584188,localhost,C1,82779943,33373921710,40,1577
1790163438.490584188,localhost,C1E,1233712421,277361721950,40,1577
1790163438.490584188,localhost,C6,1811539342,266703745180070,40,1577
1790163438.490584188,localhost,POLL,3491454,127430737,40,1577
1790163438.493491265,localhost,C1,82779943,33373921710,40,1618
1790163438.493491265,localhost,C1E,1233712447,277361724729,40,1618
1790163438.493491265,localhost,C6,1811539377,266703745293775,40,1618
1790163438.493491265,localhost,POLL,3491454,127430737,40,1618
1790163439.230867850,localhost,C1,82781440,33374114909,40,1605
1790163439.230867850,localhost,C1E,1233720328,277363521723,40,1605
1790163439.230867850,localhost,C6,1811546932,266703774967955,40,1605
1790163439.230867850,localhost,POLL,3491466,127431078,40,1605
1790163439.422314737,localhost,C1,82782099,33374205885,40,1742
1790163439.422314737,localhost,C1E,1233723737,277364289585,40,1742
1790163439.422314737,localhost,C6,1811550130,266703780301012,40,1742
1790163439.422314737,localhost,POLL,3491473,127431328,40,1742
1790163439.555028746,localhost,C1,82782416,33374256959,40,2104
1790163439.555028746,localhost,C1E,1233726035,277364839592,40,2104
1790163439.555028746,localhost,C6,1811552662,266703788363567,40,2104
1790163439.555028746,localhost,POLL,3491479,127431434,40,2104
1790163439.558071680,localhost,C1,82782433,33374257966,40,2119
1790163439.558071680,localhost,C1E,1233726050,277364845554,40,2119
1790163439.558071680,localhost,C6,1811552715,266703788386902,40,2119
1790163439.558071680,localhost,POLL,3491479,127431434,40,2119
1790163440.289440620,localhost,C1,82784106,33374469486,40,1711
1790163440.289440620,localhost,C1E,1233738326,277367852156,40,1711
1790163440.289440620,localhost,C6,1811566620,266703810553674,40,1711
1790163440.289440620,localhost,POLL,3491489,127431679,40,1711
1790163440.481267412,localhost,C1,82784447,33374511173,40,1836
1790163440.481267412,localhost,C1E,1233741603,277368685892,40,1836
1790163440.481267412,localhost,C6,1811570277,266703816893673,40,1836
1790163440.481267412,localhost,POLL,3491493,127431758,40,1836
1790163440.613904405,localhost,C1,82784683,33374552759,40,1967
1790163440.613904405,localhost,C1E,1233743791,277369239808,40,1967
1790163440.613904405,localhost,C6,1811573114,266703823310833,40,1967
1790163440.613904405,localhost,POLL,3491495,127431806,40,1967
1790163440.613309412,localhost,C1,82784689,33374557436,40,1922
1790163440.613309412,localhost,C1E,1233743825,277369253887,40,1922
1790163440.613309412,localhost,C6,1811573156,266703823361664,40,1922
1790163440.613309412,localhost,POLL,3491495,127431806,40,1922
1790163441.351793112,localhost,C1,82785865,33374700841,40,1717
1790163441.351793112,localhost,C1E,1233756361,277372322198,40,1717
1790163441.351793112,localhost,C6,1811588582,266703846787916,40,1717
1790163441.351793112,localhost,POLL,3491519,127432486,40,1717
1790163441.538913763,localhost,C1,82786306,33374759756,40,1900
1790163441.538913763,localhost,C1E,1233759523,277373052732,40,1900
1790163441.538913763,localhost,C6,1811592762,266703857865163,40,1900
1790163441.538913763,localhost,POLL,3491524,127432681,40,1900
1790163441.668760454,localhost,C1,82786622,33374796803,40,1925
1790163441.668760454,localhost,C1E,1233761636,277373522795,40,1925
1790163441.668760454,localhost,C6,1811595539,266703862331237,40,1925
1790163441.668760454,localhost,POLL,3491527,127432767,40,1925
1790163441.672213177,localhost,C1,82786628,33374797168,40,1903
1790163441.672213177,localhost,C1E,1233761691,277373531038,40,1903
1790163441.672213177,localhost,C6,1811595616,266703862466552,40,1903
1790163441.672213177,localhost,POLL,3491529,127432767,40,1903
1790163442.414329993,localhost,C1,82788736,33375062857,40,1851
1790163442.414329993,localhost,C1E,1233774111,277376309410,40,1851
1790163442.414329993,localhost,C6,1811609963,266703884440018,40,1851
1790163442.414329993,localhost,POLL,3491560,127433594,40,1851
1790163442.595985422,localhost,C1,82789204,33375124651,40,1663
1790163442.595985422,localhost,C1E,1233777092,277376977668,40,1663
1790163442.595985422,localhost,C6,1811613589,266703893750760,40,1663
1790163442.595985422,localhost,POLL,3491566,127433746,40,1663
1790163442.722320780,localhost,C1,82789344,33375143989,40,1880
1790163442.722320780,localhost,C1E,1233779193,277377516712,40,1880
1790163442.722320780,localhost,C6,1811616837,266703898491477,40,1880
1790163442.722320780,localhost,POLL,3491570,127433822,40,1880
1790163442.725325077,localhost,C1,82789349,33375145647,40,1866
1790163442.725325077,localhost,C1E,1233779250,277377527834,40,1866
1790163442.725325077,localhost,C6,1811616937,266703898680897,40,1866
1790163442.725325077,localhost,POLL,3491570,127433822,40,1866
1790163443.473879950,localhost,C1,82791257,33375391270,40,1815
1790163443.473879950,localhost,C1E,1233791637,277380262710,40,1815
1790163443.473879950,localhost,C6,1811631794,266703921686395,40,1815
1790163443.473879950,localhost,POLL,3491601,127434673,40,1815
1790163443.654300668,localhost,C1,82791592,33375440363,40,1802
1790163443.654300668,localhost,C1E,1233794694,277380974319,40,1802
1790163443.654300668,localhost,C6,1811635588,266703928717524,40,1802
1790163443.654300668,localhost,POLL,3491604,127434781,40,1802
1790163443.781138552,localhost,C1,82791731,33375455365,40,1962
1790163443.781138552,localhost,C1E,1233796521,277381468877,40,1962
1790163443.781138552,localhost,C6,1811638680,266703933027073,40,1962
1790163443.781138552,localhost,POLL,3491608,127434893,40,1962
1790163443.784560980,localhost,C1,82791733,33375456359,40,1822
1790163443.784560980,localhost,C1E,1233796575,277381481650,40,1822
1790163443.784560980,localhost,C6,1811638735,266703933097059,40,1822
1790163443.784560980,localhost,POLL,3491609,127434893,40,1822
1790163444.534436016,localhost,C1,82792375,33375537047,40,1470
1790163444.534436016,localhost,C1E,1233806535,277383758624,40,1470
1790163444.534436016,localhost,C6,1811650807,266703956696837,40,1470
1790163444.534436016,localhost,POLL,3491624,127435316,40,1470
1790163444.715893246,localhost,C1,82792393,33375537658,40,1479
1790163444.715893246,localhost,C1E,1233807628,277383988817,40,1479
1790163444.715893246,localhost,C6,1811651846,266703960345650,40,1479
1790163444.715893246,localhost,POLL,3491626,127435381,40,1479
1790163444.844782243,localhost,C1,82792404,33375538137,40,1775
1790163444.844782243,localhost,C1E,1233808419,277384167885,40,1775
1790163444.844782243,localhost,C6,1811652789,266703964762496,40,1775
1790163444.844782243,localhost,POLL,3491626,127435381,40,1775
1790163444.850100603,localhost,C1,82792404,33375538137,40,1745
1790163444.850100603,localhost,C1E,1233808439,277384174101,40,1745
1790163444.850100603,localhost,C6,1811652828,266703964820204,40,1745
1790163444.850100603,localhost,POLL,3491626,127435381,40,1745
1790163445.597172230,localhost,C1,82792500,33375541761,40,1433
1790163445.597172230,localhost,C1E,1233812825,277385090475,40,1433
1790163445.597172230,localhost,C6,1811655967,266703987269650,40,1433
1790163445.597172230,localhost,POLL,3491634,127435666,40,1433
1790163445.777691924,localhost,C1,82792518,33375542473,40,1455
1790163445.777691924,localhost,C1E,1233813919,277385325712,40,1455
1790163445.777691924,localhost,C6,1811656940,266703992834600,40,1455
1790163445.777691924,localhost,POLL,3491634,127435699,40,1455
1790163445.910061346,localhost,C1,82792553,33375550691,40,1590
1790163445.910061346,localhost,C1E,1233814728,277385503998,40,1590
1790163445.910061346,localhost,C6,1811657879,266704000324490,40,1590
1790163445.910061346,localhost,POLL,3491635,127435699,40,1590
1790163445.913141414,localhost,C1,82792553,33375550691,40,1583
1790163445.913141414,localhost,C1E,1233814750,277385506146,40,1583
1790163445.913141414,localhost,C6,1811657919,266704000344720,40,1583
1790163445.913141414,localhost,POLL,3491635,127435699,40,1583
1790163446.658908937,localhost,C1,82793344,33375653779,40,1518
1790163446.658908937,localhost,C1E,1233821438,277386988874,40,1518
1790163446.658908937,localhost,C6,1811664404,266704040834667,40,1518
1790163446.658908937,localhost,POLL,3491645,127435963,40,1518
1790163446.841040570,localhost,C1,82793782,33375711560,40,1717
1790163446.841040570,localhost,C1E,1233824687,277387723162,40,1717
1790163446.841040570,localhost,C6,1811667642,266704044761325,40,1717
1790163446.841040570,localhost,POLL,3491658,127436312,40,1717
1790163446.977222990,localhost,C1,82794110,33375758615,40,1891
1790163446.977222990,localhost,C1E,1233827008,277388254268,40,1891
1790163446.977222990,localhost,C6,1811670410,266704049775545,40,1891
1790163446.977222990,localhost,POLL,3491661,127436408,40,1891
1790163446.980930970,localhost,C1,82794125,33375759796,40,1898
1790163446.980930970,localhost,C1E,1233827078,277388261849,40,1898
1790163446.980930970,localhost,C6,1811670474,266704049803071,40,1898
1790163446.980930970,localhost,POLL,3491662,127436408,40,1898
1790163447.721836026,localhost,C1,82795907,33376010312,40,1896
1790163447.721836026,localhost,C1E,1233840189,277391216522,40,1896
1790163447.721836026,localhost,C6,1811684726,266704073733437,40,1896
1790163447.721836026,localhost,POLL,3491695,127437404,40,1896
1790163447.899174109,localhost,C1,82796203,33376052752,40,1870
1790163447.899174109,localhost,C1E,1233842961,277391875968,40,1870
1790163447.899174109,localhost,C6,1811688927,266704080384657,40,1870
1790163447.899174109,localhost,POLL,3491707,127437671,40,1870
1790163448.036739467,localhost,C1,82796342,33376075232,40,1809
1790163448.036739467,localhost,C1E,1233845208,277392431959,40,1809
1790163448.036739467,localhost,C6,1811692412,266704085249471,40,1809
1790163448.036739467,localhost,POLL,3491713,127437879,40,1809
1790163448.036369851,localhost,C1,82796360,33376076354,40,1860
1790163448.036369851,localhost,C1E,1233845277,277392442708,40,1860
1790163448.036369851,localhost,C6,1811692464,266704085391408,40,1860
1790163448.036369851,localhost,POLL,3491714,127437889,40,1860
1790163448.779490431,localhost,C1,82797906,33376271956,40,1867
1790163448.779490431,localhost,C1E,1233858135,277395194526,40,1867
1790163448.779490431,localhost,C6,1811706826,266704112920096,40,1867
1790163448.779490431,localhost,POLL,3491752,127438853,40,1867
1790163448.956058058,localhost,C1,82798107,33376302133,40,1809
1790163448.956058058,localhost,C1E,1233861068,277395896554,40,1809
1790163448.956058058,localhost,C6,1811710624,266704118333210,40,1809
1790163448.956058058,localhost,POLL,3491758,127439032,40,1809
1790163449.094144149,localhost,C1,82798228,33376325570,40,1873
1790163449.094144149,localhost,C1E,1233863202,277396435163,40,1873
1790163449.094144149,localhost,C6,1811713604,266704122873703,40,1873
1790163449.094144149,localhost,POLL,3491762,127439139,40,1873
1790163449.097589157,localhost,C1,82798235,33376326492,40,1964
1790163449.097589157,localhost,C1E,1233863253,277396453840,40,1964
1790163449.097589157,localhost,C6,1811713681,266704123171800,40,1964
1790163449.097589157,localhost,POLL,3491762,127439139,40,1964
1790163449.840192590,localhost,C1,82799090,33376430283,40,1768
1790163449.840192590,localhost,C1E,1233875566,277399308216,40,1768
1790163449.840192590,localhost,C6,1811728687,266704144190638,40,1768
1790163449.840192590,localhost,POLL,3491790,127439899,40,1768
1790163450.017339442,localhost,C1,82799479,33376481997,40,1886
1790163450.017339442,localhost,C1E,1233878725,277400006193,40,1886
1790163450.017339442,localhost,C6,1811732111,266704151394193,40,1886
1790163450.017339442,localhost,POLL,3491797,127440124,40,1886
1790163450.150667985,localhost,C1,82799626,33376504819,40,1933
1790163450.150667985,localhost,C1E,1233880976,277400540740,40,1933
1790163450.150667985,localhost,C6,1811735282,266704157261759,40,1933
1790163450.150667985,localhost,POLL,3491803,127440320,40,1933
1790163450.154013539,localhost,C1,82799640,33376505911,40,2027
1790163450.154013539,localhost,C1E,1233881096,277400564677,40,2027
1790163450.154013539,localhost,C6,1811735371,266704160331763,40,2027
1790163450.154013539,localhost,POLL,3491803,127440349,40,2027
1790163450.897997148,localhost,C1,82800145,33376569453,40,1597
1790163450.897997148,localhost,C1E,1233892233,277403248616,40,1597
1790163450.897997148,localhost,C6,1811750685,266704183478416,40,1597
1790163450.897997148,localhost,POLL,3491824,127440823,40,1597
1790163451.076430190,localhost,C1,82800238,33376578468,40,1828
1790163451.076430190,localhost,C1E,1233894640,277403859050,40,1828
1790163451.076430190,localhost,C6,1811754447,266704189771905,40,1828
1790163451.076430190,localhost,POLL,3491825,127440873,40,1828
1790163451.208604877,localhost,C1,82800339,33376593653,40,1998
1790163451.208604877,localhost,C1E,1233896542,277404335994,40,1998
1790163451.208604877,localhost,C6,1811757258,266704195015891,40,1998
1790163451.208604877,localhost,POLL,3491829,127441011,40,1998
1790163451.212866616,localhost,C1,82800343,33376594640,40,1972
1790163451.212866616,localhost,C1E,1233896592,277404346639,40,1972
1790163451.212866616,localhost,C6,1811757346,266704195201691,40,1972
1790163451.212866616,localhost,POLL,3491829,127441011,40,1972
1790163451.962218821,localhost,C1,82801209,33376707633,40,1978
1790163451.962218821,localhost,C1E,1233908390,277407004577,40,1978
1790163451.962218821,localhost,C6,1811771589,266704218620656,40,1978
1790163451.962218821,localhost,POLL,3491852,127441612,40,1978
1790163452.139626131,localhost,C1,82801424,33376745533,40,1743
1790163452.139626131,localhost,C1E,1233911333,277407708519,40,1743
1790163452.139626131,localhost,C6,1811774854,266704226671193,40,1743
1790163452.139626131,localhost,POLL,3491858,127441785,40,1743
1790163452.275032405,localhost,C1,82801647,33376781449,40,2011
1790163452.275032405,localhost,C1E,1233913488,277408220643,40,2011
1790163452.275032405,localhost,C6,1811777849,266704231349465,40,2011
1790163452.275032405,localhost,POLL,3491861,127441864,40,2011
1790163452.271893016,localhost,C1,82801647,33376781153,40,2011
1790163452.271893016,localhost,C1E,1233913486,277408218582,40,2011
1790163452.271893016,localhost,C6,1811777846,266704231341001,40,2011
1790163452.271893016,localhost,POLL,3491861,127441864,40,2011
1790163453.028203209,localhost,C1,82801845,33376798483,40,1549
1790163453.028203209,localhost,C1E,1233918459,277409253731,40,1549
1790163453.028203209,localhost,C6,1811781791,266704249096914,40,1549
1790163453.028203209,localhost,POLL,3491868,127442101,40,1549
1790163453.204883312,localhost,C1,82801874,33376803958,40,1681
1790163453.204883312,localhost,C1E,1233919482,277409478911,40,1681
1790163453.204883312,localhost,C6,1811782966,266704258905849,40,1681
1790163453.204883312,localhost,POLL,3491869,127442135,40,1681
1790163453.338249050,localhost,C1,82801895,33376804327,40,1697
1790163453.338249050,localhost,C1E,1233920269,277409659349,40,1697
1790163453.338249050,localhost,C6,1811783985,266704265080511,40,1697
1790163453.338249050,localhost,POLL,3491870,127442170,40,1697
1790163453.338728479,localhost,C1,82801895,33376804327,40,1670
1790163453.338728479,localhost,C1E,1233920268,277409659928,40,1670
1790163453.338728479,localhost,C6,1811783983,266704265089076,40,1670
1790163453.338728479,localhost,POLL,3491870,127442170,40,1670
1790163454.090658106,localhost,C1,82802001,33376813928,40,1522
1790163454.090658106,localhost,C1E,1233924532,277410564517,40,1522
1790163454.090658106,localhost,C6,1811787106,266704285079836,40,1522
1790163454.090658106,localhost,POLL,3491883,127442577,40,1522
1790163454.269914344,localhost,C1,82802056,33376830526,40,1576
1790163454.269914344,localhost,C1E,1233925622,277410800858,40,1576
1790163454.269914344,localhost,C6,1811788233,266704295757888,40,1576
1790163454.269914344,localhost,POLL,3491884,127442612,40,1576
1790163454.407872017,localhost,C1,82802182,33376843394,40,1897
1790163454.407872017,localhost,C1E,1233927344,277411198317,40,1897
1790163454.407872017,localhost,C6,1811790677,266704310323065,40,1897
1790163454.407872017,localhost,POLL,3491885,127442691,40,1897
1790163454.410000874,localhost,C1,82802184,33376843394,40,1882
1790163454.410000874,localhost,C1E,1233927359,277411201147,40,1882
1790163454.410000874,localhost,C6,1811790699,266704310338831,40,1882
1790163454.410000874,localhost,POLL,3491886,127442691,40,1882
1790163455.155081746,localhost,C1,82803136,33376941702,40,1683
1790163455.155081746,localhost,C1E,1233941286,277414153100,40,1683
1790163455.155081746,localhost,C6,1811804925,266704335968689,40,1683
1790163455.155081746,localhost,POLL,3491912,127443336,40,1683
1790163455.334171302,localhost,C1,82803469,33376985844,40,1873
1790163455.334171302,localhost,C1E,1233944757,277414859191,40,1873
1790163455.334171302,localhost,C6,1811808582,266704344010326,40,1873
1790163455.334171302,localhost,POLL,3491917,127443441,40,1873
1790163455.472977161,localhost,C1,82803700,33377014116,40,1878
1790163455.472977161,localhost,C1E,1233947393,277415409777,40,1878
1790163455.472977161,localhost,C6,1811811688,266704348698674,40,1878
1790163455.472977161,localhost,POLL,3491922,127443574,40,1878
1790163455.470589446,localhost,C1,82803698,33377013423,40,1869
1790163455.470589446,localhost,C1E,1233947368,277415406101,40,1869
1790163455.470589446,localhost,C6,1811811644,266704348684284,40,1869
1790163455.470589446,localhost,POLL,3491921,127443574,40,1869
1790163456.216264745,localhost,C1,82804278,33377067276,40,1874
1790163456.216264745,localhost,C1E,1233958701,277418002733,40,1874
1790163456.216264745,localhost,C6,1811826549,266704372127533,40,1874
1790163456.216264745,localhost,POLL,3491942,127444146,40,1874
1790163456.393332334,localhost,C1,82804368,33377078768,40,1780
1790163456.393332334,localhost,C1E,1233961262,277418641480,40,1780
1790163456.393332334,localhost,C6,1811830258,266704380619287,40,1780
1790163456.393332334,localhost,POLL,3491945,127444202,40,1780
1790163456.532042945,localhost,C1,82804451,33377088884,40,2096
1790163456.532042945,localhost,C1E,1233963296,277419149109,40,2096
1790163456.532042945,localhost,C6,1811833136,266704385742232,40,2096
1790163456.532042945,localhost,POLL,3491947,127444237,40,2096
1790163456.532679337,localhost,C1,82804451,33377088884,40,2053
1790163456.532679337,localhost,C1E,1233963309,277419152373,40,2053
1790163456.532679337,localhost,C6,1811833172,266704385757707,40,2053
1790163456.532679337,localhost,POLL,3491947,127444237,40,2053
1790163457.278048948,localhost,C1,82804916,33377136904,40,1694
1790163457.278048948,localhost,C1E,1233973872,277421624771,40,1694
1790163457.278048948,localhost,C6,1811847194,266704409834939,40,1694
1790163457.278048948,localhost,POLL,3491965,127444702,40,1694
1790163457.449510445,localhost,C1,82804978,33377141487,40,1886
1790163457.449510445,localhost,C1E,1233976151,277422187208,40,1886
1790163457.449510445,localhost,C6,1811850753,266704414699270,40,1886
1790163457.449510445,localhost,POLL,3491971,127444898,40,1886
1790163457.586627500,localhost,C1,82805049,33377148082,40,1920
1790163457.586627500,localhost,C1E,1233977989,277422651501,40,1920
1790163457.586627500,localhost,C6,1811853625,266704420665086,40,1920
1790163457.586627500,localhost,POLL,3491976,127444992,40,1920
1790163457.588505142,localhost,C1,82805050,33377148102,40,1951
1790163457.588505142,localhost,C1E,1233978001,277422656013,40,1951
1790163457.588505142,localhost,C6,1811853667,266704420701500,40,1951
1790163457.588505142,localhost,POLL,3491976,127444992,40,1951
1790163458.340545317,localhost,C1,82805558,33377219625,40,1729
1790163458.340545317,localhost,C1E,1233989958,277425327694,40,1729
1790163458.340545317,localhost,C6,1811866075,266704445088578,40,1729
1790163458.340545317,localhost,POLL,3491996,127445484,40,1729
1790163458.509634099,localhost,C1,82805671,33377231225,40,2022
1790163458.509634099,localhost,C1E,1233992418,277425886152,40,2022
1790163458.509634099,localhost,C6,1811869058,266704450509191,40,2022
1790163458.509634099,localhost,POLL,3491999,127445579,40,2022
1790163458.651764230,localhost,C1,82805776,33377243746,40,1857
1790163458.651764230,localhost,C1E,1233994517,277426381404,40,1857
1790163458.651764230,localhost,C6,1811872083,266704459770310,40,1857
1790163458.651764230,localhost,POLL,3492003,127445640,40,1857
1790163458.651624486,localhost,C1,82805776,33377243783,40,1829
1790163458.651624486,localhost,C1E,1233994524,277426384507,40,1829
1790163458.651624486,localhost,C6,1811872101,266704459799111,40,1829
1790163458.651624486,localhost,POLL,3492003,127445640,40,1829
1790163459.403747098,localhost,C1,82806266,33377288266,40,1603
1790163459.403747098,localhost,C1E,1234006343,277429049340,40,1603
1790163459.403747098,localhost,C6,1811884947,266704481573554,40,1603
1790163459.403747098,localhost,POLL,3492018,127446014,40,1603
1790163459.569158731,localhost,C1,82806355,33377296249,40,1752
1790163459.569158731,localhost,C1E,1234008909,277429631566,40,1752
1790163459.569158731,localhost,C6,1811887998,266704487105501,40,1752
1790163459.569158731,localhost,POLL,3492019,127446041,40,1752
1790163459.714923979,localhost,C1,82806468,33377316080,40,1942
1790163459.714923979,localhost,C1E,1234010856,277430093247,40,1942
1790163459.714923979,localhost,C6,1811890686,266704491932969,40,1942
1790163459.714923979,localhost,POLL,3492020,127446075,40,1942
1790163459.714670095,localhost,C1,82806472,33377316080,40,1910
1790163459.714670095,localhost,C1E,1234010893,277430103614,40,1910
1790163459.714670095,localhost,C6,1811890737,266704491980837,40,1910
1790163459.714670095,localhost,POLL,3492020,127446075,40,1910
1790163460.469548814,localhost,C1,82806834,33377348688,40,1762
1790163460.469548814,localhost,C1E,1234020319,277432190362,40,1762
1790163460.469548814,localhost,C6,1811905123,266704519920479,40,1762
1790163460.469548814,localhost,POLL,3492038,127446540,40,1762
1790163460.630873334,localhost,C1,82806972,33377368078,40,1634
1790163460.630873334,localhost,C1E,1234023021,277432777819,40,1634
1790163460.630873334,localhost,C6,1811907739,266704526884385,40,1634
1790163460.630873334,localhost,POLL,3492043,127446733,40,1634
1790163460.776612174,localhost,C1,82807085,33377386994,40,1758
1790163460.776612174,localhost,C1E,1234025106,277433242391,40,1758
1790163460.776612174,localhost,C6,1811910238,266704532427506,40,1758
1790163460.776612174,localhost,POLL,3492048,127446899,40,1758
1790163460.778610685,localhost,C1,82807089,33377388057,40,1748
1790163460.778610685,localhost,C1E,1234025149,277433249988,40,1748
1790163460.778610685,localhost,C6,1811910301,266704532478477,40,1748
1790163460.778610685,localhost,POLL,3492048,127446899,40,1748
1790163461.532024010,localhost,C1,82807529,33377438567,40,1736
1790163461.532024010,localhost,C1E,1234034939,277435438306,40,1736
1790163461.532024010,localhost,C6,1811922847,266704554469114,40,1736
1790163461.532024010,localhost,POLL,3492073,127447585,40,1736
1790163461.695756004,localhost,C1,82807546,33377439128,40,1703
1790163461.695756004,localhost,C1E,1234035907,277435648312,40,1703
1790163461.695756004,localhost,C6,1811923782,266704558541299,40,1703
1790163461.695756004,localhost,POLL,3492073,127447585,40,1703
1790163461.841858049,localhost,C1,82807569,33377446242,40,1791
1790163461.841858049,localhost,C1E,1234036797,277435847446,40,1791
1790163461.841858049,localhost,C6,1811924830,266704565153341,40,1791
1790163461.841858049,localhost,POLL,3492074,127447620,40,1791
1790163461.839431992,localhost,C1,82807569,33377446242,40,1762
1790163461.839431992,localhost,C1E,1234036798,277435848395,40,1762
1790163461.839431992,localhost,C6,1811924833,266704565157981,40,1762
1790163461.839431992,localhost,POLL,3492074,127447620,40,1762
1790163462.594877810,localhost,C1,82807658,33377464753,40,1517
1790163462.594877810,localhost,C1E,1234041118,277436757169,40,1517
1790163462.594877810,localhost,C6,1811928081,266704593773827,40,1517
1790163462.594877810,localhost,POLL,3492083,127447877,40,1517
1790163462.756259095,localhost,C1,82807690,33377466130,40,1369
1790163462.756259095,localhost,C1E,1234042081,277436963617,40,1369
1790163462.756259095,localhost,C6,1811929006,266704604177685,40,1369
1790163462.756259095,localhost,POLL,3492085,127447946,40,1369
1790163462.909203238,localhost,C1,82807713,33377473173,40,1507
1790163462.909203238,localhost,C1E,1234043000,277437158426,40,1507
1790163462.909203238,localhost,C6,1811930041,266704608529866,40,1507
1790163462.909203238,localhost,POLL,3492089,127448093,40,1507
1790163462.912348594,localhost,C1,82807713,33377473173,40,1530
1790163462.912348594,localhost,C1E,1234043013,277437161556,40,1530
1790163462.912348594,localhost,C6,1811930068,266704608608403,40,1530
1790163462.912348594,localhost,POLL,3492089,127448093,40,1530
1790163463.655117609,localhost,C1,82807952,33377492496,40,1675
1790163463.655117609,localhost,C1E,1234049888,277438736498,40,1675
1790163463.655117609,localhost,C6,1811936332,266704631855925,40,1675
1790163463.655117609,localhost,POLL,3492098,127448335,40,1675
1790163463.820258261,localhost,C1,82808034,33377498024,40,1697
1790163463.820258261,localhost,C1E,1234052258,277439292269,40,1697
1790163463.820258261,localhost,C6,1811939215,266704637994082,40,1697
1790163463.820258261,localhost,POLL,3492101,127448419,40,1697
1790163463.976543777,localhost,C1,82808172,33377520667,40,1778
1790163463.976543777,localhost,C1E,1234054816,277439887616,40,1778
1790163463.976543777,localhost,C6,1811941655,266704645188635,40,1778
1790163463.976543777,localhost,POLL,3492104,127448522,40,1778
1790163463.980163507,localhost,C1,82808173,33377521601,40,1780
1790163463.980163507,localhost,C1E,1234054878,277439898123,40,1780
1790163463.980163507,localhost,C6,1811941674,266704645206249,40,1780
1790163463.980163507,localhost,POLL,3492104,127448522,40,1780
1790163464.717202950,localhost,C1,82808536,33377560380,40,1728
1790163464.717202950,localhost,C1E,1234064081,277441945350,40,1728
1790163464.717202950,localhost,C6,1811955080,266704672575338,40,1728
1790163464.717202950,localhost,POLL,3492124,127449084,40,1728
1790163464.880858150,localhost,C1,82808644,33377569328,40,1634
1790163464.880858150,localhost,C1E,1234066483,277442506120,40,1634
1790163464.880858150,localhost,C6,1811958073,266704677540175,40,1634
1790163464.880858150,localhost,POLL,3492127,127449165,40,1634
1790163465.040496642,localhost,C1,82808774,33377586749,40,1627
1790163465.040496642,localhost,C1E,1234069031,277443104911,40,1627
1790163465.040496642,localhost,C6,1811960609,266704685144410,40,1627
1790163465.040496642,localhost,POLL,3492131,127449308,40,1627
1790163465.036752337,localhost,C1,82808771,33377586748,40,1664
1790163465.036752337,localhost,C1E,1234068979,277443097521,40,1664
1790163465.036752337,localhost,C6,1811960548,266704684833743,40,1664
1790163465.036752337,localhost,POLL,3492131,127449308,40,1664
1790163465.780614766,localhost,C1,82809193,33377621930,40,1680
1790163465.780614766,localhost,C1E,1234079144,277445461281,40,1680
1790163465.780614766,localhost,C6,1811973625,266704707527451,40,1680
1790163465.780614766,localhost,POLL,3492147,127449726,40,1680
1790163465.944386974,localhost,C1,82809297,33377631410,40,1791
1790163465.944386974,localhost,C1E,1234081429,277445997689,40,1791
1790163465.944386974,localhost,C6,1811976660,266704720059542,40,1791
1790163465.944386974,localhost,POLL,3492153,127449871,40,1791
1790163466.100645226,localhost,C1,82809370,33377637767,40,1963
1790163466.100645226,localhost,C1E,1234083792,277446527191,40,1963
1790163466.100645226,localhost,C6,1811979582,266704724662168,40,1963
1790163466.100645226,localhost,POLL,3492161,127450072,40,1963
1790163466.102702451,localhost,C1,82809370,33377637791,40,1946
1790163466.102702451,localhost,C1E,1234083796,277446529923,40,1946
1790163466.102702451,localhost,C6,1811979594,266704724697043,40,1946
1790163466.102702451,localhost,POLL,3492161,127450072,40,1946
1790163466.846685879,localhost,C1,82809747,33377674694,40,1662
1790163466.846685879,localhost,C1E,1234093707,277448694672,40,1662
1790163466.846685879,localhost,C6,1811993897,266704749528206,40,1662
1790163466.846685879,localhost,POLL,3492179,127450563,40,1662
1790163467.004526538,localhost,C1,82809849,33377682673,40,1712
1790163467.004526538,localhost,C1E,1234095913,277449189863,40,1712
1790163467.004526538,localhost,C6,1811997125,266704754765301,40,1712
1790163467.004526538,localhost,POLL,3492184,127450713,40,1712
1790163467.166731699,localhost,C1,82809960,33377700673,40,1751
1790163467.166731699,localhost,C1E,1234098456,277449753876,40,1751
1790163467.166731699,localhost,C6,1811999980,266704760028929,40,1751
1790163467.166731699,localhost,POLL,3492184,127450742,40,1751
1790163467.166141466,localhost,C1,82809961,33377701177,40,1760
1790163467.166141466,localhost,C1E,1234098483,277449759663,40,1760
1790163467.166141466,localhost,C6,1812000024,266704760056892,40,1760
1790163467.166141466,localhost,POLL,3492184,127450742,40,1760
1790163467.912660170,localhost,C1,82810428,33377742735,40,1780
1790163467.912660170,localhost,C1E,1234110056,277452285067,40,1780
1790163467.912660170,localhost,C6,1812014404,266704781175214,40,1780
1790163467.912660170,localhost,POLL,3492218,127451558,40,1780
1790163468.069610614,localhost,C1,82810507,33377750057,40,1586
1790163468.069610614,localhost,C1E,1234112005,277452703976,40,1586
1790163468.069610614,localhost,C6,1812017963,266704787869563,40,1586
1790163468.069610614,localhost,POLL,3492218,127451558,40,1586
1790163468.228646364,localhost,C1,82810599,33377760855,40,1827
1790163468.228646364,localhost,C1E,1234114258,277453217786,40,1827
1790163468.228646364,localhost,C6,1812021060,266704797087910,40,1827
1790163468.228646364,localhost,POLL,3492220,127451650,40,1827
1790163468.229606609,localhost,C1,82810603,33377760949,40,1806
1790163468.229606609,localhost,C1E,1234114344,277453231217,40,1806
1790163468.229606609,localhost,C6,1812021111,266704797232017,40,1806
1790163468.229606609,localhost,POLL,3492220,127451650,40,1806
1790163468.971701981,localhost,C1,82810919,33377784158,40,1867
1790163468.971701981,localhost,C1E,1234124935,277455662534,40,1867
1790163468.971701981,localhost,C6,1812033366,266704816507738,40,1867
1790163468.971701981,localhost,POLL,3492241,127452202,40,1867
1790163469.126340059,localhost,C1,82810986,33377792666,40,1943
1790163469.126340059,localhost,C1E,1234127143,277456158931,40,1943
1790163469.126340059,localhost,C6,1812036154,266704824002892,40,1943
1790163469.126340059,localhost,POLL,3492244,127452242,40,1943
1790163469.285789248,localhost,C1,82811077,33377803957,40,2034
1790163469.285789248,localhost,C1E,1234129608,277456752447,40,2034
1790163469.285789248,localhost,C6,1812038729,266704830531633,40,2034
1790163469.285789248,localhost,POLL,3492248,127452313,40,2034
1790163469.285558478,localhost,C1,82811077,33377803986,40,2025
1790163469.285558478,localhost,C1E,1234129626,277456754975,40,2025
1790163469.285558478,localhost,C6,1812038766,266704830541332,40,2025
1790163469.285558478,localhost,POLL,3492248,127452313,40,2025
1790163470.031862602,localhost,C1,82811326,33377821432,40,1764
1790163470.031862602,localhost,C1E,1234139202,277459036830,40,1764
1790163470.031862602,localhost,C6,1812051942,266704859626880,40,1764
1790163470.031862602,localhost,POLL,3492262,127452644,40,1764
1790163470.186330222,localhost,C1,82811405,33377831576,40,1740
1790163470.186330222,localhost,C1E,1234141428,277459562704,40,1740
1790163470.186330222,localhost,C6,1812054949,266704868137100,40,1740
1790163470.186330222,localhost,POLL,3492264,127452668,40,1740
1790163470.346410857,localhost,C1,82811485,33377839376,40,1850
1790163470.346410857,localhost,C1E,1234143709,277460086954,40,1850
1790163470.346410857,localhost,C6,1812057615,266704872200396,40,1850
1790163470.346410857,localhost,POLL,3492268,127452774,40,1850
1790163470.346229981,localhost,C1,82811485,33377839394,40,1893
1790163470.346229981,localhost,C1E,1234143737,277460094252,40,1893
1790163470.346229981,localhost,C6,1812057636,266704872475248,40,1893
1790163470.346229981,localhost,POLL,3492268,127452774,40,1893
1790163471.096016873,localhost,C1,82811781,33377864459,40,1547
1790163471.096016873,localhost,C1E,1234153959,277462491187,40,1547
1790163471.096016873,localhost,C6,1812071011,266704897370871,40,1547
1790163471.096016873,localhost,POLL,3492287,127453265,40,1547
1790163471.250849253,localhost,C1,82811836,33377868366,40,1756
1790163471.250849253,localhost,C1E,1234155884,277462968373,40,1756
1790163471.250849253,localhost,C6,1812074263,266704903138025,40,1756
1790163471.250849253,localhost,POLL,3492289,127453286,40,1756
1790163471.403897628,localhost,C1,82811857,33377869110,40,1676
1790163471.403897628,localhost,C1E,1234156995,277463220532,40,1676
1790163471.403897628,localhost,C6,1812075829,266704908054800,40,1676
1790163471.403897628,localhost,POLL,3492290,127453308,40,1676
1790163471.408435541,localhost,C1,82811858,33377869110,40,1785
1790163471.408435541,localhost,C1E,1234157027,277463227286,40,1785
1790163471.408435541,localhost,C6,1812075871,266704908144544,40,1785
1790163471.408435541,localhost,POLL,3492290,127453308,40,1785
1790163472.159880810,localhost,C1,82811946,33377887513,40,1545
1790163472.159880810,localhost,C1E,1234161332,277464147948,40,1545
1790163472.159880810,localhost,C6,1812079109,266704929241236,40,1545
1790163472.159880810,localhost,POLL,3492296,127453508,40,1545
1790163472.311889790,localhost,C1,82811977,33377887975,40,1610
1790163472.311889790,localhost,C1E,1234162211,277464339472,40,1610
1790163472.311889790,localhost,C6,1812080138,266704936010623,40,1610
1790163472.311889790,localhost,POLL,3492296,127453508,40,1610
1790163472.468193575,localhost,C1,82812016,33377888693,40,1647
1790163472.468193575,localhost,C1E,1234163104,277464535564,40,1647
1790163472.468193575,localhost,C6,1812081152,266704941054176,40,1647
1790163472.468193575,localhost,POLL,3492300,127453649,40,1647
1790163472.474243977,localhost,C1,82812018,33377888714,40,1740
1790163472.474243977,localhost,C1E,1234163159,277464549809,40,1740
1790163472.474243977,localhost,C6,1812081247,266704941888585,40,1740
1790163472.474243977,localhost,POLL,3492300,127453649,40,1740
1790163473.222484923,localhost,C1,82812108,33377905996,40,1554
1790163473.222484923,localhost,C1E,1234167427,277465451286,40,1554
1790163473.222484923,localhost,C6,1812084532,266704963673265,40,1554
1790163473.222484923,localhost,POLL,3492313,127454066,40,1554
1790163473.375303308,localhost,C1,82812133,33377906353,40,1663
1790163473.375303308,localhost,C1E,1234168322,277465642594,40,1663
1790163473.375303308,localhost,C6,1812085508,266704967784094,40,1663
1790163473.375303308,localhost,POLL,3492314,127454101,40,1663
1790163473.529248948,localhost,C1,82812168,33377909023,40,1819
1790163473.529248948,localhost,C1E,1234169707,277465976006,40,1819
1790163473.529248948,localhost,C6,1812088229,266704978704690,40,1819
1790163473.529248948,localhost,POLL,3492317,127454187,40,1819
1790163473.541000641,localhost,C1,82812171,33377909241,40,1909
1790163473.541000641,localhost,C1E,1234169863,277466009221,40,1909
1790163473.541000641,localhost,C6,1812088427,266704979466320,40,1909
1790163473.541000641,localhost,POLL,3492317,127454187,40,1909
1790163474.288702592,localhost,C1,82812385,33377945420,40,1644
1790163474.288702592,localhost,C1E,1234177067,277467583778,40,1644
1790163474.288702592,localhost,C6,1812101554,266705015914560,40,1644
1790163474.288702592,localhost,POLL,3492329,127454578,40,1644
1790163474.439538918,localhost,C1,82812443,33377956596,40,1659
1790163474.439538918,localhost,C1E,1234178717,277467983212,40,1659
1790163474.439538918,localhost,C6,1812104316,266705020003250,40,1659
1790163474.439538918,localhost,POLL,3492332,127454676,40,1659
1790163474.594769062,localhost,C1,82812498,33377963450,40,1707
1790163474.594769062,localhost,C1E,1234180371,277468370454,40,1707
1790163474.594769062,localhost,C6,1812107441,266705027413908,40,1707
1790163474.594769062,localhost,POLL,3492336,127454836,40,1707
1790163474.602997507,localhost,C1,82812510,33377964718,40,1813
1790163474.602997507,localhost,C1E,1234180507,277468407521,40,1813
1790163474.602997507,localhost,C6,1812107593,266705031515121,40,1813
1790163474.602997507,localhost,POLL,3492336,127454836,40,1813
1790163475.346742463,localhost,C1,82812765,33377981608,40,1683
1790163475.346742463,localhost,C1E,1234189794,277470647951,40,1683
1790163475.346742463,localhost,C6,1812120494,266705051129962,40,1683
1790163475.346742463,localhost,POLL,3492362,127455558,40,1683
1790163475.496842854,localhost,C1,82812811,33377984801,40,1573
1790163475.496842854,localhost,C1E,1234191845,277471121569,40,1573
1790163475.496842854,localhost,C6,1812122946,266705055790722,40,1573
1790163475.496842854,localhost,POLL,3492364,127455601,40,1573
1790163475.655882414,localhost,C1,82812847,33377990804,40,1802
1790163475.655882414,localhost,C1E,1234193873,277471633550,40,1802
1790163475.655882414,localhost,C6,1812125672,266705062335079,40,1802
1790163475.655882414,localhost,POLL,3492365,127455628,40,1802
1790163475.662019135,localhost,C1,82812847,33377990837,40,1682
1790163475.662019135,localhost,C1E,1234193963,277471658516,40,1682
1790163475.662019135,localhost,C6,1812125755,266705062413401,40,1682
1790163475.662019135,localhost,POLL,3492365,127455628,40,1682
1790163476.407173077,localhost,C1,82813036,33378006421,40,1759
1790163476.407173077,localhost,C1E,1234200528,277473176928,40,1759
1790163476.407173077,localhost,C6,1812138831,266705093810162,40,1759
1790163476.407173077,localhost,POLL,3492374,127455925,40,1759
1790163476.555954147,localhost,C1,82813066,33378007370,40,1664
1790163476.555954147,localhost,C1E,1234202154,277473584016,40,1664
1790163476.555954147,localhost,C6,1812141507,266705097798670,40,1664
1790163476.555954147,localhost,POLL,3492376,127455984,40,1664
1790163476.719790984,localhost,C1,82813100,33378008378,40,1756
1790163476.719790984,localhost,C1E,1234203788,277473973854,40,1756
1790163476.719790984,localhost,C6,1812144661,266705103421318,40,1756
1790163476.719790984,localhost,POLL,3492377,127456048,40,1756
1790163476.725229878,localhost,C1,82813101,33378008800,40,1718
1790163476.725229878,localhost,C1E,1234203862,277474007593,40,1718
1790163476.725229878,localhost,C6,1812144826,266705103523664,40,1718
1790163476.725229878,localhost,POLL,3492377,127456048,40,1718
1790163477.469847377,localhost,C1,82813282,33378035064,40,1814
1790163477.469847377,localhost,C1E,1234212013,277475757945,40,1814
1790163477.469847377,localhost,C6,1812156850,266705125181020,40,1814
1790163477.469847377,localhost,POLL,3492390,127456389,40,1814
1790163477.618306428,localhost,C1,82813317,33378039372,40,1787
1790163477.618306428,localhost,C1E,1234213398,277476064376,40,1787
1790163477.618306428,localhost,C6,1812159619,266705131043492,40,1787
1790163477.618306428,localhost,POLL,3492393,127456457,40,1787
1790163477.785272448,localhost,C1,82813348,33378042927,40,1921
1790163477.785272448,localhost,C1E,1234214800,277476403519,40,1921
1790163477.785272448,localhost,C6,1812162977,266705140292252,40,1921
1790163477.785272448,localhost,POLL,3492397,127456642,40,1921
1790163477.792529467,localhost,C1,82813348,33378042927,40,1924
1790163477.792529467,localhost,C1E,1234214814,277476406626,40,1924
1790163477.792529467,localhost,C6,1812163036,266705140327193,40,1924
1790163477.792529467,localhost,POLL,3492397,127456642,40,1924
1790163478.532461895,localhost,C1,82813477,33378050013,40,1907
1790163478.532461895,localhost,C1E,1234222419,277478125344,40,1907
1790163478.532461895,localhost,C6,1812176394,266705165811994,40,1907
1790163478.532461895,localhost,POLL,3492417,127457194,40,1907
1790163478.681345662,localhost,C1,82813515,33378053218,40,1714
1790163478.681345662,localhost,C1E,1234224170,277478552990,40,1714
1790163478.681345662,localhost,C6,1812179582,266705175976805,40,1714
1790163478.681345662,localhost,POLL,3492423,127457334,40,1714
1790163478.852092114,localhost,C1,82813563,33378054802,40,1723
1790163478.852092114,localhost,C1E,1234226095,277479006719,40,1723
1790163478.852092114,localhost,C6,1812182314,266705180609485,40,1723
1790163478.852092114,localhost,POLL,3492425,127457373,40,1723
1790163478.854387960,localhost,C1,82813563,33378054813,40,1768
1790163478.854387960,localhost,C1E,1234226119,277479013803,40,1768
1790163478.854387960,localhost,C6,1812182364,266705180662277,40,1768
1790163478.854387960,localhost,POLL,3492425,127457373,40,1768
1790163479.594908904,localhost,C1,82813740,33378065832,40,1782
1790163479.594908904,localhost,C1E,1234232999,277480601872,40,1782
1790163479.594908904,localhost,C6,1812194637,266705202723289,40,1782
1790163479.594908904,localhost,POLL,3492441,127457768,40,1782
1790163479.745668325,localhost,C1,82813776,33378071595,40,1587
1790163479.745668325,localhost,C1E,1234234726,277480943709,40,1587
1790163479.745668325,localhost,C6,1812197158,266705207424486,40,1587
1790163479.745668325,localhost,POLL,3492444,127457874,40,1587
1790163479.913905201,localhost,C1,82813820,33378077148,40,1791
1790163479.913905201,localhost,C1E,1234236073,277481299625,40,1791
1790163479.913905201,localhost,C6,1812200437,266705215460166,40,1791
1790163479.913905201,localhost,POLL,3492445,127457903,40,1791
1790163479.918586878,localhost,C1,82813822,33378077161,40,1798
1790163479.918586878,localhost,C1E,1234236148,277481311213,40,1798
1790163479.918586878,localhost,C6,1812200541,266705216064781,40,1798
1790163479.918586878,localhost,POLL,3492445,127457903,40,1798
1790163480.657652845,localhost,C1,82813970,33378085445,40,1724
1790163480.657652845,localhost,C1E,1234242328,277482732141,40,1724
1790163480.657652845,localhost,C6,1812214082,266705239292822,40,1724
1790163480.657652845,localhost,POLL,3492455,127458231,40,1724
1790163480.805075415,localhost,C1,82814000,33378086661,40,1720
1790163480.805075415,localhost,C1E,1234243506,277483039820,40,1720
1790163480.805075415,localhost,C6,1812216938,266705245339098,40,1720
1790163480.805075415,localhost,POLL,3492456,127458260,40,1720
1790163480.980007727,localhost,C1,82814050,33378089565,40,1763
1790163480.980007727,localhost,C1E,1234245139,277483419255,40,1763
1790163480.980007727,localhost,C6,1812220425,266705256455426,40,1763
1790163480.980007727,localhost,POLL,3492460,127458374,40,1763
1790163480.984834281,localhost,C1,82814052,33378089565,40,1750
1790163480.984834281,localhost,C1E,1234245176,277483423270,40,1750
1790163480.984834281,localhost,C6,1812220498,266705256623834,40,1750
1790163480.984834281,localhost,POLL,3492460,127458374,40,1750
1790163481.720624376,localhost,C1,82814220,33378101656,40,1613
1790163481.720624376,localhost,C1E,1234252304,277485118301,40,1613
1790163481.720624376,localhost,C6,1812233274,266705282203318,40,1613
1790163481.720624376,localhost,POLL,3492472,127458806,40,1613
1790163481.864908462,localhost,C1,82814250,33378102281,40,1607
1790163481.864908462,localhost,C1E,1234253406,277485398878,40,1607
1790163481.864908462,localhost,C6,1812236175,266705286981231,40,1607
1790163481.864908462,localhost,POLL,3492474,127458841,40,1607
1790163482.042525007,localhost,C1,82814334,33378111981,40,1747
1790163482.042525007,localhost,C1E,1234255773,277485929532,40,1747
1790163482.042525007,localhost,C6,1812239302,266705294185921,40,1747
1790163482.042525007,localhost,POLL,3492477,127458958,40,1747
1790163482.045682063,localhost,C1,82814332,33378111981,40,1750
1790163482.045682063,localhost,C1E,1234255742,277485928480,40,1750
1790163482.045682063,localhost,C6,1812239278,266705294182566,40,1750
1790163482.045682063,localhost,POLL,3492476,127458958,40,1750
1790163482.782291745,localhost,C1,82814528,33378123808,40,1516
1790163482.782291745,localhost,C1E,1234263171,277487671596,40,1516
1790163482.782291745,localhost,C6,1812252647,266705321009008,40,1516
1790163482.782291745,localhost,POLL,3492492,127459328,40,1516
1790163482.927038835,localhost,C1,82814562,33378124670,40,1487
1790163482.927038835,localhost,C1E,1234264708,277488037472,40,1487
1790163482.927038835,localhost,C6,1812255565,266705324976341,40,1487
1790163482.927038835,localhost,POLL,3492494,127459391,40,1487
1790163483.111786593,localhost,C1,82814602,33378125829,40,1884
1790163483.111786593,localhost,C1E,1234266777,277488564817,40,1884
1790163483.111786593,localhost,C6,1812259417,266705333584216,40,1884
1790163483.111786593,localhost,POLL,3492502,127459658,40,1884
1790163483.113494903,localhost,C1,82814602,33378125829,40,1837
1790163483.113494903,localhost,C1E,1234266780,277488566733,40,1837
1790163483.113494903,localhost,C6,1812259421,266705333600624,40,1837
1790163483.113494903,localhost,POLL,3492502,127459658,40,1837
1790163483.844798131,localhost,C1,82814813,33378131424,40,1532
1790163483.844798131,localhost,C1E,1234273419,277490127184,40,1532
1790163483.844798131,localhost,C6,1812267690,266705352761948,40,1532
1790163483.844798131,localhost,POLL,3492521,127460241,40,1532
1790163483.987536619,localhost,C1,82814846,33378131967,40,1622
1790163483.987536619,localhost,C1E,1234274295,277490317357,40,1622
1790163483.987536619,localhost,C6,1812268622,266705359472526,40,1622
1790163483.987536619,localhost,POLL,3492529,127460467,40,1622
1790163484.174719547,localhost,C1,82814886,33378132605,40,1776
1790163484.174719547,localhost,C1E,1234275433,277490566437,40,1776
1790163484.174719547,localhost,C6,1812269887,266705365954097,40,1776
1790163484.174719547,localhost,POLL,3492529,127460467,40,1776
1790163484.176381699,localhost,C1,82814888,33378132687,40,1817
1790163484.176381699,localhost,C1E,1234275471,277490577254,40,1817
1790163484.176381699,localhost,C6,1812269935,266705366025359,40,1817
1790163484.176381699,localhost,POLL,3492529,127460467,40,1817
1790163484.911834120,localhost,C1,82814962,33378134811,40,1517
1790163484.911834120,localhost,C1E,1234279761,277491471596,40,1517
1790163484.911834120,localhost,C6,1812272984,266705382768883,40,1517
1790163484.911834120,localhost,POLL,3492534,127460625,40,1517
1790163485.049167474,localhost,C1,82815001,33378135924,40,1509
1790163485.049167474,localhost,C1E,1234280556,277491640657,40,1509
1790163485.049167474,localhost,C6,1812273915,266705386708206,40,1509
1790163485.049167474,localhost,POLL,3492536,127460697,40,1509
1790163485.238693304,localhost,C1,82815050,33378136871,40,1510
1790163485.238693304,localhost,C1E,1234281769,277491906278,40,1510
1790163485.238693304,localhost,C6,1812275054,266705396351628,40,1510
1790163485.238693304,localhost,POLL,3492538,127460756,40,1510
1790163485.248972059,localhost,C1,82815052,33378136871,40,1734
1790163485.248972059,localhost,C1E,1234281838,277491924517,40,1734
1790163485.248972059,localhost,C6,1812275114,266705396625479,40,1734
1790163485.248972059,localhost,POLL,3492538,127460756,40,1734
1790163485.974544963,localhost,C1,82815132,33378139929,40,1643
1790163485.974544963,localhost,C1E,1234286042,277492894854,40,1643
1790163485.974544963,localhost,C6,1812282837,266705432461949,40,1643
1790163485.974544963,localhost,POLL,3492545,127460970,40,1643
1790163486.111256038,localhost,C1,82815160,33378140349,40,1646
1790163486.111256038,localhost,C1E,1234286853,277493113203,40,1646
1790163486.111256038,localhost,C6,1812285108,266705436432204,40,1646
1790163486.111256038,localhost,POLL,3492547,127461048,40,1646
1790163486.305617593,localhost,C1,82815185,33378141636,40,1724
1790163486.305617593,localhost,C1E,1234288084,277493439891,40,1724
1790163486.305617593,localhost,C6,1812288272,266705449988701,40,1724
1790163486.305617593,localhost,POLL,3492548,127461083,40,1724
1790163486.315032567,localhost,C1,82815186,33378141651,40,1715
1790163486.315032567,localhost,C1E,1234288128,277493453794,40,1715
1790163486.315032567,localhost,C6,1812288395,266705450091848,40,1715
1790163486.315032567,localhost,POLL,3492548,127461083,40,1715
1790163487.037672017,localhost,C1,82815301,33378144766,40,1458
1790163487.037672017,localhost,C1E,1234292721,277494633286,40,1458
1790163487.037672017,localhost,C6,1812299000,266705475818388,40,1458
1790163487.037672017,localhost,POLL,3492567,127461569,40,1458
1790163487.172539434,localhost,C1,82815329,33378145514,40,1584
1790163487.172539434,localhost,C1E,1234293751,277494911927,40,1584
1790163487.172539434,localhost,C6,1812301286,266705480540602,40,1584
1790163487.172539434,localhost,POLL,3492568,127461600,40,1584
1790163487.370541776,localhost,C1,82815356,33378146001,40,1718
1790163487.370541776,localhost,C1E,1234295463,277495342044,40,1718
1790163487.370541776,localhost,C6,1812304356,266705486912725,40,1718
1790163487.370541776,localhost,POLL,3492577,127461856,40,1718
1790163487.375111943,localhost,C1,82815355,33378146001,40,1712
1790163487.375111943,localhost,C1E,1234295464,277495342044,40,1712
1790163487.375111943,localhost,C6,1812304356,266705486914016,40,1712
1790163487.375111943,localhost,POLL,3492577,127461856,40,1712
1790163488.097570273,localhost,C1,82815446,33378160424,40,1647
1790163488.097570273,localhost,C1E,1234300030,277496523432,40,1647
1790163488.097570273,localhost,C6,1812314829,266705506915279,40,1647
1790163488.097570273,localhost,POLL,3492582,127462007,40,1647
1790163488.229082900,localhost,C1,82815462,33378160708,40,1660
1790163488.229082900,localhost,C1E,1234300947,277496768277,40,1660
1790163488.229082900,localhost,C6,1812316927,266705514028203,40,1660
1790163488.229082900,localhost,POLL,3492583,127462072,40,1660
1790163488.436292520,localhost,C1,82815486,33378161617,40,1792
1790163488.436292520,localhost,C1E,1234302286,277497143769,40,1792
1790163488.436292520,localhost,C6,1812320010,266705518133631,40,1792
1790163488.436292520,localhost,POLL,3492588,127462236,40,1792
1790163488.434913348,localhost,C1,82815487,33378161617,40,1639
1790163488.434913348,localhost,C1E,1234302329,277497152279,40,1639
1790163488.434913348,localhost,C6,1812320058,266705518204834,40,1639
1790163488.434913348,localhost,POLL,3492588,127462236,40,1639
1790163489.155657914,localhost,C1,82815613,33378173954,40,1574
1790163489.155657914,localhost,C1E,1234307045,277498338710,40,1574
1790163489.155657914,localhost,C6,1812330815,266705547727085,40,1574
1790163489.155657914,localhost,POLL,3492597,127462530,40,1574
1790163489.291881239,localhost,C1,82815629,33378174693,40,1659
1790163489.291881239,localhost,C1E,1234307769,277498539669,40,1659
1790163489.291881239,localhost,C6,1812333032,266705551936502,40,1659
1790163489.291881239,localhost,POLL,3492597,127462530,40,1659
1790163489.496747031,localhost,C1,82815666,33378176333,40,1838
1790163489.496747031,localhost,C1E,1234309109,277498881250,40,1838
1790163489.496747031,localhost,C6,1812336551,266705559779083,40,1838
1790163489.496747031,localhost,POLL,3492599,127462598,40,1838
1790163489.502086068,localhost,C1,82815667,33378176372,40,1834
1790163489.502086068,localhost,C1E,1234309165,277498898322,40,1834
1790163489.502086068,localhost,C6,1812336687,266705559928368,40,1834
1790163489.502086068,localhost,POLL,3492599,127462598,40,1834
1790163490.217798134,localhost,C1,82815765,33378178834,40,1558
1790163490.217798134,localhost,C1E,1234313448,277499946151,40,1558
1790163490.217798134,localhost,C6,1812347149,266705593232750,40,1558
1790163490.217798134,localhost,POLL,3492605,127462810,40,1558
1790163490.352873719,localhost,C1,82815790,33378179346,40,1635
1790163490.352873719,localhost,C1E,1234314351,277500179861,40,1635
1790163490.352873719,localhost,C6,1812349188,266705598004721,40,1635
1790163490.352873719,localhost,POLL,3492605,127462810,40,1635
1790163490.559219729,localhost,C1,82815822,33378182814,40,1795
1790163490.559219729,localhost,C1E,1234315601,277500514770,40,1795
1790163490.559219729,localhost,C6,1812352532,266705607724070,40,1795
1790163490.559219729,localhost,POLL,3492606,127462846,40,1795
1790163490.565064528,localhost,C1,82815822,33378182826,40,1738
1790163490.565064528,localhost,C1E,1234315658,277500523042,40,1738
1790163490.565064528,localhost,C6,1812352633,266705607932007,40,1738
1790163490.565064528,localhost,POLL,3492606,127462846,40,1738
1790163491.280048568,localhost,C1,82815936,33378185555,40,1567
1790163491.280048568,localhost,C1E,1234320018,277501602702,40,1567
1790163491.280048568,localhost,C6,1812363908,266705631824713,40,1567
1790163491.280048568,localhost,POLL,3492612,127463055,40,1567
1790163491.416726396,localhost,C1,82815950,33378185782,40,1597
1790163491.416726396,localhost,C1E,1234320917,277501821528,40,1597
1790163491.416726396,localhost,C6,1812366216,266705635479831,40,1597
1790163491.416726396,localhost,POLL,3492613,127463108,40,1597
1790163491.624769676,localhost,C1,82815967,33378186232,40,1763
1790163491.624769676,localhost,C1E,1234322284,277502178198,40,1763
1790163491.624769676,localhost,C6,1812369493,266705645182277,40,1763
1790163491.624769676,localhost,POLL,3492615,127463170,40,1763
1790163491.626174005,localhost,C1,82815969,33378186232,40,1697
1790163491.626174005,localhost,C1E,1234322304,277502183197,40,1697
1790163491.626174005,localhost,C6,1812369560,266705645228792,40,1697
1790163491.626174005,localhost,POLL,3492615,127463170,40,1697
1790163492.345202601,localhost,C1,82816062,33378192516,40,1513
1790163492.345202601,localhost,C1E,1234326564,277503245527,40,1513
1790163492.345202601,localhost,C6,1812380210,266705670298191,40,1513
1790163492.345202601,localhost,POLL,3492625,127463512,40,1513
1790163492.480150622,localhost,C1,82816082,33378192837,40,1429
1790163492.480150622,localhost,C1E,1234327369,277503457686,40,1429
1790163492.480150622,localhost,C6,1812382420,266705676573768,40,1429
1790163492.480150622,localhost,POLL,3492627,127463590,40,1429
1790163492.685690663,localhost,C1,82816110,33378193412,40,1631
1790163492.685690663,localhost,C1E,1234328718,277503804451,40,1631
1790163492.685690663,localhost,C6,1812385615,266705686284782,40,1631
1790163492.685690663,localhost,POLL,3492627,127463590,40,1631
1790163492.690969992,localhost,C1,82816111,33378193412,40,1777
1790163492.690969992,localhost,C1E,1234328763,277503812495,40,1777
1790163492.690969992,localhost,C6,1812385713,266705686397414,40,1777
1790163492.690969992,localhost,POLL,3492627,127463590,40,1777
1790163493.406813327,localhost,C1,82816197,33378195247,40,1535
1790163493.406813327,localhost,C1E,1234333025,277504840458,40,1535
1790163493.406813327,localhost,C6,1812396698,266705709595497,40,1535
1790163493.406813327,localhost,POLL,3492639,127464001,40,1535
1790163493.542818172,localhost,C1,82816207,33378195505,40,1750
1790163493.542818172,localhost,C1E,1234333783,277505037787,40,1750
1790163493.542818172,localhost,C6,1812399181,266705715056127,40,1750
1790163493.542818172,localhost,POLL,3492640,127464075,40,1750
1790163493.747474928,localhost,C1,82816235,33378196063,40,1760
1790163493.747474928,localhost,C1E,1234335076,277505369425,40,1760
1790163493.747474928,localhost,C6,1812402490,266705723367875,40,1760
1790163493.747474928,localhost,POLL,3492643,127464146,40,1760
1790163493.757161482,localhost,C1,82816236,33378196099,40,1739
1790163493.757161482,localhost,C1E,1234335134,277505389160,40,1739
1790163493.757161482,localhost,C6,1812402634,266705723500266,40,1739
1790163493.757161482,localhost,POLL,3492643,127464146,40,1739
1790163494.469450666,localhost,C1,82816318,33378198068,40,1684
1790163494.469450666,localhost,C1E,1234339606,277506490854,40,1684
1790163494.469450666,localhost,C6,1812413305,266705745648807,40,1684
1790163494.469450666,localhost,POLL,3492651,127464399,40,1684
1790163494.601978805,localhost,C1,82816343,33378198666,40,1515
1790163494.601978805,localhost,C1E,1234340534,277506733154,40,1515
1790163494.601978805,localhost,C6,1812415488,266705759455537,40,1515
1790163494.601978805,localhost,POLL,3492654,127464518,40,1515
1790163494.812926426,localhost,C1,82816371,33378199150,40,1634
1790163494.812926426,localhost,C1E,1234341791,277507053171,40,1634
1790163494.812926426,localhost,C6,1812419155,266705765432706,40,1634
1790163494.812926426,localhost,POLL,3492660,127464736,40,1634
1790163494.820951304,localhost,C1,82816371,33378199173,40,1686
1790163494.820951304,localhost,C1E,1234341863,277507064073,40,1686
1790163494.820951304,localhost,C6,1812419308,266705765579175,40,1686
1790163494.820951304,localhost,POLL,3492661,127464736,40,1686
1790163495.531032765,localhost,C1,82816477,33378214736,40,1759
1790163495.531032765,localhost,C1E,1234345966,277508067419,40,1759
1790163495.531032765,localhost,C6,1812429650,266705787521785,40,1759
1790163495.531032765,localhost,POLL,3492670,127465013,40,1759
1790163495.666263399,localhost,C1,82816503,33378215242,40,1638
1790163495.666263399,localhost,C1E,1234346857,277508308339,40,1638
1790163495.666263399,localhost,C6,1812431773,266705795285795,40,1638
1790163495.666263399,localhost,POLL,3492670,127465013,40,1638
1790163495.879597362,localhost,C1,82816545,33378222448,40,1781
1790163495.879597362,localhost,C1E,1234348200,277508657400,40,1781
1790163495.879597362,localhost,C6,1812435083,266705803325901,40,1781
1790163495.879597362,localhost,POLL,3492672,127465099,40,1781
1790163495.886490195,localhost,C1,82816546,33378222448,40,1846
1790163495.886490195,localhost,C1E,1234348228,277508669531,40,1846
1790163495.886490195,localhost,C6,1812435207,266705803687383,40,1846
1790163495.886490195,localhost,POLL,3492672,127465099,40,1846
1790163496.593380543,localhost,C1,82816608,33378224077,40,1598
1790163496.593380543,localhost,C1E,1234352476,277509722876,40,1598
1790163496.593380543,localhost,C6,1812445606,266705826236861,40,1598
1790163496.593380543,localhost,POLL,3492682,127465404,40,1598
1790163496.725937956,localhost,C1,82816629,33378225930,40,1657
1790163496.725937956,localhost,C1E,1234353288,277509936252,40,1657
1790163496.725937956,localhost,C6,1812447743,266705830859526,40,1657
1790163496.725937956,localhost,POLL,3492684,127465499,40,1657
1790163496.942259075,localhost,C1,82816654,33378227868,40,1498
1790163496.942259075,localhost,C1E,1234354717,277510297300,40,1498
1790163496.942259075,localhost,C6,1812451231,266705840361640,40,1498
1790163496.942259075,localhost,POLL,3492686,127465582,40,1498
1790163496.952078175,localhost,C1,82816654,33378227908,40,1539
1790163496.952078175,localhost,C1E,1234354803,277510336901,40,1539
1790163496.952078175,localhost,C6,1812451429,266705841602590,40,1539
1790163496.952078175,localhost,POLL,3492686,127465582,40,1539
1790163497.656842239,localhost,C1,82816737,33378231036,40,1716
1790163497.656842239,localhost,C1E,1234359125,277511376506,40,1716
1790163497.656842239,localhost,C6,1812462559,266705871019329,40,1716
1790163497.656842239,localhost,POLL,3492694,127465855,40,1716
1790163497.787656705,localhost,C1,82816757,33378231401,40,1604
1790163497.787656705,localhost,C1E,1234360012,277511591909,40,1604
1790163497.787656705,localhost,C6,1812464975,266705874230039,40,1604
1790163497.787656705,localhost,POLL,3492695,127465889,40,1604
1790163498.010006401,localhost,C1,82816798,33378232091,40,1619
1790163498.010006401,localhost,C1E,1234361633,277511987883,40,1619
1790163498.010006401,localhost,C6,1812468824,266705880611502,40,1619
1790163498.010006401,localhost,POLL,3492698,127465991,40,1619
1790163498.021365373,localhost,C1,82816798,33378232151,40,1584
1790163498.021365373,localhost,C1E,1234361726,277512020821,40,1584
1790163498.021365373,localhost,C6,1812469058,266705880894346,40,1584
1790163498.021365373,localhost,POLL,3492698,127465991,40,1584
1790163498.719829947,localhost,C1,82816908,33378235101,40,1463
1790163498.719829947,localhost,C1E,1234366837,277513236044,40,1463
1790163498.719829947,localhost,C6,1812480919,266705908247078,40,1463
1790163498.719829947,localhost,POLL,3492711,127466440,40,1463
1790163498.850441654,localhost,C1,82816925,33378236002,40,1542
1790163498.850441654,localhost,C1E,1234367787,277513474191,40,1542
1790163498.850441654,localhost,C6,1812483345,266705911967244,40,1542
1790163498.850441654,localhost,POLL,3492711,127466440,40,1542
1790163499.070561387,localhost,C1,82816965,33378236972,40,1548
1790163499.070561387,localhost,C1E,1234369505,277513886217,40,1548
1790163499.070561387,localhost,C6,1812487228,266705918974258,40,1548
1790163499.070561387,localhost,POLL,3492719,127466764,40,1548
1790163499.084630971,localhost,C1,82816971,33378237023,40,1684
1790163499.084630971,localhost,C1E,1234369596,277513911323,40,1684
1790163499.084630971,localhost,C6,1812487445,266705919170436,40,1684
1790163499.084630971,localhost,POLL,3492719,127466764,40,1684
1790163499.787755389,localhost,C1,82817064,33378239237,40,1449
1790163499.787755389,localhost,C1E,1234374428,277515086537,40,1449
1790163499.787755389,localhost,C6,1812498930,266705943013506,40,1449
1790163499.787755389,localhost,POLL,3492723,127466894,40,1449
1790163499.912313916,localhost,C1,82817091,33378239768,40,1494
1790163499.912313916,localhost,C1E,1234375371,277515325945,40,1494
1790163499.912313916,localhost,C6,1812501008,266705946270177,40,1494
1790163499.912313916,localhost,POLL,3492724,127466928,40,1494
1790163500.136624756,localhost,C1,82817131,33378240616,40,1700
1790163500.136624756,localhost,C1E,1234377147,277515779475,40,1700
1790163500.136624756,localhost,C6,1812504538,266705954474918,40,1700
1790163500.136624756,localhost,POLL,3492729,127467027,40,1700
1790163500.145781754,localhost,C1,82817132,33378240633,40,1738
1790163500.145781754,localhost,C1E,1234377195,277515790520,40,1738
1790163500.145781754,localhost,C6,1812504618,266705954632912,40,1738
1790163500.145781754,localhost,POLL,3492729,127467066,40,1738
1790163500.851648572,localhost,C1,82817237,33378243070,40,1526
1790163500.851648572,localhost,C1E,1234382314,277516996355,40,1526
1790163500.851648572,localhost,C6,1812516623,266705982508916,40,1526
1790163500.851648572,localhost,POLL,3492740,127467442,40,1526
1790163500.971926270,localhost,C1,82817256,33378243934,40,1707
1790163500.971926270,localhost,C1E,1234383063,277517193693,40,1707
1790163500.971926270,localhost,C6,1812518758,266705987037705,40,1707
1790163500.971926270,localhost,POLL,3492743,127467526,40,1707
1790163501.204230825,localhost,C1,82817290,33378245327,40,1706
1790163501.204230825,localhost,C1E,1234384730,277517608054,40,1706
1790163501.204230825,localhost,C6,1812523138,266705994948721,40,1706
1790163501.204230825,localhost,POLL,3492749,127467763,40,1706
1790163501.208398305,localhost,C1,82817290,33378245327,40,1667
1790163501.208398305,localhost,C1E,1234384743,277517611596,40,1667
1790163501.208398305,localhost,C6,1812523158,266705995177495,40,1667
1790163501.208398305,localhost,POLL,3492749,127467763,40,1667
1790163501.915087583,localhost,C1,82817408,33378248005,40,1486
1790163501.915087583,localhost,C1E,1234389163,277518569440,40,1486
1790163501.915087583,localhost,C6,1812528401,266706011598897,40,1486
1790163501.915087583,localhost,POLL,3492751,127467824,40,1486
1790163502.034829881,localhost,C1,82817424,33378248625,40,1531
1790163502.034829881,localhost,C1E,1234389879,277518726836,40,1531
1790163502.034829881,localhost,C6,1812529260,266706018766226,40,1531
1790163502.034829881,localhost,POLL,3492753,127467880,40,1531
1790163502.269127764,localhost,C1,82817454,33378249320,40,1610
1790163502.269127764,localhost,C1E,1234391267,277519027993,40,1610
1790163502.269127764,localhost,C6,1812530740,266706029342311,40,1610
1790163502.269127764,localhost,POLL,3492759,127468086,40,1610
1790163502.266761988,localhost,C1,82817454,33378249320,40,1489
1790163502.266761988,localhost,C1E,1234391265,277519027993,40,1489
1790163502.266761988,localhost,C6,1812530737,266706029343891,40,1489
1790163502.266761988,localhost,POLL,3492759,127468086,40,1489
1790163502.981568592,localhost,C1,82817607,33378252900,40,1253
1790163502.981568592,localhost,C1E,1234395329,277519885190,40,1253
1790163502.981568592,localhost,C6,1812533885,266706061728581,40,1253
1790163502.981568592,localhost,POLL,3492766,127468334,40,1253
1790163503.096630528,localhost,C1,82817638,33378253436,40,1426
1790163503.096630528,localhost,C1E,1234395997,277520030828,40,1426
1790163503.096630528,localhost,C6,1812534783,266706065050241,40,1426
1790163503.096630528,localhost,POLL,3492768,127468406,40,1426
1790163503.338336257,localhost,C1,82817685,33378254707,40,1679
1790163503.338336257,localhost,C1E,1234397453,277520345770,40,1679
1790163503.338336257,localhost,C6,1812536194,266706071893239,40,1679
1790163503.338336257,localhost,POLL,3492769,127468441,40,1679
1790163503.336195540,localhost,C1,82817685,33378254707,40,1666
1790163503.336195540,localhost,C1E,1234397457,277520345770,40,1666
1790163503.336195540,localhost,C6,1812536203,266706071892020,40,1666
1790163503.336195540,localhost,POLL,3492769,127468441,40,1666
1790163504.047773681,localhost,C1,82817761,33378256113,40,1369
1790163504.047773681,localhost,C1E,1234401567,277521208769,40,1369
1790163504.047773681,localhost,C6,1812539211,266706094462878,40,1369
1790163504.047773681,localhost,POLL,3492775,127468628,40,1369
1790163504.159297204,localhost,C1,82817769,33378256324,40,1627
1790163504.159297204,localhost,C1E,1234402244,277521356987,40,1627
1790163504.159297204,localhost,C6,1812540195,266706099532196,40,1627
1790163504.159297204,localhost,POLL,3492775,127468628,40,1627
1790163504.409509262,localhost,C1,82817790,33378257866,40,1533
1790163504.409509262,localhost,C1E,1234403725,277521682198,40,1533
1790163504.409509262,localhost,C6,1812541651,266706111097777,40,1533
1790163504.409509262,localhost,POLL,3492776,127468671,40,1533
1790163504.411537739,localhost,C1,82817790,33378257866,40,1555
1790163504.411537739,localhost,C1E,1234403736,277521685156,40,1555
1790163504.411537739,localhost,C6,1812541675,266706111114092,40,1555
1790163504.411537739,localhost,POLL,3492776,127468671,40,1555
1790163505.110513360,localhost,C1,82819019,33378419675,40,1792
1790163505.110513360,localhost,C1E,1234413246,277523915048,40,1792
1790163505.110513360,localhost,C6,1812554265,266706142900943,40,1792
1790163505.110513360,localhost,POLL,3492793,127469109,40,1792
1790163505.221144795,localhost,C1,82819441,33378492789,40,1756
1790163505.221144795,localhost,C1E,1234415085,277524362769,40,1756
1790163505.221144795,localhost,C6,1812556524,266706148231974,40,1756
1790163505.221144795,localhost,POLL,3492793,127469109,40,1756
1790163505.474350311,localhost,C1,82820324,33378621052,40,1846
1790163505.474350311,localhost,C1E,1234419265,277525328806,40,1846
1790163505.474350311,localhost,C6,1812562054,266706156585910,40,1846
1790163505.474350311,localhost,POLL,3492804,127469408,40,1846
1790163505.479689552,localhost,C1,82820338,33378623157,40,1861
1790163505.479689552,localhost,C1E,1234419331,277525346002,40,1861
1790163505.479689552,localhost,C6,1812562125,266706156830301,40,1861
1790163505.479689552,localhost,POLL,3492804,127469408,40,1861
1790163506.173066875,localhost,C1,82821739,33378803995,40,1820
1790163506.173066875,localhost,C1E,1234430468,277528009313,40,1820
1790163506.173066875,localhost,C6,1812577242,266706181433646,40,1820
1790163506.173066875,localhost,POLL,3492825,127470041,40,1820
1790163506.282887745,localhost,C1,82822129,33378871833,40,1737
1790163506.282887745,localhost,C1E,1234432289,277528435716,40,1737
1790163506.282887745,localhost,C6,1812579789,266706185470832,40,1737
1790163506.282887745,localhost,POLL,3492828,127470125,40,1737
1790163506.536567134,localhost,C1,82822923,33378985500,40,1985
1790163506.536567134,localhost,C1E,1234436416,277529395162,40,1985
1790163506.536567134,localhost,C6,1812585199,266706192805666,40,1985
1790163506.536567134,localhost,POLL,3492835,127470351,40,1985
1790163506.540159774,localhost,C1,82822939,33378989471,40,2031
1790163506.540159774,localhost,C1E,1234436468,277529417494,40,2031
1790163506.540159774,localhost,C6,1812585280,266706193205541,40,2031
1790163506.540159774,localhost,POLL,3492836,127470351,40,2031
1790163507.233781100,localhost,C1,82824571,33379200801,40,1726
1790163507.233781100,localhost,C1E,1234447550,277532037663,40,1726
1790163507.233781100,localhost,C6,1812599860,266706214448666,40,1726
1790163507.233781100,localhost,POLL,3492851,127470745,40,1726
1790163507.344608055,localhost,C1,82824906,33379247414,40,1765
1790163507.344608055,localhost,C1E,1234449337,277532477114,40,1765
1790163507.344608055,localhost,C6,1812602269,266706217996792,40,1765
1790163507.344608055,localhost,POLL,3492854,127470799,40,1765
1790163507.595886385,localhost,C1,82825371,33379309713,40,1871
1790163507.595886385,localhost,C1E,1234452064,277533130473,40,1871
1790163507.595886385,localhost,C6,1812606358,266706227138104,40,1871
1790163507.595886385,localhost,POLL,3492859,127470931,40,1871
1790163507.600716605,localhost,C1,82825401,33379314883,40,1893
1790163507.600716605,localhost,C1E,1234452175,277533162074,40,1893
1790163507.600716605,localhost,C6,1812606521,266706227387779,40,1893
1790163507.600716605,localhost,POLL,3492859,127470931,40,1893
1790163508.295956114,localhost,C1,82826818,33379524771,40,1784
1790163508.295956114,localhost,C1E,1234463461,277535887423,40,1784
1790163508.295956114,localhost,C6,1812621110,266706253940553,40,1784
1790163508.295956114,localhost,POLL,3492878,127471474,40,1784
1790163508.409071602,localhost,C1,82827094,33379576698,40,1775
1790163508.409071602,localhost,C1E,1234465154,277536300589,40,1775
1790163508.409071602,localhost,C6,1812623482,266706256521925,40,1775
1790163508.409071602,localhost,POLL,3492880,127471504,40,1775
1790163508.655856750,localhost,C1,82827831,33379685578,40,1963
1790163508.655856750,localhost,C1E,1234469207,277537252994,40,1963
1790163508.655856750,localhost,C6,1812628746,266706263706751,40,1963
1790163508.655856750,localhost,POLL,3492889,127471792,40,1963
1790163508.664244947,localhost,C1,82827864,33379686088,40,1974
1790163508.664244947,localhost,C1E,1234469318,277537268557,40,1974
1790163508.664244947,localhost,C6,1812628864,266706263935200,40,1974
1790163508.664244947,localhost,POLL,3492889,127471792,40,1974
1790163509.361146196,localhost,C1,82829516,33379922483,40,1783
1790163509.361146196,localhost,C1E,1234480616,277539929370,40,1783
1790163509.361146196,localhost,C6,1812643264,266706284828820,40,1783
1790163509.361146196,localhost,POLL,3492911,127472354,40,1783
1790163509.468558173,localhost,C1,82829979,33380002024,40,1750
1790163509.468558173,localhost,C1E,1234482467,277540344173,40,1750
1790163509.468558173,localhost,C6,1812645571,266706290348613,40,1750
1790163509.468558173,localhost,POLL,3492914,127472419,40,1750
1790163509.720712242,localhost,C1,82830704,33380107859,40,1836
1790163509.720712242,localhost,C1E,1234486620,277541356039,40,1836
1790163509.720712242,localhost,C6,1812650608,266706298977497,40,1836
1790163509.720712242,localhost,POLL,3492920,127472588,40,1836
1790163509.725751474,localhost,C1,82830713,33380109550,40,1940
1790163509.725751474,localhost,C1E,1234486686,277541373983,40,1940
1790163509.725751474,localhost,C6,1812650729,266706299034657,40,1940
1790163509.725751474,localhost,POLL,3492920,127472588,40,1940
1790163510.427059069,localhost,C1,82831506,33380208673,40,1689
1790163510.427059069,localhost,C1E,1234493877,277543041939,40,1689
1790163510.427059069,localhost,C6,1812658538,266706319679337,40,1689
1790163510.427059069,localhost,POLL,3492936,127473057,40,1689
1790163510.528029203,localhost,C1,82831534,33380209564,40,1547
1790163510.528029203,localhost,C1E,1234494459,277543169724,40,1547
1790163510.528029203,localhost,C6,1812659306,266706326203134,40,1547
1790163510.528029203,localhost,POLL,3492937,127473097,40,1547
1790163510.783998192,localhost,C1,82831574,33380218539,40,1586
1790163510.783998192,localhost,C1E,1234495961,277543496052,40,1586
1790163510.783998192,localhost,C6,1812660825,266706337954529,40,1586
1790163510.783998192,localhost,POLL,3492941,127473184,40,1586
1790163510.788117632,localhost,C1,82831574,33380218539,40,1505
1790163510.788117632,localhost,C1E,1234495977,277543499646,40,1505
1790163510.788117632,localhost,C6,1812660855,266706338226863,40,1505
1790163510.788117632,localhost,POLL,3492941,127473184,40,1505
1790163511.490954998,localhost,C1,82831649,33380228532,40,1339
1790163511.490954998,localhost,C1E,1234500094,277544372248,40,1339
1790163511.490954998,localhost,C6,1812663754,266706354444811,40,1339
1790163511.490954998,localhost,POLL,3492947,127473382,40,1339
1790163511.589853601,localhost,C1,82831653,33380228616,40,1473
1790163511.589853601,localhost,C1E,1234500673,277544503192,40,1473
1790163511.589853601,localhost,C6,1812664459,266706357928212,40,1473
1790163511.589853601,localhost,POLL,3492947,127473382,40,1473
1790163511.851824163,localhost,C1,82831680,33380229550,40,1584
1790163511.851824163,localhost,C1E,1234502216,277544848607,40,1584
1790163511.851824163,localhost,C6,1812665972,266706369873559,40,1584
1790163511.851824163,localhost,POLL,3492948,127473411,40,1584
1790163511.853738624,localhost,C1,82831680,33380229550,40,1593
1790163511.853738624,localhost,C1E,1234502219,277544850505,40,1593
1790163511.853738624,localhost,C6,1812665980,266706369880412,40,1593
1790163511.853738624,localhost,POLL,3492948,127473411,40,1593
1790163512.555014215,localhost,C1,82832203,33380286921,40,1701
1790163512.555014215,localhost,C1E,1234507363,277545998726,40,1701
1790163512.555014215,localhost,C6,1812670731,266706403780312,40,1701
1790163512.555014215,localhost,POLL,3492954,127473568,40,1701
1790163512.653162501,localhost,C1,82832744,33380357424,40,1745
1790163512.653162501,localhost,C1E,1234508991,277546358247,40,1745
1790163512.653162501,localhost,C6,1812672684,266706409459083,40,1745
1790163512.653162501,localhost,POLL,3492959,127473714,40,1745
1790163512.922304509,localhost,C1,82833831,33380486331,40,1808
1790163512.922304509,localhost,C1E,1234513133,277547275683,40,1808
1790163512.922304509,localhost,C6,1812678054,266706418471746,40,1808
1790163512.922304509,localhost,POLL,3492965,127473852,40,1808
1790163512.921628730,localhost,C1,82833832,33380486662,40,1830
1790163512.921628730,localhost,C1E,1234513144,277547280758,40,1830
1790163512.921628730,localhost,C6,1812678067,266706418488560,40,1830
1790163512.921628730,localhost,POLL,3492965,127473852,40,1830
1790163513.615984549,localhost,C1,82835611,33380722647,40,1706
1790163513.615984549,localhost,C1E,1234523840,277549800445,40,1706
1790163513.615984549,localhost,C6,1812692127,266706440183573,40,1706
1790163513.615984549,localhost,POLL,3492983,127474338,40,1706
1790163513.713991448,localhost,C1,82836042,33380787776,40,1895
1790163513.713991448,localhost,C1E,1234525405,277550170049,40,1895
1790163513.713991448,localhost,C6,1812693998,266706442829448,40,1895
1790163513.713991448,localhost,POLL,3492986,127474451,40,1895
1790163513.988701479,localhost,C1,82837189,33380935475,40,1911
1790163513.988701479,localhost,C1E,1234529814,277551160417,40,1911
1790163513.988701479,localhost,C6,1812698814,266706452027105,40,1911
1790163513.988701479,localhost,POLL,3492990,127474530,40,1911
1790163513.989124398,localhost,C1,82837199,33380937194,40,1939
1790163513.989124398,localhost,C1E,1234529851,277551172518,40,1939
1790163513.989124398,localhost,C6,1812698860,266706452282620,40,1939
1790163513.989124398,localhost,POLL,3492990,127474530,40,1939
1790163514.680029022,localhost,C1,82839993,33381325996,40,1673
1790163514.680029022,localhost,C1E,1234541289,277553672959,40,1673
1790163514.680029022,localhost,C6,1812712132,266706479843680,40,1673
1790163514.680029022,localhost,POLL,3493003,127474858,40,1673
1790163514.773420354,localhost,C1,82840601,33381421762,40,1718
1790163514.773420354,localhost,C1E,1234542696,277554015428,40,1718
1790163514.773420354,localhost,C6,1812714112,266706482568582,40,1718
1790163514.773420354,localhost,POLL,3493006,127474913,40,1718
1790163515.048754981,localhost,C1,82841919,33381599377,40,1822
1790163515.048754981,localhost,C1E,1234547149,277555088614,40,1822
1790163515.048754981,localhost,C6,1812719911,266706490436282,40,1822
1790163515.048754981,localhost,POLL,3493011,127475062,40,1822
1790163515.050310586,localhost,C1,82841935,33381602567,40,1814
1790163515.050310586,localhost,C1E,1234547209,277555104256,40,1814
1790163515.050310586,localhost,C6,1812719970,266706490633968,40,1814
1790163515.050310586,localhost,POLL,3493011,127475062,40,1814
1790163515.740512459,localhost,C1,82844008,33381889966,40,1741
1790163515.740512459,localhost,C1E,1234558297,277557652615,40,1741
1790163515.740512459,localhost,C6,1812733618,266706515812440,40,1741
1790163515.740512459,localhost,POLL,3493028,127475450,40,1741
1790163515.833758947,localhost,C1,82844319,33381933604,40,1906
1790163515.833758947,localhost,C1E,1234559723,277557985638,40,1906
1790163515.833758947,localhost,C6,1812735769,266706518374039,40,1906
1790163515.833758947,localhost,POLL,3493028,127475450,40,1906
1790163516.103727060,localhost,C1,82845353,33382076536,40,1932
1790163516.103727060,localhost,C1E,1234563759,277558977968,40,1932
1790163516.103727060,localhost,C6,1812741377,266706526687103,40,1932
1790163516.103727060,localhost,POLL,3493032,127475545,40,1932
1790163516.108372994,localhost,C1,82845426,33382083648,40,1971
1790163516.108372994,localhost,C1E,1234563926,277559014061,40,1971
1790163516.108372994,localhost,C6,1812741517,266706526992458,40,1971
1790163516.108372994,localhost,POLL,3493032,127475545,40,1971
1790163516.799564463,localhost,C1,82847329,33382368210,40,1752
1790163516.799564463,localhost,C1E,1234574994,277561661438,40,1752
1790163516.799564463,localhost,C6,1812755011,266706548084409,40,1752
1790163516.799564463,localhost,POLL,3493054,127476086,40,1752
1790163516.891167561,localhost,C1,82847780,33382429120,40,1860
1790163516.891167561,localhost,C1E,1234576606,277562038934,40,1860
1790163516.891167561,localhost,C6,1812756610,266706553421892,40,1860
1790163516.891167561,localhost,POLL,3493058,127476172,40,1860
1790163517.160982504,localhost,C1,82848557,33382545012,40,1999
1790163517.160982504,localhost,C1E,1234581244,277563158887,40,1999
1790163517.160982504,localhost,C6,1812761691,266706563020142,40,1999
1790163517.160982504,localhost,POLL,3493063,127476354,40,1999
1790163517.169333557,localhost,C1,82848617,33382552411,40,2079
1790163517.169333557,localhost,C1E,1234581393,277563187989,40,2079
1790163517.169333557,localhost,C6,1812761850,266706563191467,40,2079
1790163517.169333557,localhost,POLL,3493065,127476395,40,2079
1790163517.862667596,localhost,C1,82849712,33382683754,40,1564
1790163517.862667596,localhost,C1E,1234590862,277565414784,40,1564
1790163517.862667596,localhost,C6,1812772796,266706580786206,40,1564
1790163517.862667596,localhost,POLL,3493089,127477062,40,1564
1790163517.950683903,localhost,C1,82849732,33382684100,40,1465
1790163517.950683903,localhost,C1E,1234591484,277565561963,40,1465
1790163517.950683903,localhost,C6,1812773664,266706587411015,40,1465
1790163517.950683903,localhost,POLL,3493092,127477134,40,1465
1790163518.222920295,localhost,C1,82849776,33382684836,40,1526
1790163518.222920295,localhost,C1E,1234593061,277565904051,40,1526
1790163518.222920295,localhost,C6,1812775334,266706598695998,40,1526
1790163518.222920295,localhost,POLL,3493095,127477235,40,1526
1790163518.228962606,localhost,C1,82849778,33382684855,40,1620
1790163518.228962606,localhost,C1E,1234593144,277565922286,40,1620
1790163518.228962606,localhost,C6,1812775463,266706598917297,40,1620
1790163518.228962606,localhost,POLL,3493095,127477270,40,1620
1790163518.925303319,localhost,C1,82849844,33382686372,40,1440
1790163518.925303319,localhost,C1E,1234597119,277566756420,40,1440
1790163518.925303319,localhost,C6,1812778495,266706623123234,40,1440
1790163518.925303319,localhost,POLL,3493106,127477567,40,1440
1790163519.020004176,localhost,C1,82849857,33382686604,40,1524
1790163519.020004176,localhost,C1E,1234597697,277566879827,40,1524
1790163519.020004176,localhost,C6,1812779312,266706628194616,40,1524
1790163519.020004176,localhost,POLL,3493106,127477567,40,1524
1790163519.289530144,localhost,C1,82849889,33382688189,40,1827
1790163519.289530144,localhost,C1E,1234599334,277567244058,40,1827
1790163519.289530144,localhost,C6,1812780968,266706637768866,40,1827
1790163519.289530144,localhost,POLL,3493112,127477755,40,1827
1790163519.298599915,localhost,C1,82849891,33382688202,40,1881
1790163519.298599915,localhost,C1E,1234599384,277567255530,40,1881
1790163519.298599915,localhost,C6,1812781061,266706638106892,40,1881
1790163519.298599915,localhost,POLL,3493112,127477755,40,1881
1790163519.992853318,localhost,C1,82850612,33382779873,40,1940
1790163519.992853318,localhost,C1E,1234607060,277569048776,40,1940
1790163519.992853318,localhost,C6,1812789740,266706662677106,40,1940
1790163519.992853318,localhost,POLL,3493132,127478327,40,1940
1790163520.078355421,localhost,C1,82850874,33382821265,40,1883
1790163520.078355421,localhost,C1E,1234608496,277569385752,40,1883
1790163520.078355421,localhost,C6,1812791468,266706668554341,40,1883
1790163520.078355421,localhost,POLL,3493134,127478388,40,1883
1790163520.356346859,localhost,C1,82851222,33382865744,40,1881
1790163520.356346859,localhost,C1E,1234612949,277570471149,40,1881
1790163520.356346859,localhost,C6,1812798146,266706680632044,40,1881
1790163520.356346859,localhost,POLL,3493139,127478515,40,1881
1790163520.363652805,localhost,C1,82851232,33382866922,40,1985
1790163520.363652805,localhost,C1E,1234613031,277570491802,40,1985
1790163520.363652805,localhost,C6,1812798267,266706680773540,40,1985
1790163520.363652805,localhost,POLL,3493139,127478515,40,1985
1790163521.050306761,localhost,C1,82852550,33383034650,40,1940
1790163521.050306761,localhost,C1E,1234623699,277573010774,40,1940
1790163521.050306761,localhost,C6,1812813163,266706699138910,40,1940
1790163521.050306761,localhost,POLL,3493158,127478975,40,1940
1790163521.137195965,localhost,C1,82852969,33383104454,40,1896
1790163521.137195965,localhost,C1E,1234625266,277573341895,40,1896
1790163521.137195965,localhost,C6,1812814843,266706703388298,40,1896
1790163521.137195965,localhost,POLL,3493163,127479079,40,1896
1790163521.427229413,localhost,C1,82853571,33383208003,40,1981
1790163521.427229413,localhost,C1E,1234630415,277574533636,40,1981
1790163521.427229413,localhost,C6,1812820606,266706714072250,40,1981
1790163521.427229413,localhost,POLL,3493169,127479252,40,1981
1790163521.426060526,localhost,C1,82853570,33383208003,40,1981
1790163521.426060526,localhost,C1E,1234630407,277574535544,40,1981
1790163521.426060526,localhost,C6,1812820596,266706714076697,40,1981
1790163521.426060526,localhost,POLL,3493169,127479252,40,1981
1790163522.112912005,localhost,C1,82854742,33383375209,40,1804
1790163522.112912005,localhost,C1E,1234641653,277577094078,40,1804
1790163522.112912005,localhost,C6,1812833626,266706737732683,40,1804
1790163522.112912005,localhost,POLL,3493195,127479968,40,1804
1790163522.196405521,localhost,C1,82854817,33383381098,40,1734
1790163522.196405521,localhost,C1E,1234642974,277577439831,40,1734
1790163522.196405521,localhost,C6,1812835569,266706742989578,40,1734
1790163522.196405521,localhost,POLL,3493195,127479968,40,1734
1790163522.490602737,localhost,C1,82855282,33383457814,40,1880
1790163522.490602737,localhost,C1E,1234647781,277578599780,40,1880
1790163522.490602737,localhost,C6,1812841547,266706751879860,40,1880
1790163522.490602737,localhost,POLL,3493202,127480149,40,1880
1790163522.491914216,localhost,C1,82855279,33383457252,40,1880
1790163522.491914216,localhost,C1E,1234647757,277578595798,40,1880
1790163522.491914216,localhost,C6,1812841506,266706751870568,40,1880
1790163522.491914216,localhost,POLL,3493202,127480149,40,1880
1790163523.175047072,localhost,C1,82856622,33383655534,40,1710
1790163523.175047072,localhost,C1E,1234658996,277581096871,40,1710
1790163523.175047072,localhost,C6,1812855267,266706773713658,40,1710
1790163523.175047072,localhost,POLL,3493229,127480775,40,1710
1790163523.260424305,localhost,C1,82856839,33383706613,40,1817
1790163523.260424305,localhost,C1E,1234660493,277581445365,40,1817
1790163523.260424305,localhost,C6,1812857004,266706776137849,40,1817
1790163523.260424305,localhost,POLL,3493233,127480871,40,1817
1790163523.552841328,localhost,C1,82857629,33383809751,40,1942
1790163523.552841328,localhost,C1E,1234665476,277582612313,40,1942
1790163523.552841328,localhost,C6,1812862615,266706785016047,40,1942
1790163523.552841328,localhost,POLL,3493245,127481214,40,1942
1790163523.554325214,localhost,C1,82857631,33383810201,40,1942
1790163523.554325214,localhost,C1E,1234665497,277582618638,40,1942
1790163523.554325214,localhost,C6,1812862641,266706785080072,40,1942
1790163523.554325214,localhost,POLL,3493245,127481234,40,1942
1790163524.236975103,localhost,C1,82858586,33383943950,40,1784
1790163524.236975103,localhost,C1E,1234677039,277585401942,40,1784
1790163524.236975103,localhost,C6,1812876192,266706812075086,40,1784
1790163524.236975103,localhost,POLL,3493270,127481824,40,1784
1790163524.320791716,localhost,C1,82858858,33383987120,40,1854
1790163524.320791716,localhost,C1E,1234678642,277585761461,40,1854
1790163524.320791716,localhost,C6,1812877759,266706814267223,40,1854
1790163524.320791716,localhost,POLL,3493271,127481850,40,1854
1790163524.612069655,localhost,C1,82859287,33384057347,40,1829
1790163524.612069655,localhost,C1E,1234683681,277586979153,40,1829
1790163524.612069655,localhost,C6,1812883675,266706822332320,40,1829
1790163524.612069655,localhost,POLL,3493287,127482310,40,1829
1790163524.614768557,localhost,C1,82859287,33384057105,40,1826
1790163524.614768557,localhost,C1E,1234683658,277586975750,40,1826
1790163524.614768557,localhost,C6,1812883662,266706822318859,40,1826
1790163524.614768557,localhost,POLL,3493287,127482310,40,1826
1790163525.298794313,localhost,C1,82860716,33384268086,40,1577
1790163525.298794313,localhost,C1E,1234695168,277589670724,40,1577
1790163525.298794313,localhost,C6,1812897460,266706848150401,40,1577
1790163525.298794313,localhost,POLL,3493309,127482808,40,1577
1790163525.379106060,localhost,C1,82860725,33384268188,40,1618
1790163525.379106060,localhost,C1E,1234695693,277589786200,40,1618
1790163525.379106060,localhost,C6,1812898382,266706849633190,40,1618
1790163525.379106060,localhost,POLL,3493310,127482841,40,1618
1790163525.672772857,localhost,C1,82860758,33384268843,40,1682
1790163525.672772857,localhost,C1E,1234697493,277590200456,40,1682
1790163525.672772857,localhost,C6,1812899950,266706857867152,40,1682
1790163525.672772857,localhost,POLL,3493312,127482910,40,1682
1790163525.673420893,localhost,C1,82860759,33384268843,40,1682
1790163525.673420893,localhost,C1E,1234697496,277590203832,40,1682
1790163525.673420893,localhost,C6,1812899955,266706857886617,40,1682
1790163525.673420893,localhost,POLL,3493312,127482910,40,1682
1790163526.359640343,localhost,C1,82860918,33384273722,40,1433
1790163526.359640343,localhost,C1E,1234701414,277591024765,40,1433
1790163526.359640343,localhost,C6,1812903084,266706879183336,40,1433
1790163526.359640343,localhost,POLL,3493318,127483134,40,1433
1790163526.436983136,localhost,C1,82860937,33384274036,40,1643
1790163526.436983136,localhost,C1E,1234701879,277591124899,40,1643
1790163526.436983136,localhost,C6,1812903817,266706884587029,40,1643
1790163526.436983136,localhost,POLL,3493321,127483210,40,1643
1790163526.743809905,localhost,C1,82861003,33384282516,40,1534
1790163526.743809905,localhost,C1E,1234703713,277591512718,40,1534
1790163526.743809905,localhost,C6,1812905335,266706900823757,40,1534
1790163526.743809905,localhost,POLL,3493322,127483244,40,1534
1790163526.746227309,localhost,C1,82861003,33384282531,40,1440
1790163526.746227309,localhost,C1E,1234703730,277591515746,40,1440
1790163526.746227309,localhost,C6,1812905365,266706901093752,40,1440
1790163526.746227309,localhost,POLL,3493322,127483244,40,1440
1790163527.425624803,localhost,C1,82861253,33384308526,40,1553
1790163527.425624803,localhost,C1E,1234708698,277592579748,40,1553
1790163527.425624803,localhost,C6,1812909800,266706924492668,40,1553
1790163527.425624803,localhost,POLL,3493331,127483509,40,1553
1790163527.495969070,localhost,C1,82861383,33384330655,40,1691
1790163527.495969070,localhost,C1E,1234709846,277592830548,40,1691
1790163527.495969070,localhost,C6,1812911347,266706927860860,40,1691
1790163527.495969070,localhost,POLL,3493332,127483571,40,1691
1790163527.813180161,localhost,C1,82861855,33384394546,40,1786
1790163527.813180161,localhost,C1E,1234715140,277594003541,40,1786
1790163527.813180161,localhost,C6,1812918284,266706937833706,40,1786
1790163527.813180161,localhost,POLL,3493342,127483806,40,1786
1790163527.812899722,localhost,C1,82861855,33384394827,40,1859
1790163527.812899722,localhost,C1E,1234715136,277594006829,40,1859
1790163527.812899722,localhost,C6,1812918280,266706937847872,40,1859
1790163527.812899722,localhost,POLL,3493342,127483806,40,1859
1790163528.488879076,localhost,C1,82862519,33384480512,40,1751
1790163528.488879076,localhost,C1E,1234726647,277596728425,40,1751
1790163528.488879076,localhost,C6,1812932945,266706962464276,40,1751
1790163528.488879076,localhost,POLL,3493359,127484243,40,1751
1790163528.557112688,localhost,C1,82862632,33384499477,40,1851
1790163528.557112688,localhost,C1E,1234727873,277597011369,40,1851
1790163528.557112688,localhost,C6,1812934649,266706964896471,40,1851
1790163528.557112688,localhost,POLL,3493361,127484291,40,1851
1790163528.878082623,localhost,C1,82863057,33384554747,40,1785
1790163528.878082623,localhost,C1E,1234733407,277598320872,40,1785
1790163528.878082623,localhost,C6,1812941772,266706974607389,40,1785
1790163528.878082623,localhost,POLL,3493369,127484518,40,1785
1790163528.875640046,localhost,C1,82863057,33384555161,40,1817
1790163528.875640046,localhost,C1E,1234733394,277598324279,40,1817
1790163528.875640046,localhost,C6,1812941742,266706974641777,40,1817
1790163528.875640046,localhost,POLL,3493368,127484518,40,1817
1790163529.551854753,localhost,C1,82863756,33384644416,40,1844
1790163529.551854753,localhost,C1E,1234744623,277600857940,40,1844
1790163529.551854753,localhost,C6,1812955423,266706995695693,40,1844
1790163529.551854753,localhost,POLL,3493393,127485233,40,1844
1790163529.615767779,localhost,C1,82863878,33384664563,40,1829
1790163529.615767779,localhost,C1E,1234745669,277601089316,40,1829
1790163529.615767779,localhost,C6,1812956658,266706998146572,40,1829
1790163529.615767779,localhost,POLL,3493397,127485347,40,1829
1790163529.940487198,localhost,C1,82864191,33384700574,40,1996
1790163529.940487198,localhost,C1E,1234750744,277602282383,40,1996
1790163529.940487198,localhost,C6,1812963180,266707013641953,40,1996
1790163529.940487198,localhost,POLL,3493403,127485524,40,1996
1790163529.941361587,localhost,C1,82864193,33384701072,40,1978
1790163529.941361587,localhost,C1E,1234750846,277602304186,40,1978
1790163529.941361587,localhost,C6,1812963321,266707013978590,40,1978
1790163529.941361587,localhost,POLL,3493403,127485524,40,1978
1790163530.616192385,localhost,C1,82864647,33384755640,40,1762
1790163530.616192385,localhost,C1E,1234761219,277604764303,40,1762
1790163530.616192385,localhost,C6,1812976503,266707037658956,40,1762
1790163530.616192385,localhost,POLL,3493423,127486026,40,1762
1790163530.674869288,localhost,C1,82864716,33384768540,40,1806
1790163530.674869288,localhost,C1E,1234762204,277605001109,40,1806
1790163530.674869288,localhost,C6,1812977604,266707038988665,40,1806
1790163530.674869288,localhost,POLL,3493423,127486059,40,1806
1790163531.002137589,localhost,C1,82864989,33384800680,40,1755
1790163531.002137589,localhost,C1E,1234767332,277606239432,40,1755
1790163531.002137589,localhost,C6,1812984313,266707049415932,40,1755
1790163531.002137589,localhost,POLL,3493433,127486303,40,1755
1790163531.010827729,localhost,C1,82864998,33384801148,40,1762
1790163531.010827729,localhost,C1E,1234767404,277606251626,40,1762
1790163531.010827729,localhost,C6,1812984427,266707049477507,40,1762
1790163531.010827729,localhost,POLL,3493433,127486303,40,1762
1790163531.678426851,localhost,C1,82865514,33384871848,40,1852
1790163531.678426851,localhost,C1E,1234777776,277608753801,40,1852
1790163531.678426851,localhost,C6,1812997355,266707068875875,40,1852
1790163531.678426851,localhost,POLL,3493448,127486741,40,1852
1790163531.737553576,localhost,C1,82865648,33384894198,40,1884
1790163531.737553576,localhost,C1E,1234778805,277608990242,40,1884
1790163531.737553576,localhost,C6,1812998638,266707071284649,40,1884
1790163531.737553576,localhost,POLL,3493449,127486791,40,1884
1790163532.065974781,localhost,C1,82865941,33384930278,40,1889
1790163532.065974781,localhost,C1E,1234783797,277610198716,40,1889
1790163532.065974781,localhost,C6,1813005303,266707080884296,40,1889
1790163532.065974781,localhost,POLL,3493458,127487035,40,1889
1790163532.067037437,localhost,C1,82865945,33384930404,40,1941
1790163532.067037437,localhost,C1E,1234783819,277610204933,40,1941
1790163532.067037437,localhost,C6,1813005344,266707081155448,40,1941
1790163532.067037437,localhost,POLL,3493458,127487035,40,1941
1790163532.744688650,localhost,C1,82866398,33384978752,40,1807
1790163532.744688650,localhost,C1E,1234794315,277612765292,40,1807
1790163532.744688650,localhost,C6,1813018281,266707110138378,40,1807
1790163532.744688650,localhost,POLL,3493473,127487441,40,1807
1790163532.796745932,localhost,C1,82866440,33384985922,40,1845
1790163532.796745932,localhost,C1E,1234795121,277612951418,40,1845
1790163532.796745932,localhost,C6,1813019366,266707111453535,40,1845
1790163532.796745932,localhost,POLL,3493473,127487441,40,1845
1790163533.130290727,localhost,C1,82866668,33385014389,40,1987
1790163533.130290727,localhost,C1E,1234800146,277614168349,40,1987
1790163533.130290727,localhost,C6,1813025717,266707121410405,40,1987
1790163533.130290727,localhost,POLL,3493484,127487771,40,1987
1790163533.133536638,localhost,C1,82866671,33385014389,40,1988
1790163533.133536638,localhost,C1E,1234800191,277614176932,40,1988
1790163533.133536638,localhost,C6,1813025755,266707121472965,40,1988
1790163533.133536638,localhost,POLL,3493484,127487771,40,1988
1790163533.810098943,localhost,C1,82867093,33385059309,40,1525
1790163533.810098943,localhost,C1E,1234809032,277616246486,40,1525
1790163533.810098943,localhost,C6,1813037092,266707140014574,40,1525
1790163533.810098943,localhost,POLL,3493497,127488119,40,1525
1790163533.855910743,localhost,C1,82867103,33385059545,40,1610
1790163533.855910743,localhost,C1E,1234809327,277616321508,40,1610
1790163533.855910743,localhost,C6,1813037602,266707143809534,40,1610
1790163533.855910743,localhost,POLL,3493497,127488154,40,1610
1790163534.193120451,localhost,C1,82867193,33385069209,40,1622
1790163534.193120451,localhost,C1E,1234811245,277616741864,40,1622
1790163534.193120451,localhost,C6,1813039330,266707156177580,40,1622
1790163534.193120451,localhost,POLL,3493510,127488575,40,1622
1790163534.195580142,localhost,C1,82867194,33385069240,40,1632
1790163534.195580142,localhost,C1E,1234811290,277616751297,40,1632
1790163534.195580142,localhost,C6,1813039436,266707156325381,40,1632
1790163534.195580142,localhost,POLL,3493510,127488575,40,1632
1790163534.872770166,localhost,C1,82867268,33385085607,40,1522
1790163534.872770166,localhost,C1E,1234815180,277617567304,40,1522
1790163534.872770166,localhost,C6,1813042413,266707181878145,40,1522
1790163534.872770166,localhost,POLL,3493517,127488810,40,1522
1790163534.920490758,localhost,C1,82867273,33385085708,40,1436
1790163534.920490758,localhost,C1E,1234815497,277617642736,40,1436
1790163534.920490758,localhost,C6,1813042999,266707184856786,40,1436
1790163534.920490758,localhost,POLL,3493520,127488879,40,1436
1790163535.258887385,localhost,C1,82867314,33385086798,40,1546
1790163535.258887385,localhost,C1E,1234817449,277618061098,40,1546
1790163535.258887385,localhost,C6,1813044944,266707195526637,40,1546
1790163535.258887385,localhost,POLL,3493522,127488980,40,1546
1790163535.263868831,localhost,C1,82867315,33385086884,40,1626
1790163535.263868831,localhost,C1E,1234817474,277618066924,40,1626
1790163535.263868831,localhost,C6,1813044989,266707195647397,40,1626
1790163535.263868831,localhost,POLL,3493523,127488980,40,1626
1790163535.934984041,localhost,C1,82867503,33385094084,40,1483
1790163535.934984041,localhost,C1E,1234821313,277618891123,40,1483
1790163535.934984041,localhost,C6,1813047716,266707212134031,40,1483
1790163535.934984041,localhost,POLL,3493555,127490119,40,1483
1790163535.988042435,localhost,C1,82867516,33385094578,40,1473
1790163535.988042435,localhost,C1E,1234821660,277618970765,40,1473
1790163535.988042435,localhost,C6,1813048350,266707215372405,40,1473
1790163535.988042435,localhost,POLL,3493555,127490119,40,1473
1790163536.327372513,localhost,C1,82867574,33385096505,40,1546
1790163536.327372513,localhost,C1E,1234823664,277619402335,40,1546
1790163536.327372513,localhost,C6,1813050085,266707231427426,40,1546
1790163536.327372513,localhost,POLL,3493561,127490317,40,1546
1790163536.328172407,localhost,C1,82867574,33385096529,40,1599
1790163536.328172407,localhost,C1E,1234823671,277619403724,40,1599
1790163536.328172407,localhost,C6,1813050097,266707231433781,40,1599
1790163536.328172407,localhost,POLL,3493561,127490317,40,1599
1790163536.997305583,localhost,C1,82868077,33385143105,40,1801
1790163536.997305583,localhost,C1E,1234833731,277621487933,40,1801
1790163536.997305583,localhost,C6,1813062469,266707259386951,40,1801
1790163536.997305583,localhost,POLL,3493585,127490979,40,1801
1790163537.050004009,localhost,C1,82868177,33385156840,40,1867
1790163537.050004009,localhost,C1E,1234834726,277621688089,40,1867
1790163537.050004009,localhost,C6,1813063406,266707262335136,40,1867
1790163537.050004009,localhost,POLL,3493586,127491013,40,1867
1790163537.395721965,localhost,C1,82868701,33385228196,40,1642
1790163537.395721965,localhost,C1E,1234840574,277622856720,40,1642
1790163537.395721965,localhost,C6,1813070547,266707277113409,40,1642
1790163537.395721965,localhost,POLL,3493594,127491278,40,1642
1790163537.398880586,localhost,C1,82868703,33385228515,40,1942
1790163537.398880586,localhost,C1E,1234840602,277622868684,40,1942
1790163537.398880586,localhost,C6,1813070619,266707277173217,40,1942
1790163537.398880586,localhost,POLL,3493594,127491278,40,1942
1790163538.061099751,localhost,C1,82869397,33385321314,40,1882
1790163538.061099751,localhost,C1E,1234852810,277625603886,40,1882
1790163538.061099751,localhost,C6,1813081542,266707295993505,40,1882
1790163538.061099751,localhost,POLL,3493620,127492002,40,1882
1790163538.110900579,localhost,C1,82869428,33385325667,40,1920
1790163538.110900579,localhost,C1E,1234853665,277625797250,40,1920
1790163538.110900579,localhost,C6,1813082585,266707299001283,40,1920
1790163538.110900579,localhost,POLL,3493620,127492031,40,1920
1790163538.457835901,localhost,C1,82869651,33385353095,40,1930
1790163538.457835901,localhost,C1E,1234858598,277626911451,40,1930
1790163538.457835901,localhost,C6,1813089128,266707316902019,40,1930
1790163538.457835901,localhost,POLL,3493635,127492433,40,1930
1790163538.463347596,localhost,C1,82869652,33385353150,40,1893
1790163538.463347596,localhost,C1E,1234858639,277626921308,40,1893
1790163538.463347596,localhost,C6,1813089185,266707316946436,40,1893
1790163538.463347596,localhost,POLL,3493635,127492453,40,1893
1790163539.122178366,localhost,C1,82870041,33385395925,40,1799
1790163539.122178366,localhost,C1E,1234867593,277628950507,40,1799
1790163539.122178366,localhost,C6,1813100831,266707335128970,40,1799
1790163539.122178366,localhost,POLL,3493659,127493034,40,1799
1790163539.171919253,localhost,C1,82870067,33385398013,40,1672
1790163539.171919253,localhost,C1E,1234868199,277629112398,40,1672
1790163539.171919253,localhost,C6,1813101900,266707339442342,40,1672
1790163539.171919253,localhost,POLL,3493659,127493034,40,1672
1790163539.521202154,localhost,C1,82870200,33385410947,40,1865
1790163539.521202154,localhost,C1E,1234872902,277630279650,40,1865
1790163539.521202154,localhost,C6,1813108309,266707350257271,40,1865
1790163539.521202154,localhost,POLL,3493669,127493353,40,1865
1790163539.526247272,localhost,C1,82870202,33385412079,40,1869
1790163539.526247272,localhost,C1E,1234872950,277630295604,40,1869
1790163539.526247272,localhost,C6,1813108401,266707350327395,40,1869
1790163539.526247272,localhost,POLL,3493669,127493353,40,1869
1790163540.188582851,localhost,C1,82870562,33385447436,40,1745
1790163540.188582851,localhost,C1E,1234882782,277632583086,40,1745
1790163540.188582851,localhost,C6,1813120371,266707370623972,40,1745
1790163540.188582851,localhost,POLL,3493677,127493578,40,1745
1790163540.233946898,localhost,C1,82870590,33385451644,40,1739
1790163540.233946898,localhost,C1E,1234883365,277632743646,40,1739
1790163540.233946898,localhost,C6,1813121445,266707378209980,40,1739
1790163540.233946898,localhost,POLL,3493678,127493607,40,1739
1790163540.583516608,localhost,C1,82870760,33385471144,40,1919
1790163540.583516608,localhost,C1E,1234887909,277633875866,40,1919
1790163540.583516608,localhost,C6,1813128070,266707387538451,40,1919
1790163540.583516608,localhost,POLL,3493683,127493740,40,1919
1790163540.586052731,localhost,C1,82870764,33385472471,40,1987
1790163540.586052731,localhost,C1E,1234888012,277633908896,40,1987
1790163540.586052731,localhost,C6,1813128264,266707388548839,40,1987
1790163540.586052731,localhost,POLL,3493683,127493740,40,1987
1790163541.249996281,localhost,C1,82871226,33385526864,40,1666
1790163541.249996281,localhost,C1E,1234897719,277636177531,40,1666
1790163541.249996281,localhost,C6,1813139459,266707410188589,40,1666
1790163541.249996281,localhost,POLL,3493702,127494213,40,1666
1790163541.294286364,localhost,C1,82871263,33385531211,40,1761
1790163541.294286364,localhost,C1E,1234898374,277636336416,40,1761
1790163541.294286364,localhost,C6,1813140286,266707412624564,40,1761
1790163541.294286364,localhost,POLL,3493704,127494244,40,1761
1790163541.642481222,localhost,C1,82871445,33385551030,40,1892
1790163541.642481222,localhost,C1E,1234903134,277637429405,40,1892
1790163541.642481222,localhost,C6,1813147113,266707422442395,40,1892
1790163541.642481222,localhost,POLL,3493718,127494642,40,1892
1790163541.654540306,localhost,C1,82871453,33385551949,40,1831
1790163541.654540306,localhost,C1E,1234903277,277637467701,40,1831
1790163541.654540306,localhost,C6,1813147377,266707423124920,40,1831
1790163541.654540306,localhost,POLL,3493718,127494642,40,1831
1790163542.318345780,localhost,C1,82871859,33385605108,40,1953
1790163542.318345780,localhost,C1E,1234912640,277639607192,40,1953
1790163542.318345780,localhost,C6,1813159667,266707450196245,40,1953
1790163542.318345780,localhost,POLL,3493732,127495019,40,1953
1790163542.357733557,localhost,C1,82871875,33385608053,40,1934
1790163542.357733557,localhost,C1E,1234913286,277639753432,40,1934
1790163542.357733557,localhost,C6,1813160281,266707451158341,40,1934
1790163542.357733557,localhost,POLL,3493732,127495019,40,1934
1790163542.703673992,localhost,C1,82872100,33385644816,40,1758
1790163542.703673992,localhost,C1E,1234918605,277640981807,40,1758
1790163542.703673992,localhost,C6,1813166155,266707463297421,40,1758
1790163542.703673992,localhost,POLL,3493743,127495286,40,1758
1790163542.715024550,localhost,C1,82872114,33385644858,40,1796
1790163542.715024550,localhost,C1E,1234918709,277641024253,40,1796
1790163542.715024550,localhost,C6,1813166327,266707463600275,40,1796
1790163542.715024550,localhost,POLL,3493743,127495286,40,1796
1790163543.384333351,localhost,C1,82872497,33385677895,40,1954
1790163543.384333351,localhost,C1E,1234929519,277643599488,40,1954
1790163543.384333351,localhost,C6,1813179413,266707483638834,40,1954
1790163543.384333351,localhost,POLL,3493758,127495652,40,1954
1790163543.420302422,localhost,C1,82872554,33385682850,40,1943
1790163543.420302422,localhost,C1E,1234930296,277643780351,40,1943
1790163543.420302422,localhost,C6,1813180025,266707484566303,40,1943
1790163543.420302422,localhost,POLL,3493758,127495652,40,1943
1790163543.767092053,localhost,C1,82872703,33385695685,40,1656
1790163543.767092053,localhost,C1E,1234933459,277644444908,40,1656
1790163543.767092053,localhost,C6,1813182799,266707494164626,40,1656
1790163543.767092053,localhost,POLL,3493764,127495814,40,1656
1790163543.775747231,localhost,C1,82872704,33385695711,40,1721
1790163543.775747231,localhost,C1E,1234933541,277644460813,40,1721
1790163543.775747231,localhost,C6,1813182880,266707496169544,40,1721
1790163543.775747231,localhost,POLL,3493764,127495814,40,1721
1790163544.444097708,localhost,C1,82872769,33385697968,40,1675
1790163544.444097708,localhost,C1E,1234937436,277645280145,40,1675
1790163544.444097708,localhost,C6,1813185929,266707517505590,40,1675
1790163544.444097708,localhost,POLL,3493771,127496034,40,1675
1790163544.475928629,localhost,C1,82872779,33385698193,40,1510
1790163544.475928629,localhost,C1E,1234937677,277645338763,40,1510
1790163544.475928629,localhost,C6,1813186284,266707519890659,40,1510
1790163544.475928629,localhost,POLL,3493771,127496034,40,1510
1790163544.829836076,localhost,C1,82872886,33385702009,40,1701
1790163544.829836076,localhost,C1E,1234939709,277645779338,40,1701
1790163544.829836076,localhost,C6,1813188132,266707531773841,40,1701
1790163544.829836076,localhost,POLL,3493780,127496360,40,1701
1790163544.837965361,localhost,C1,82872888,33385702009,40,1664
1790163544.837965361,localhost,C1E,1234939774,277645792585,40,1664
1790163544.837965361,localhost,C6,1813188273,266707532581404,40,1664
1790163544.837965361,localhost,POLL,3493780,127496360,40,1664
1790163545.510143923,localhost,C1,82872978,33385705706,40,1643
1790163545.510143923,localhost,C1E,1234943788,277646634888,40,1643
1790163545.510143923,localhost,C6,1813191066,266707551095224,40,1643
1790163545.510143923,localhost,POLL,3493783,127496455,40,1643
1790163545.540465910,localhost,C1,82872991,33385708654,40,1862
1790163545.540465910,localhost,C1E,1234944162,277646756461,40,1862
1790163545.540465910,localhost,C6,1813191645,266707556536499,40,1862
1790163545.540465910,localhost,POLL,3493783,127496479,40,1862
1790163545.897049828,localhost,C1,82873215,33385734242,40,1743
1790163545.897049828,localhost,C1E,1234949962,277648085330,40,1743
1790163545.897049828,localhost,C6,1813197484,266707574693464,40,1743
1790163545.897049828,localhost,POLL,3493795,127496746,40,1743
1790163545.904889979,localhost,C1,82873223,33385734358,40,1838
1790163545.904889979,localhost,C1E,1234950110,277648117668,40,1838
1790163545.904889979,localhost,C6,1813197694,266707575973838,40,1838
1790163545.904889979,localhost,POLL,3493795,127496746,40,1838
1790163546.577311241,localhost,C1,82873628,33385769611,40,1753
1790163546.577311241,localhost,C1E,1234960236,277650377043,40,1753
1790163546.577311241,localhost,C6,1813209173,266707603084005,40,1753
1790163546.577311241,localhost,POLL,3493815,127497305,40,1753
1790163546.606768893,localhost,C1,82873649,33385773826,40,1904
1790163546.606768893,localhost,C1E,1234960626,277650466439,40,1904
1790163546.606768893,localhost,C6,1813209776,266707606325954,40,1904
1790163546.606768893,localhost,POLL,3493816,127497326,40,1904
1790163546.956855783,localhost,C1,82873818,33385785435,40,1887
1790163546.956855783,localhost,C1E,1234965467,277651640504,40,1887
1790163546.956855783,localhost,C6,1813217179,266707615880731,40,1887
1790163546.956855783,localhost,POLL,3493834,127497693,40,1887
1790163546.967016606,localhost,C1,82873826,33385785887,40,1972
1790163546.967016606,localhost,C1E,1234965605,277651680766,40,1972
1790163546.967016606,localhost,C6,1813217439,266707616684375,40,1972
1790163546.967016606,localhost,POLL,3493834,127497693,40,1972
1790163547.641291604,localhost,C1,82874208,33385813152,40,1998
1790163547.641291604,localhost,C1E,1234976370,277654191252,40,1998
1790163547.641291604,localhost,C6,1813230833,266707641468945,40,1998
1790163547.641291604,localhost,POLL,3493853,127498192,40,1998
1790163547.665325782,localhost,C1,82874222,33385814786,40,2042
1790163547.665325782,localhost,C1E,1234976849,277654297879,40,2042
1790163547.665325782,localhost,C6,1813231316,266707642016165,40,2042
1790163547.665325782,localhost,POLL,3493854,127498247,40,2042
1790163548.013765361,localhost,C1,82874573,33385873550,40,1787
1790163548.013765361,localhost,C1E,1234982537,277655505143,40,1787
1790163548.013765361,localhost,C6,1813237048,266707650507276,40,1787
1790163548.013765361,localhost,POLL,3493862,127498448,40,1787
1790163548.023431005,localhost,C1,82874578,33385874872,40,1927
1790163548.023431005,localhost,C1E,1234982717,277655558623,40,1927
1790163548.023431005,localhost,C6,1813237224,266707651089183,40,1927
1790163548.023431005,localhost,POLL,3493862,127498448,40,1927
1790163548.700030951,localhost,C1,82875016,33385931780,40,2002
1790163548.700030951,localhost,C1E,1234993190,277657926958,40,2002
1790163548.700030951,localhost,C6,1813247650,266707673244773,40,2002
1790163548.700030951,localhost,POLL,3493885,127499009,40,2002
1790163548.721414978,localhost,C1,82875028,33385932520,40,1882
1790163548.721414978,localhost,C1E,1234993453,277657999727,40,1882
1790163548.721414978,localhost,C6,1813248020,266707673596346,40,1882
1790163548.721414978,localhost,POLL,3493885,127499009,40,1882
1790163549.075064863,localhost,C1,82875176,33385949222,40,1732
1790163549.075064863,localhost,C1E,1234998359,277659161237,40,1732
1790163549.075064863,localhost,C6,1813254800,266707686508932,40,1732
1790163549.075064863,localhost,POLL,3493896,127499353,40,1732
1790163549.086766650,localhost,C1,82875188,33385949386,40,1794
1790163549.086766650,localhost,C1E,1234998556,277659204674,40,1794
1790163549.086766650,localhost,C6,1813255095,266707687303423,40,1794
1790163549.086766650,localhost,POLL,3493897,127499353,40,1794
1790163549.764956365,localhost,C1,82875589,33385986353,40,1777
1790163549.764956365,localhost,C1E,1235008397,277661428303,40,1777
1790163549.764956365,localhost,C6,1813266970,266707708333429,40,1777
1790163549.764956365,localhost,POLL,3493909,127499669,40,1777
1790163549.782288104,localhost,C1,82875610,33385988096,40,1674
1790163549.782288104,localhost,C1E,1235008665,277661492715,40,1674
1790163549.782288104,localhost,C6,1813267229,266707708600849,40,1674
1790163549.782288104,localhost,POLL,3493909,127499669,40,1674
1790163550.141009306,localhost,C1,82875854,33386009343,40,1827
1790163550.141009306,localhost,C1E,1235014328,277662814767,40,1827
1790163550.141009306,localhost,C6,1813273117,266707723862035,40,1827
1790163550.141009306,localhost,POLL,3493915,127499866,40,1827
1790163550.153676426,localhost,C1,82875860,33386009394,40,1800
1790163550.153676426,localhost,C1E,1235014520,277662862157,40,1800
1790163550.153676426,localhost,C6,1813273442,266707726240604,40,1800
1790163550.153676426,localhost,POLL,3493916,127499866,40,1800
1790163550.828274753,localhost,C1,82876230,33386032614,40,1809
1790163550.828274753,localhost,C1E,1235025380,277665376042,40,1809
1790163550.828274753,localhost,C6,1813286517,266707750905520,40,1809
1790163550.828274753,localhost,POLL,3493940,127500432,40,1809
1790163550.844552081,localhost,C1,82876238,33386032643,40,1845
1790163550.844552081,localhost,C1E,1235025558,277665428413,40,1845
1790163550.844552081,localhost,C6,1813286794,266707751664113,40,1845
1790163550.844552081,localhost,POLL,3493940,127500432,40,1845
1790163551.206053294,localhost,C1,82876529,33386060037,40,1643
1790163551.206053294,localhost,C1E,1235032503,277666941144,40,1643
1790163551.206053294,localhost,C6,1813293692,266707765028768,40,1643
1790163551.206053294,localhost,POLL,3493950,127500726,40,1643
1790163551.219633755,localhost,C1,82876537,33386060780,40,1800
1790163551.219633755,localhost,C1E,1235032624,277666963465,40,1800
1790163551.219633755,localhost,C6,1813293874,266707765196755,40,1800
1790163551.219633755,localhost,POLL,3493950,127500726,40,1800
1790163551.892476425,localhost,C1,82876953,33386097222,40,1672
1790163551.892476425,localhost,C1E,1235042362,277669227279,40,1672
1790163551.892476425,localhost,C6,1813305907,266707783676736,40,1672
1790163551.892476425,localhost,POLL,3493970,127501218,40,1672
1790163551.897651202,localhost,C1,82876954,33386097255,40,1511
1790163551.897651202,localhost,C1E,1235042434,277669244281,40,1511
1790163551.897651202,localhost,C6,1813305994,266707783747209,40,1511
1790163551.897651202,localhost,POLL,3493970,127501254,40,1511
1790163552.268972273,localhost,C1,82877122,33386113967,40,1774
1790163552.268972273,localhost,C1E,1235047610,277670439091,40,1774
1790163552.268972273,localhost,C6,1813312865,266707799259292,40,1774
1790163552.268972273,localhost,POLL,3493979,127501427,40,1774
1790163552.275384788,localhost,C1,82877126,33386114000,40,1901
1790163552.275384788,localhost,C1E,1235047697,277670460670,40,1901
1790163552.275384788,localhost,C6,1813312996,266707799491786,40,1901
1790163552.275384788,localhost,POLL,3493979,127501459,40,1901
1790163552.951149876,localhost,C1,82877398,33386147286,40,1992
1790163552.951149876,localhost,C1E,1235056619,277672629430,40,1992
1790163552.951149876,localhost,C6,1813324936,266707820947733,40,1992
1790163552.951149876,localhost,POLL,3494001,127502121,40,1992
1790163552.955957627,localhost,C1,82877400,33386147430,40,2047
1790163552.955957627,localhost,C1E,1235056669,277672646671,40,2047
1790163552.955957627,localhost,C6,1813325004,266707820993086,40,2047
1790163552.955957627,localhost,POLL,3494001,127502121,40,2047
1790163553.328710648,localhost,C1,82877463,33386150556,40,1757
1790163553.328710648,localhost,C1E,1235059376,277673228513,40,1757
1790163553.328710648,localhost,C6,1813327462,266707833575254,40,1757
1790163553.328710648,localhost,POLL,3494004,127502223,40,1757
1790163553.334084552,localhost,C1,82877463,33386150556,40,1668
1790163553.334084552,localhost,C1E,1235059393,277673236161,40,1668
1790163553.334084552,localhost,C6,1813327490,266707833602903,40,1668
1790163553.334084552,localhost,POLL,3494004,127502223,40,1668
1790163554.016545236,localhost,C1,82877541,33386160586,40,1585
1790163554.016545236,localhost,C1E,1235063409,277674081620,40,1585
1790163554.016545236,localhost,C6,1813330492,266707854646570,40,1585
1790163554.016545236,localhost,POLL,3494007,127502323,40,1585
1790163554.019883851,localhost,C1,82877541,33386160586,40,1580
1790163554.019883851,localhost,C1E,1235063419,277674083738,40,1580
1790163554.019883851,localhost,C6,1813330511,266707854668137,40,1580
1790163554.019883851,localhost,POLL,3494007,127502323,40,1580
1790163554.398258141,localhost,C1,82877584,33386164936,40,1509
1790163554.398258141,localhost,C1E,1235065652,277674566684,40,1509
1790163554.398258141,localhost,C6,1813332619,266707872524351,40,1509
1790163554.398258141,localhost,POLL,3494008,127502358,40,1509
1790163554.400450385,localhost,C1,82877584,33386164936,40,1592
1790163554.400450385,localhost,C1E,1235065675,277674571643,40,1592
1790163554.400450385,localhost,C6,1813332663,266707872606194,40,1592
1790163554.400450385,localhost,POLL,3494008,127502358,40,1592
1790163555.083493650,localhost,C1,82877694,33386177462,40,1778
1790163555.083493650,localhost,C1E,1235070343,277675597147,40,1778
1790163555.083493650,localhost,C6,1813338056,266707900027414,40,1778
1790163555.083493650,localhost,POLL,3494012,127502495,40,1778
1790163555.088497465,localhost,C1,82877694,33386177491,40,1889
1790163555.088497465,localhost,C1E,1235070375,277675604775,40,1889
1790163555.088497465,localhost,C6,1813338128,266707900092648,40,1889
1790163555.088497465,localhost,POLL,3494012,127502495,40,1889
1790163555.467043668,localhost,C1,82877777,33386181397,40,1735
1790163555.467043668,localhost,C1E,1235074373,277676634807,40,1735
1790163555.467043668,localhost,C6,1813344109,266707914666737,40,1735
1790163555.467043668,localhost,POLL,3494015,127502593,40,1735
1790163555.463941395,localhost,C1,82877777,33386181397,40,1722
1790163555.463941395,localhost,C1E,1235074357,277676633441,40,1722
1790163555.463941395,localhost,C6,1813344085,266707914662799,40,1722
1790163555.463941395,localhost,POLL,3494015,127502593,40,1722
1790163556.148979335,localhost,C1,82877929,33386188291,40,1738
1790163556.148979335,localhost,C1E,1235081667,277678380544,40,1738
1790163556.148979335,localhost,C6,1813354442,266707935973321,40,1738
1790163556.148979335,localhost,POLL,3494031,127503042,40,1738
1790163556.152507491,localhost,C1,82877929,33386188303,40,1736
1790163556.152507491,localhost,C1E,1235081713,277678391516,40,1736
1790163556.152507491,localhost,C6,1813354493,266707936039117,40,1736
1790163556.152507491,localhost,POLL,3494031,127503042,40,1736
1790163556.531983250,localhost,C1,82878004,33386194853,40,1749
1790163556.531983250,localhost,C1E,1235085491,277679284568,40,1749
1790163556.531983250,localhost,C6,1813360844,266707954642618,40,1749
1790163556.531983250,localhost,POLL,3494038,127503209,40,1749
1790163556.533763511,localhost,C1,82878007,33386194928,40,1735
1790163556.533763511,localhost,C1E,1235085548,277679301293,40,1735
1790163556.533763511,localhost,C6,1813360979,266707957018770,40,1735
1790163556.533763511,localhost,POLL,3494038,127503209,40,1735
1790163557.214333242,localhost,C1,82878163,33386214124,40,1823
1790163557.214333242,localhost,C1E,1235091215,277680672910,40,1823
1790163557.214333242,localhost,C6,1813373178,266707978386962,40,1823
1790163557.214333242,localhost,POLL,3494050,127503545,40,1823
1790163557.215980139,localhost,C1,82878164,33386214124,40,1778
1790163557.215980139,localhost,C1E,1235091243,277680684897,40,1778
1790163557.215980139,localhost,C6,1813373276,266707978485592,40,1778
1790163557.215980139,localhost,POLL,3494050,127503545,40,1778
1790163557.595435867,localhost,C1,82878234,33386217485,40,1758
1790163557.595435867,localhost,C1E,1235094767,277681535150,40,1758
1790163557.595435867,localhost,C6,1813379821,266707991724199,40,1758
1790163557.595435867,localhost,POLL,3494058,127503776,40,1758
1790163557.599840499,localhost,C1,82878234,33386217485,40,1751
1790163557.599840499,localhost,C1E,1235094796,277681544236,40,1751
1790163557.599840499,localhost,C6,1813379894,266707991779338,40,1751
1790163557.599840499,localhost,POLL,3494058,127503776,40,1751
1790163558.277327838,localhost,C1,82878370,33386233479,40,1914
1790163558.277327838,localhost,C1E,1235101362,277683082037,40,1914
1790163558.277327838,localhost,C6,1813391961,266708019503687,40,1914
1790163558.277327838,localhost,POLL,3494077,127504346,40,1914
1790163558.281032909,localhost,C1,82878370,33386233479,40,1820
1790163558.281032909,localhost,C1E,1235101380,277683080715,40,1820
1790163558.281032909,localhost,C6,1813391997,266708019498550,40,1820
1790163558.281032909,localhost,POLL,3494077,127504346,40,1820
1790163558.657930520,localhost,C1,82878462,33386235192,40,1734
1790163558.657930520,localhost,C1E,1235105552,277684131255,40,1734
1790163558.657930520,localhost,C6,1813399070,266708034382877,40,1734
1790163558.657930520,localhost,POLL,3494088,127504613,40,1734
1790163558.662896795,localhost,C1,82878463,33386235518,40,1731
1790163558.662896795,localhost,C1E,1235105574,277684136281,40,1731
1790163558.662896795,localhost,C6,1813399143,266708034453195,40,1731
1790163558.662896795,localhost,POLL,3494088,127504613,40,1731
1790163559.345711951,localhost,C1,82878642,33386252427,40,1665
1790163559.345711951,localhost,C1E,1235112245,277685747733,40,1665
1790163559.345711951,localhost,C6,1813411344,266708052589756,40,1665
1790163559.345711951,localhost,POLL,3494098,127504845,40,1665
1790163559.345993091,localhost,C1,82878644,33386252798,40,1583
1790163559.345993091,localhost,C1E,1235112284,277685756840,40,1583
1790163559.345993091,localhost,C6,1813411406,266708052669752,40,1583
1790163559.345993091,localhost,POLL,3494098,127504845,40,1583
1790163559.724044411,localhost,C1,82878737,33386255927,40,1641
1790163559.724044411,localhost,C1E,1235116316,277686718831,40,1641
1790163559.724044411,localhost,C6,1813418372,266708068490903,40,1641
1790163559.724044411,localhost,POLL,3494105,127505093,40,1641
1790163559.723647248,localhost,C1,82878737,33386255927,40,1714
1790163559.723647248,localhost,C1E,1235116329,277686723066,40,1714
1790163559.723647248,localhost,C6,1813418387,266708068512140,40,1714
1790163559.723647248,localhost,POLL,3494105,127505093,40,1714
1790163560.405832274,localhost,C1,82878909,33386264272,40,1753
1790163560.405832274,localhost,C1E,1235123486,277688488254,40,1753
1790163560.405832274,localhost,C6,1813430429,266708093324997,40,1753
1790163560.405832274,localhost,POLL,3494120,127505483,40,1753
1790163560.408180800,localhost,C1,82878910,33386264292,40,1759
1790163560.408180800,localhost,C1E,1235123564,277688499365,40,1759
1790163560.408180800,localhost,C6,1813430486,266708093375730,40,1759
1790163560.408180800,localhost,POLL,3494120,127505483,40,1759
1790163560.786892610,localhost,C1,82879031,33386271981,40,1959
1790163560.786892610,localhost,C1E,1235127919,277689587883,40,1959
1790163560.786892610,localhost,C6,1813437206,266708107254873,40,1959
1790163560.786892610,localhost,POLL,3494129,127505723,40,1959
1790163560.789186377,localhost,C1,82879032,33386271981,40,1951
1790163560.789186377,localhost,C1E,1235127978,277689600581,40,1951
1790163560.789186377,localhost,C6,1813437321,266708107348109,40,1951
1790163560.789186377,localhost,POLL,3494129,127505723,40,1951
1790163561.468720538,localhost,C1,82879195,33386283706,40,1958
1790163561.468720538,localhost,C1E,1235134437,277691170712,40,1958
1790163561.468720538,localhost,C6,1813448340,266708129365176,40,1958
1790163561.468720538,localhost,POLL,3494142,127506077,40,1958
1790163561.472987171,localhost,C1,82879195,33386283736,40,2033
1790163561.472987171,localhost,C1E,1235134484,277691186653,40,2033
1790163561.472987171,localhost,C6,1813448431,266708129404432,40,2033
1790163561.472987171,localhost,POLL,3494142,127506077,40,2033
1790163561.849682142,localhost,C1,82879256,33386285594,40,1948
1790163561.849682142,localhost,C1E,1235137399,277691924291,40,1948
1790163561.849682142,localhost,C6,1813455603,266708143945930,40,1948
1790163561.849682142,localhost,POLL,3494151,127506338,40,1948
1790163561.858047016,localhost,C1,82879257,33386285647,40,1895
1790163561.858047016,localhost,C1E,1235137463,277691951487,40,1895
1790163561.858047016,localhost,C6,1813455818,266708144145660,40,1895
1790163561.858047016,localhost,POLL,3494152,127506338,40,1895
1790163562.533864197,localhost,C1,82879386,33386291783,40,1663
1790163562.533864197,localhost,C1E,1235143082,277693286914,40,1663
1790163562.533864197,localhost,C6,1813467129,266708169733939,40,1663
1790163562.533864197,localhost,POLL,3494165,127506735,40,1663
1790163562.539314084,localhost,C1,82879387,33386291817,40,1640
1790163562.539314084,localhost,C1E,1235143147,277693305653,40,1640
1790163562.539314084,localhost,C6,1813467250,266708169841156,40,1640
1790163562.539314084,localhost,POLL,3494165,127506735,40,1640
1790163562.914764136,localhost,C1,82879474,33386298265,40,1909
1790163562.914764136,localhost,C1E,1235146032,277694044832,40,1909
1790163562.914764136,localhost,C6,1813474102,266708185386728,40,1909
1790163562.914764136,localhost,POLL,3494174,127507023,40,1909
1790163562.924061439,localhost,C1,82879474,33386298344,40,1978
1790163562.924061439,localhost,C1E,1235146087,277694065972,40,1978
1790163562.924061439,localhost,C6,1813474288,266708185865228,40,1978
1790163562.924061439,localhost,POLL,3494174,127507023,40,1978
1790163563.600699082,localhost,C1,82879597,33386303844,40,1855
1790163563.600699082,localhost,C1E,1235151539,277695394724,40,1855
1790163563.600699082,localhost,C6,1813485628,266708206932236,40,1855
1790163563.600699082,localhost,POLL,3494183,127507270,40,1855
1790163563.605782112,localhost,C1,82879598,33386303844,40,1884
1790163563.605782112,localhost,C1E,1235151571,277695402460,40,1884
1790163563.605782112,localhost,C6,1813485687,266708206985945,40,1884
1790163563.605782112,localhost,POLL,3494183,127507270,40,1884
1790163563.976771132,localhost,C1,82879682,33386307581,40,1772
1790163563.976771132,localhost,C1E,1235155084,277696243531,40,1772
1790163563.976771132,localhost,C6,1813491926,266708219193250,40,1772
1790163563.976771132,localhost,POLL,3494189,127507474,40,1772
1790163563.986430276,localhost,C1,82879685,33386310688,40,1852
1790163563.986430276,localhost,C1E,1235155149,277696268732,40,1852
1790163563.986430276,localhost,C6,1813492032,266708219299075,40,1852
1790163563.986430276,localhost,POLL,3494189,127507474,40,1852
1790163564.669345773,localhost,C1,82879813,33386323975,40,1864
1790163564.669345773,localhost,C1E,1235160858,277697601784,40,1864
1790163564.669345773,localhost,C6,1813503322,266708243396234,40,1864
1790163564.669345773,localhost,POLL,3494197,127507694,40,1864
1790163564.666524502,localhost,C1,82879814,33386323975,40,1655
1790163564.666524502,localhost,C1E,1235160877,277697606526,40,1655
1790163564.666524502,localhost,C6,1813503393,266708243433018,40,1655
1790163564.666524502,localhost,POLL,3494197,127507694,40,1655
1790163565.042425494,localhost,C1,82879910,33386330603,40,1770
1790163565.042425494,localhost,C1E,1235164439,277698454150,40,1770
1790163565.042425494,localhost,C6,1813509953,266708258528383,40,1770
1790163565.042425494,localhost,POLL,3494204,127507921,40,1770
1790163565.047087332,localhost,C1,82879913,33386330655,40,1822
1790163565.047087332,localhost,C1E,1235164464,277698471391,40,1822
1790163565.047087332,localhost,C6,1813510038,266708258975111,40,1822
1790163565.047087332,localhost,POLL,3494204,127507921,40,1822
1790163565.734159738,localhost,C1,82880052,33386338164,40,1583
1790163565.734159738,localhost,C1E,1235170153,277699722371,40,1583
1790163565.734159738,localhost,C6,1813518545,266708280375927,40,1583
1790163565.734159738,localhost,POLL,3494215,127508273,40,1583
1790163565.737577369,localhost,C1,82880052,33386338164,40,1607
1790163565.737577369,localhost,C1E,1235170169,277699724172,40,1607
1790163565.737577369,localhost,C6,1813518564,266708280422525,40,1607
1790163565.737577369,localhost,POLL,3494215,127508273,40,1607
1790163566.105047747,localhost,C1,82880089,33386338741,40,1525
1790163566.105047747,localhost,C1E,1235172305,277700179926,40,1525
1790163566.105047747,localhost,C6,1813520503,266708290669368,40,1525
1790163566.105047747,localhost,POLL,3494221,127508516,40,1525
1790163566.112288772,localhost,C1,82880089,33386338756,40,1616
1790163566.112288772,localhost,C1E,1235172350,277700190277,40,1616
1790163566.112288772,localhost,C6,1813520572,266708290762130,40,1616
1790163566.112288772,localhost,POLL,3494222,127508516,40,1616
1790163566.801186025,localhost,C1,82880183,33386355124,40,1486
1790163566.801186025,localhost,C1E,1235176386,277701051657,40,1486
1790163566.801186025,localhost,C6,1813523694,266708326699782,40,1486
1790163566.801186025,localhost,POLL,3494228,127508714,40,1486
1790163566.805309084,localhost,C1,82880183,33386355124,40,1491
1790163566.805309084,localhost,C1E,1235176421,277701059471,40,1491
1790163566.805309084,localhost,C6,1813523749,266708326989132,40,1491
1790163566.805309084,localhost,POLL,3494228,127508714,40,1491
1790163567.168915939,localhost,C1,82880230,33386356557,40,1433
1790163567.168915939,localhost,C1E,1235178523,277701517013,40,1433
1790163567.168915939,localhost,C6,1813525724,266708337330036,40,1433
1790163567.168915939,localhost,POLL,3494230,127508783,40,1433
1790163567.180905581,localhost,C1,82880234,33386356576,40,1425
1790163567.180905581,localhost,C1E,1235178610,277701541619,40,1425
1790163567.180905581,localhost,C6,1813525902,266708338497331,40,1425
1790163567.180905581,localhost,POLL,3494230,127508783,40,1425
1790163567.868320502,localhost,C1,82880327,33386374819,40,1636
1790163567.868320502,localhost,C1E,1235182732,277702459207,40,1636
1790163567.868320502,localhost,C6,1813531308,266708361489708,40,1636
1790163567.868320502,localhost,POLL,3494234,127508943,40,1636
1790163567.873755501,localhost,C1,82880328,33386374819,40,1781
1790163567.873755501,localhost,C1E,1235182751,277702468202,40,1781
1790163567.873755501,localhost,C6,1813531359,266708362857580,40,1781
1790163567.873755501,localhost,POLL,3494234,127508943,40,1781
1790163568.232691119,localhost,C1,82880384,33386381525,40,1539
1790163568.232691119,localhost,C1E,1235184964,277703022609,40,1539
1790163568.232691119,localhost,C6,1813536924,266708379350458,40,1539
1790163568.232691119,localhost,POLL,3494240,127509153,40,1539
1790163568.247515401,localhost,C1,82880388,33386381939,40,1694
1790163568.247515401,localhost,C1E,1235185067,277703049214,40,1694
1790163568.247515401,localhost,C6,1813537201,266708380108881,40,1694
1790163568.247515401,localhost,POLL,3494240,127509153,40,1694
1790163568.931963447,localhost,C1,82880460,33386387705,40,1703
1790163568.931963447,localhost,C1E,1235189356,277704107557,40,1703
1790163568.931963447,localhost,C6,1813547506,266708404300286,40,1703
1790163568.931963447,localhost,POLL,3494249,127509490,40,1703
1790163568.940406311,localhost,C1,82880461,33386387705,40,1791
1790163568.940406311,localhost,C1E,1235189396,277704121001,40,1791
1790163568.940406311,localhost,C6,1813547653,266708404775231,40,1791
1790163568.940406311,localhost,POLL,3494249,127509490,40,1791
1790163569.302065351,localhost,C1,82880496,33386389477,40,1829
1790163569.302065351,localhost,C1E,1235191631,277704695227,40,1829
1790163569.302065351,localhost,C6,1813553424,266708418889340,40,1829
1790163569.302065351,localhost,POLL,3494254,127509683,40,1829
1790163569.313953600,localhost,C1,82880500,33386389563,40,1904
1790163569.313953600,localhost,C1E,1235191710,277704720721,40,1904
1790163569.313953600,localhost,C6,1813553738,266708419350193,40,1904
1790163569.313953600,localhost,POLL,3494254,127509683,40,1904
1790163569.998758598,localhost,C1,82880615,33386394019,40,1601
1790163569.998758598,localhost,C1E,1235195961,277705750092,40,1601
1790163569.998758598,localhost,C6,1813564022,266708440612686,40,1601
1790163569.998758598,localhost,POLL,3494262,127509984,40,1601
1790163570.006034918,localhost,C1,82880616,33386394019,40,1775
1790163570.006034918,localhost,C1E,1235196006,277705767076,40,1775
1790163570.006034918,localhost,C6,1813564171,266708441498187,40,1775
1790163570.006034918,localhost,POLL,3494262,127509984,40,1775
1790163570.370870261,localhost,C1,82880679,33386395140,40,1810
1790163570.370870261,localhost,C1E,1235198698,277706432003,40,1810
1790163570.370870261,localhost,C6,1813570487,266708459678676,40,1810
1790163570.370870261,localhost,POLL,3494269,127510211,40,1810
1790163570.380149016,localhost,C1,82880680,33386395178,40,1846
1790163570.380149016,localhost,C1E,1235198750,277706448058,40,1846
1790163570.380149016,localhost,C6,1813570620,266708459855482,40,1846
1790163570.380149016,localhost,POLL,3494269,127510211,40,1846
1790163571.062969753,localhost,C1,82880788,33386397167,40,1626
1790163571.062969753,localhost,C1E,1235203577,277707595175,40,1626
1790163571.062969753,localhost,C6,1813581820,266708482982419,40,1626
1790163571.062969753,localhost,POLL,3494279,127510494,40,1626
1790163571.073197944,localhost,C1,82880788,33386397167,40,1645
1790163571.073197944,localhost,C1E,1235203601,277707602198,40,1645
1790163571.073197944,localhost,C6,1813581924,266708483236382,40,1645
1790163571.073197944,localhost,POLL,3494279,127510494,40,1645
1790163571.438779833,localhost,C1,82880831,33386398064,40,1479
1790163571.438779833,localhost,C1E,1235206046,277708233612,40,1479
1790163571.438779833,localhost,C6,1813587455,266708499072958,40,1479
1790163571.438779833,localhost,POLL,3494283,127510652,40,1479
1790163571.444751244,localhost,C1,82880833,33386398150,40,1641
1790163571.444751244,localhost,C1E,1235206105,277708241900,40,1641
1790163571.444751244,localhost,C6,1813587533,266708499242208,40,1641
1790163571.444751244,localhost,POLL,3494284,127510652,40,1641
1790163572.134090584,localhost,C1,82880920,33386401790,40,1870
1790163572.134090584,localhost,C1E,1235209897,277709224205,40,1870
1790163572.134090584,localhost,C6,1813597717,266708521335009,40,1870
1790163572.134090584,localhost,POLL,3494290,127510850,40,1870
1790163572.131529666,localhost,C1,82880920,33386401790,40,1865
1790163572.131529666,localhost,C1E,1235209892,277709224205,40,1865
1790163572.131529666,localhost,C6,1813597705,266708521339665,40,1865
1790163572.131529666,localhost,POLL,3494290,127510850,40,1865
1790163572.501930223,localhost,C1,82880971,33386403507,40,1672
1790163572.501930223,localhost,C1E,1235212197,277709817269,40,1672
1790163572.501930223,localhost,C6,1813603301,266708534047087,40,1672
1790163572.501930223,localhost,POLL,3494293,127511010,40,1672
1790163572.509887564,localhost,C1,82880971,33386403507,40,1744
1790163572.509887564,localhost,C1E,1235212266,277709835278,40,1744
1790163572.509887564,localhost,C6,1813603427,266708534474643,40,1744
1790163572.509887564,localhost,POLL,3494294,127511037,40,1744
1790163573.197644980,localhost,C1,82881073,33386415634,40,1490
1790163573.197644980,localhost,C1E,1235216401,277710872089,40,1490
1790163573.197644980,localhost,C6,1813613905,266708559943363,40,1490
1790163573.197644980,localhost,POLL,3494310,127511620,40,1490
1790163573.201794053,localhost,C1,82881073,33386415634,40,1590
1790163573.201794053,localhost,C1E,1235216417,277710875300,40,1590
1790163573.201794053,localhost,C6,1813613950,266708560000256,40,1590
1790163573.201794053,localhost,POLL,3494310,127511620,40,1590
1790163573.565635712,localhost,C1,82881116,33386417065,40,1682
1790163573.565635712,localhost,C1E,1235218594,277711444404,40,1682
1790163573.565635712,localhost,C6,1813619863,266708571793033,40,1682
1790163573.565635712,localhost,POLL,3494311,127511641,40,1682
1790163573.573322519,localhost,C1,82881118,33386417081,40,1764
1790163573.573322519,localhost,C1E,1235218629,277711456585,40,1764
1790163573.573322519,localhost,C6,1813620029,266708571963207,40,1764
1790163573.573322519,localhost,POLL,3494311,127511641,40,1764
1790163574.266234392,localhost,C1,82881210,33386421607,40,1658
1790163574.266234392,localhost,C1E,1235222603,277712443974,40,1658
1790163574.266234392,localhost,C6,1813630494,266708601179948,40,1658
1790163574.266234392,localhost,POLL,3494318,127511845,40,1658
1790163574.269099748,localhost,C1,82881210,33386421607,40,1630
1790163574.269099748,localhost,C1E,1235222611,277712445243,40,1630
1790163574.269099748,localhost,C6,1813630511,266708601188876,40,1630
1790163574.269099748,localhost,POLL,3494318,127511845,40,1630
1790163574.630991930,localhost,C1,82881281,33386436734,40,1575
1790163574.630991930,localhost,C1E,1235224757,277713002354,40,1575
1790163574.630991930,localhost,C6,1813635845,266708618552688,40,1575
1790163574.630991930,localhost,POLL,3494325,127512031,40,1575
1790163574.636472959,localhost,C1,82881281,33386436734,40,1599
1790163574.636472959,localhost,C1E,1235224765,277713006006,40,1599
1790163574.636472959,localhost,C6,1813635880,266708618597068,40,1599
1790163574.636472959,localhost,POLL,3494325,127512031,40,1599
1790163575.334834344,localhost,C1,82881376,33386438846,40,1577
1790163575.334834344,localhost,C1E,1235228781,277714017045,40,1577
1790163575.334834344,localhost,C6,1813645951,266708640265537,40,1577
1790163575.334834344,localhost,POLL,3494329,127512175,40,1577
1790163575.335071708,localhost,C1,82881376,33386438846,40,1576
1790163575.335071708,localhost,C1E,1235228785,277714018539,40,1576
1790163575.335071708,localhost,C6,1813645963,266708640279119,40,1576
1790163575.335071708,localhost,POLL,3494329,127512175,40,1576
1790163575.697283873,localhost,C1,82881425,33386440754,40,1588
1790163575.697283873,localhost,C1E,1235231019,277714595937,40,1588
1790163575.697283873,localhost,C6,1813651636,266708651403836,40,1588
1790163575.697283873,localhost,POLL,3494333,127512307,40,1588
1790163575.700943466,localhost,C1,82881426,33386440754,40,1716
1790163575.700943466,localhost,C1E,1235231068,277714602846,40,1716
1790163575.700943466,localhost,C6,1813651716,266708651589708,40,1716
1790163575.700943466,localhost,POLL,3494333,127512307,40,1716
1790163576.402657377,localhost,C1,82881522,33386443916,40,1418
1790163576.402657377,localhost,C1E,1235235206,277715651745,40,1418
1790163576.402657377,localhost,C6,1813661925,266708678508028,40,1418
1790163576.402657377,localhost,POLL,3494340,127512559,40,1418
1790163576.401748547,localhost,C1,82881522,33386443916,40,1427
1790163576.401748547,localhost,C1E,1235235211,277715651506,40,1427
1790163576.401748547,localhost,C6,1813661938,266708678497271,40,1427
1790163576.401748547,localhost,POLL,3494340,127512559,40,1427
1790163576.760281443,localhost,C1,82881570,33386444702,40,1595
1790163576.760281443,localhost,C1E,1235237371,277716195755,40,1595
1790163576.760281443,localhost,C6,1813667466,266708691041312,40,1595
1790163576.760281443,localhost,POLL,3494344,127512693,40,1595
1790163576.767528702,localhost,C1,82881570,33386444702,40,1565
1790163576.767528702,localhost,C1E,1235237417,277716210187,40,1565
1790163576.767528702,localhost,C6,1813667592,266708691498194,40,1565
1790163576.767528702,localhost,POLL,3494344,127512693,40,1565
1790163577.468044215,localhost,C1,82881654,33386446560,40,1550
1790163577.468044215,localhost,C1E,1235241368,277717204218,40,1550
1790163577.468044215,localhost,C6,1813677813,266708716866977,40,1550
1790163577.468044215,localhost,POLL,3494353,127513012,40,1550
1790163577.474169654,localhost,C1,82881656,33386446560,40,1561
1790163577.474169654,localhost,C1E,1235241423,277717214433,40,1561
1790163577.474169654,localhost,C6,1813677910,266708716975051,40,1561
1790163577.474169654,localhost,POLL,3494353,127513012,40,1561
1790163577.827960206,localhost,C1,82881715,33386448633,40,1573
1790163577.827960206,localhost,C1E,1235243626,277717758227,40,1573
1790163577.827960206,localhost,C6,1813683284,266708729604342,40,1573
1790163577.827960206,localhost,POLL,3494359,127513229,40,1573
1790163577.832382660,localhost,C1,82881715,33386448658,40,1559
1790163577.832382660,localhost,C1E,1235243661,277717773388,40,1559
1790163577.832382660,localhost,C6,1813683435,266708730204910,40,1559
1790163577.832382660,localhost,POLL,3494359,127513229,40,1559
1790163578.531761712,localhost,C1,82881804,33386454966,40,1629
1790163578.531761712,localhost,C1E,1235247735,277718802003,40,1629
1790163578.531761712,localhost,C6,1813693657,266708756742139,40,1629
1790163578.531761712,localhost,POLL,3494365,127513438,40,1629
1790163578.537663208,localhost,C1,82881805,33386455004,40,1491
1790163578.537663208,localhost,C1E,1235247757,277718810813,40,1491
1790163578.537663208,localhost,C6,1813693724,266708756929029,40,1491
1790163578.537663208,localhost,POLL,3494365,127513438,40,1491
1790163578.892280407,localhost,C1,82881862,33386464049,40,1699
1790163578.892280407,localhost,C1E,1235249887,277719368513,40,1699
1790163578.892280407,localhost,C6,1813699310,266708772089804,40,1699
1790163578.892280407,localhost,POLL,3494371,127513585,40,1699
1790163578.898886471,localhost,C1,82881863,33386464073,40,1690
1790163578.898886471,localhost,C1E,1235249948,277719384897,40,1690
1790163578.898886471,localhost,C6,1813699403,266708772497737,40,1690
1790163578.898886471,localhost,POLL,3494371,127513585,40,1690
1790163579.599644247,localhost,C1,82881967,33386466199,40,1774
1790163579.599644247,localhost,C1E,1235254056,277720432813,40,1774
1790163579.599644247,localhost,C6,1813709996,266708800215520,40,1774
1790163579.599644247,localhost,POLL,3494379,127513897,40,1774
1790163579.605015176,localhost,C1,82881968,33386466226,40,1687
1790163579.605015176,localhost,C1E,1235254083,277720444061,40,1687
1790163579.605015176,localhost,C6,1813710126,266708800421344,40,1687
1790163579.605015176,localhost,POLL,3494379,127513897,40,1687
1790163579.954104022,localhost,C1,82882003,33386466873,40,1614
1790163579.954104022,localhost,C1E,1235255974,277720938076,40,1614
1790163579.954104022,localhost,C6,1813715861,266708810471690,40,1614
1790163579.954104022,localhost,POLL,3494385,127514091,40,1614
1790163579.965978181,localhost,C1,82882003,33386466910,40,1507
1790163579.965978181,localhost,C1E,1235256038,277720956878,40,1507
1790163579.965978181,localhost,C6,1813716102,266708810852411,40,1507
1790163579.965978181,localhost,POLL,3494385,127514091,40,1507
1790163580.664493333,localhost,C1,82882084,33386470524,40,1699
1790163580.664493333,localhost,C1E,1235259973,277721949112,40,1699
1790163580.664493333,localhost,C6,1813726640,266708834599599,40,1699
1790163580.664493333,localhost,POLL,3494395,127514416,40,1699
1790163580.668563597,localhost,C1,82882084,33386470556,40,1659
1790163580.668563597,localhost,C1E,1235259985,277721956483,40,1659
1790163580.668563597,localhost,C6,1813726709,266708834709184,40,1659
1790163580.668563597,localhost,POLL,3494395,127514416,40,1659
1790163581.015272458,localhost,C1,82882127,33386471367,40,1666
1790163581.015272458,localhost,C1E,1235261925,277722465585,40,1666
1790163581.015272458,localhost,C6,1813732246,266708845404370,40,1666
1790163581.015272458,localhost,POLL,3494398,127514512,40,1666
1790163581.031151618,localhost,C1,82882130,33386471399,40,1738
1790163581.031151618,localhost,C1E,1235261992,277722495492,40,1738
1790163581.031151618,localhost,C6,1813732539,266708846723844,40,1738
1790163581.031151618,localhost,POLL,3494398,127514512,40,1738
1790163581.733045947,localhost,C1,82882229,33386473913,40,1831
1790163581.733045947,localhost,C1E,1235266256,277723564640,40,1831
1790163581.733045947,localhost,C6,1813742656,266708871723603,40,1831
1790163581.733045947,localhost,POLL,3494405,127514796,40,1831
1790163581.739275751,localhost,C1,82882229,33386473913,40,1785
1790163581.739275751,localhost,C1E,1235266277,277723567559,40,1785
1790163581.739275751,localhost,C6,1813742693,266708871751417,40,1785
1790163581.739275751,localhost,POLL,3494405,127514796,40,1785
1790163582.080910927,localhost,C1,82882278,33386478572,40,1517
1790163582.080910927,localhost,C1E,1235268389,277724114954,40,1517
1790163582.080910927,localhost,C6,1813747671,266708884372790,40,1517
1790163582.080910927,localhost,POLL,3494411,127514980,40,1517
1790163582.095294260,localhost,C1,82882280,33386478598,40,1515
1790163582.095294260,localhost,C1E,1235268477,277724149675,40,1515
1790163582.095294260,localhost,C6,1813747967,266708886741159,40,1515
1790163582.095294260,localhost,POLL,3494412,127514980,40,1515
1790163582.800140715,localhost,C1,82882406,33386488903,40,1498
1790163582.800140715,localhost,C1E,1235273320,277725341476,40,1498
1790163582.800140715,localhost,C6,1813758522,266708916162663,40,1498
1790163582.800140715,localhost,POLL,3494420,127515243,40,1498
1790163582.804918711,localhost,C1,82882407,33386488903,40,1475
1790163582.804918711,localhost,C1E,1235273363,277725356642,40,1475
1790163582.804918711,localhost,C6,1813758609,266708916589691,40,1475
1790163582.804918711,localhost,POLL,3494420,127515243,40,1475
1790163583.146377976,localhost,C1,82882473,33386491334,40,1632
1790163583.146377976,localhost,C1E,1235275874,277725980463,40,1632
1790163583.146377976,localhost,C6,1813763381,266708925603666,40,1632
1790163583.146377976,localhost,POLL,3494425,127515433,40,1632
1790163583.164097085,localhost,C1,82882474,33386491378,40,1579
1790163583.164097085,localhost,C1E,1235276016,277726020089,40,1579
1790163583.164097085,localhost,C6,1813763708,266708926397430,40,1579
1790163583.164097085,localhost,POLL,3494425,127515433,40,1579
1790163583.871615310,localhost,C1,82882607,33386495205,40,1533
1790163583.871615310,localhost,C1E,1235280888,277727209568,40,1533
1790163583.871615310,localhost,C6,1813774713,266708953087275,40,1533
1790163583.871615310,localhost,POLL,3494430,127515618,40,1533
1790163583.869079083,localhost,C1,82882607,33386495205,40,1563
1790163583.869079083,localhost,C1E,1235280885,277727210165,40,1563
1790163583.869079083,localhost,C6,1813774705,266708953093953,40,1563
1790163583.869079083,localhost,POLL,3494430,127515618,40,1563
1790163584.209484435,localhost,C1,82882684,33386504668,40,1479
1790163584.209484435,localhost,C1E,1235283698,277727907891,40,1479
1790163584.209484435,localhost,C6,1813780217,266708966239339,40,1479
1790163584.209484435,localhost,POLL,3494438,127515936,40,1479
1790163584.223192934,localhost,C1,82882686,33386504706,40,1650
1790163584.223192934,localhost,C1E,1235283781,277727927656,40,1650
1790163584.223192934,localhost,C6,1813780525,266708966609987,40,1650
1790163584.223192934,localhost,POLL,3494439,127515936,40,1650
1790163584.936116966,localhost,C1,82882839,33386515826,40,1681
1790163584.936116966,localhost,C1E,1235288226,277728906238,40,1681
1790163584.936116966,localhost,C6,1813785023,266708985359507,40,1681
1790163584.936116966,localhost,POLL,3494450,127516277,40,1681
1790163584.939331118,localhost,C1,82882840,33386515852,40,1682
1790163584.939331118,localhost,C1E,1235288249,277728912458,40,1682
1790163584.939331118,localhost,C6,1813785064,266708986070350,40,1682
1790163584.939331118,localhost,POLL,3494450,127516277,40,1682
1790163585.276823245,localhost,C1,82882922,33386526372,40,1536
1790163585.276823245,localhost,C1E,1235290224,277729337800,40,1536
1790163585.276823245,localhost,C6,1813787042,266709000207547,40,1536
1790163585.276823245,localhost,POLL,3494455,127516460,40,1536
1790163585.287889331,localhost,C1,82882922,33386526372,40,1459
1790163585.287889331,localhost,C1E,1235290301,277729355389,40,1459
1790163585.287889331,localhost,C6,1813787164,266709001192166,40,1459
1790163585.287889331,localhost,POLL,3494455,127516460,40,1459
1790163586.002156815,localhost,C1,82882991,33386527708,40,1622
1790163586.002156815,localhost,C1E,1235294410,277730205305,40,1622
1790163586.002156815,localhost,C6,1813790326,266709019145107,40,1622
1790163586.002156815,localhost,POLL,3494466,127516912,40,1622
1790163586.005944364,localhost,C1,82882992,33386527747,40,1520
1790163586.005944364,localhost,C1E,1235294435,277730210926,40,1520
1790163586.005944364,localhost,C6,1813790360,266709019194102,40,1520
1790163586.005944364,localhost,POLL,3494466,127516912,40,1520
1790163586.343829630,localhost,C1,82883362,33386582664,40,1767
1790163586.343829630,localhost,C1E,1235297154,277730827907,40,1767
1790163586.343829630,localhost,C6,1813793270,266709046585362,40,1767
1790163586.343829630,localhost,POLL,3494471,127517082,40,1767
1790163586.353419179,localhost,C1,82883389,33386585836,40,1859
1790163586.353419179,localhost,C1E,1235297240,277730849880,40,1859
1790163586.353419179,localhost,C6,1813793404,266709046675452,40,1859
1790163586.353419179,localhost,POLL,3494471,127517082,40,1859
1790163587.069671462,localhost,C1,82885271,33386854015,40,1706
1790163587.069671462,localhost,C1E,1235308815,277733549697,40,1706
1790163587.069671462,localhost,C6,1813808799,266709073259244,40,1706
1790163587.069671462,localhost,POLL,3494491,127517646,40,1706
1790163587.073245599,localhost,C1,82885278,33386854868,40,1705
1790163587.073245599,localhost,C1E,1235308841,277733551952,40,1705
1790163587.073245599,localhost,C6,1813808825,266709073265934,40,1705
1790163587.073245599,localhost,POLL,3494491,127517646,40,1705
1790163587.412971404,localhost,C1,82886771,33387027579,40,1830
1790163587.412971404,localhost,C1E,1235314256,277734757809,40,1830
1790163587.412971404,localhost,C6,1813814857,266709085592575,40,1830
1790163587.412971404,localhost,POLL,3494504,127518028,40,1830
1790163587.417240369,localhost,C1,82886784,33387027896,40,1802
1790163587.417240369,localhost,C1E,1235314289,277734761326,40,1802
1790163587.417240369,localhost,C6,1813814938,266709085630030,40,1802
1790163587.417240369,localhost,POLL,3494504,127518028,40,1802
1790163588.134852838,localhost,C1,82888414,33387246237,40,1829
1790163588.134852838,localhost,C1E,1235325329,277737462181,40,1829
1790163588.134852838,localhost,C6,1813830196,266709109104816,40,1829
1790163588.134852838,localhost,POLL,3494531,127518762,40,1829
1790163588.139207690,localhost,C1,82888422,33387249331,40,1855
1790163588.139207690,localhost,C1E,1235325376,277737472704,40,1855
1790163588.139207690,localhost,C6,1813830257,266709109145022,40,1855
1790163588.139207690,localhost,POLL,3494531,127518762,40,1855
1790163588.480519305,localhost,C1,82889116,33387336762,40,1804
1790163588.480519305,localhost,C1E,1235330989,277738868862,40,1804
1790163588.480519305,localhost,C6,1813837626,266709119890207,40,1804
1790163588.480519305,localhost,POLL,3494537,127518935,40,1804
1790163588.479771289,localhost,C1,82889115,33387336366,40,1794
1790163588.479771289,localhost,C1E,1235330975,277738865183,40,1794
1790163588.479771289,localhost,C6,1813837607,266709119806640,40,1794
1790163588.479771289,localhost,POLL,3494537,127518935,40,1794
1790163589.195695323,localhost,C1,82890793,33387583642,40,1747
1790163589.195695323,localhost,C1E,1235342894,277741713796,40,1747
1790163589.195695323,localhost,C6,1813851644,266709142645203,40,1747
1790163589.195695323,localhost,POLL,3494551,127519351,40,1747
1790163589.202247447,localhost,C1,82890826,33387593253,40,1736
1790163589.202247447,localhost,C1E,1235343018,277741749384,40,1736
1790163589.202247447,localhost,C6,1813851801,266709142877486,40,1736
1790163589.202247447,localhost,POLL,3494551,127519351,40,1736
1790163589.544549401,localhost,C1,82892297,33387819912,40,1803
1790163589.544549401,localhost,C1E,1235348833,277743045829,40,1803
1790163589.544549401,localhost,C6,1813857771,266709152994698,40,1803
1790163589.544549401,localhost,POLL,3494561,127519647,40,1803
1790163589.545495152,localhost,C1,82892323,33387823068,40,1823
1790163589.545495152,localhost,C1E,1235348908,277743068361,40,1823
1790163589.545495152,localhost,C6,1813857820,266709153384366,40,1823
1790163589.545495152,localhost,POLL,3494561,127519647,40,1823
1790163590.256493975,localhost,C1,82894673,33388157323,40,1882
1790163590.256493975,localhost,C1E,1235360822,277745744355,40,1882
1790163590.256493975,localhost,C6,1813871705,266709181671638,40,1882
1790163590.256493975,localhost,POLL,3494582,127520280,40,1882
1790163590.264361551,localhost,C1,82894689,33388159131,40,1884
1790163590.264361551,localhost,C1E,1235360957,277745769720,40,1884
1790163590.264361551,localhost,C6,1813871938,266709181886163,40,1884
1790163590.264361551,localhost,POLL,3494583,127520280,40,1884
1790163590.605531051,localhost,C1,82895449,33388287334,40,1791
1790163590.605531051,localhost,C1E,1235365563,277746837915,40,1791
1790163590.605531051,localhost,C6,1813877851,266709194495229,40,1791
1790163590.605531051,localhost,POLL,3494589,127520459,40,1791
1790163590.613103296,localhost,C1,82895480,33388293211,40,1925
1790163590.613103296,localhost,C1E,1235365666,277746852363,40,1925
1790163590.613103296,localhost,C6,1813877925,266709194593425,40,1925
1790163590.613103296,localhost,POLL,3494589,127520459,40,1925
1790163591.317655463,localhost,C1,82899088,33388777361,40,1837
1790163591.317655463,localhost,C1E,1235377226,277749524601,40,1837
1790163591.317655463,localhost,C6,1813889776,266709214801092,40,1837
1790163591.317655463,localhost,POLL,3494605,127520834,40,1837
1790163591.324293869,localhost,C1,82899130,33388781268,40,1954
1790163591.324293869,localhost,C1E,1235377338,277749551592,40,1954
1790163591.324293869,localhost,C6,1813889898,266709215087416,40,1954
1790163591.324293869,localhost,POLL,3494606,127520846,40,1954
1790163591.665460833,localhost,C1,82900903,33389019877,40,1894
1790163591.665460833,localhost,C1E,1235383080,277750834506,40,1894
1790163591.665460833,localhost,C6,1813895783,266709225780027,40,1894
1790163591.665460833,localhost,POLL,3494613,127520984,40,1894
1790163591.669438885,localhost,C1,82900903,33389019877,40,1887
1790163591.669438885,localhost,C1E,1235383094,277750839558,40,1887
1790163591.669438885,localhost,C6,1813895797,266709225819304,40,1887
1790163591.669438885,localhost,POLL,3494613,127520984,40,1887
1790163592.379688875,localhost,C1,82901209,33389054024,40,1725
1790163592.379688875,localhost,C1E,1235387709,277751822320,40,1725
1790163592.379688875,localhost,C6,1813899584,266709247545173,40,1725
1790163592.379688875,localhost,POLL,3494628,127521485,40,1725
1790163592.385338241,localhost,C1,82901213,33389054071,40,1682
1790163592.385338241,localhost,C1E,1235387741,277751831988,40,1682
1790163592.385338241,localhost,C6,1813899648,266709247614226,40,1682
1790163592.385338241,localhost,POLL,3494628,127521485,40,1682
1790163592.730089011,localhost,C1,82901261,33389056343,40,1738
1790163592.730089011,localhost,C1E,1235389750,277752269289,40,1738
1790163592.730089011,localhost,C6,1813901634,266709257835769,40,1738
1790163592.730089011,localhost,POLL,3494629,127521515,40,1738
1790163592.731903190,localhost,C1,82901261,33389056343,40,1708
1790163592.731903190,localhost,C1E,1235389762,277752271622,40,1708
1790163592.731903190,localhost,C6,1813901654,266709258162200,40,1708
1790163592.731903190,localhost,POLL,3494629,127521515,40,1708
1790163593.445443201,localhost,C1,82901368,33389069859,40,1713
1790163593.445443201,localhost,C1E,1235393896,277753147001,40,1713
1790163593.445443201,localhost,C6,1813904862,266709279295473,40,1713
1790163593.445443201,localhost,POLL,3494639,127521870,40,1713
1790163593.450685110,localhost,C1,82901368,33389072294,40,1725
1790163593.450685110,localhost,C1E,1235393925,277753156604,40,1725
1790163593.450685110,localhost,C6,1813904921,266709279498696,40,1725
1790163593.450685110,localhost,POLL,3494639,127521870,40,1725
1790163593.796775561,localhost,C1,82902166,33389177997,40,1865
1790163593.796775561,localhost,C1E,1235397475,277753973081,40,1865
1790163593.796775561,localhost,C6,1813908368,266709299062067,40,1865
1790163593.796775561,localhost,POLL,3494649,127522153,40,1865
1790163593.798203095,localhost,C1,82902165,33389177997,40,1865
1790163593.798203095,localhost,C1E,1235397465,277753973220,40,1865
1790163593.798203095,localhost,C6,1813908359,266709299076360,40,1865
1790163593.798203095,localhost,POLL,3494649,127522153,40,1865
1790163594.511568114,localhost,C1,82903927,33389431301,40,1962
1790163594.511568114,localhost,C1E,1235409021,277756663902,40,1962
1790163594.511568114,localhost,C6,1813922993,266709334011158,40,1962
1790163594.511568114,localhost,POLL,3494665,127522608,40,1962
1790163594.517310586,localhost,C1,82903952,33389434043,40,1975
1790163594.517310586,localhost,C1E,1235409072,277756682363,40,1975
1790163594.517310586,localhost,C6,1813923113,266709334112155,40,1975
1790163594.517310586,localhost,POLL,3494665,127522608,40,1975
1790163594.862653166,localhost,C1,82905538,33389627416,40,1793
1790163594.862653166,localhost,C1E,1235414735,277757950639,40,1793
1790163594.862653166,localhost,C6,1813929603,266709344811892,40,1793
1790163594.862653166,localhost,POLL,3494674,127522833,40,1793
1790163594.861914445,localhost,C1,82905537,33389627416,40,1749
1790163594.861914445,localhost,C1E,1235414735,277757952767,40,1749
1790163594.861914445,localhost,C6,1813929603,266709344830860,40,1749
1790163594.861914445,localhost,POLL,3494674,127522833,40,1749
1790163595.579493457,localhost,C1,82907857,33389934904,40,1913
1790163595.579493457,localhost,C1E,1235426104,277760472114,40,1913
1790163595.579493457,localhost,C6,1813943771,266709367591723,40,1913
1790163595.579493457,localhost,POLL,3494695,127523425,40,1913
1790163595.580924177,localhost,C1,82907884,33389935874,40,1932
1790163595.580924177,localhost,C1E,1235426130,277760474041,40,1932
1790163595.580924177,localhost,C6,1813943804,266709367617814,40,1932
1790163595.580924177,localhost,POLL,3494695,127523425,40,1932
1790163595.928361389,localhost,C1,82909559,33390135245,40,1941
1790163595.928361389,localhost,C1E,1235431570,277761739090,40,1941
1790163595.928361389,localhost,C6,1813950607,266709378784709,40,1941
1790163595.928361389,localhost,POLL,3494704,127523659,40,1941
1790163595.928789672,localhost,C1,82909568,33390136370,40,1902
1790163595.928789672,localhost,C1E,1235431614,277761747562,40,1902
1790163595.928789672,localhost,C6,1813950672,266709378939850,40,1902
1790163595.928789672,localhost,POLL,3494704,127523659,40,1902
1790163596.645728692,localhost,C1,82911620,33390402205,40,1945
1790163596.645728692,localhost,C1E,1235442960,277764342177,40,1945
1790163596.645728692,localhost,C6,1813964852,266709404544627,40,1945
1790163596.645728692,localhost,POLL,3494729,127524427,40,1945
1790163596.646331580,localhost,C1,82911644,33390406951,40,1920
1790163596.646331580,localhost,C1E,1235443008,277764352151,40,1920
1790163596.646331580,localhost,C6,1813964896,266709404976439,40,1920
1790163596.646331580,localhost,POLL,3494729,127524427,40,1920
1790163596.987893736,localhost,C1,82912473,33390517812,40,1894
1790163596.987893736,localhost,C1E,1235448420,277765664183,40,1894
1790163596.987893736,localhost,C6,1813971904,266709418940140,40,1894
1790163596.987893736,localhost,POLL,3494741,127524763,40,1894
1790163596.991082387,localhost,C1,82912477,33390518213,40,1927
1790163596.991082387,localhost,C1E,1235448426,277765666422,40,1927
1790163596.991082387,localhost,C6,1813971914,266709418945877,40,1927
1790163596.991082387,localhost,POLL,3494741,127524763,40,1927
1790163597.707230546,localhost,C1,82914478,33390778704,40,1881
1790163597.707230546,localhost,C1E,1235459084,277768099702,40,1881
1790163597.707230546,localhost,C6,1813987546,266709440013597,40,1881
1790163597.707230546,localhost,POLL,3494761,127525346,40,1881
1790163597.709070893,localhost,C1,82914486,33390782672,40,1799
1790163597.709070893,localhost,C1E,1235459106,277768108388,40,1799
1790163597.709070893,localhost,C6,1813987574,266709440822762,40,1799
1790163597.709070893,localhost,POLL,3494761,127525346,40,1799
1790163598.054227005,localhost,C1,82915532,33390927009,40,1944
1790163598.054227005,localhost,C1E,1235464661,277769434485,40,1944
1790163598.054227005,localhost,C6,1813994811,266709453934526,40,1944
1790163598.054227005,localhost,POLL,3494771,127525611,40,1944
1790163598.055944428,localhost,C1,82915535,33390930671,40,1989
1790163598.055944428,localhost,C1E,1235464663,277769446370,40,1989
1790163598.055944428,localhost,C6,1813994818,266709454505084,40,1989
1790163598.055944428,localhost,POLL,3494771,127525611,40,1989
1790163598.770066328,localhost,C1,82917203,33391148860,40,1769
1790163598.770066328,localhost,C1E,1235476042,277772134128,40,1769
1790163598.770066328,localhost,C6,1814010463,266709478172439,40,1769
1790163598.770066328,localhost,POLL,3494792,127526262,40,1769
1790163598.774779292,localhost,C1,82917229,33391150276,40,1740
1790163598.774779292,localhost,C1E,1235476131,277772150475,40,1740
1790163598.774779292,localhost,C6,1814010621,266709478323595,40,1740
1790163598.774779292,localhost,POLL,3494792,127526293,40,1740
1790163599.121197585,localhost,C1,82917704,33391210973,40,1725
1790163599.121197585,localhost,C1E,1235480048,277773048877,40,1725
1790163599.121197585,localhost,C6,1814016358,266709487829128,40,1725
1790163599.121197585,localhost,POLL,3494801,127526448,40,1725
1790163599.123418520,localhost,C1,82917704,33391211007,40,1716
1790163599.123418520,localhost,C1E,1235480064,277773052688,40,1716
1790163599.123418520,localhost,C6,1814016389,266709487888399,40,1716
1790163599.123418520,localhost,POLL,3494801,127526448,40,1716
1790163599.835716730,localhost,C1,82917776,33391212407,40,1643
1790163599.835716730,localhost,C1E,1235484174,277773925942,40,1643
1790163599.835716730,localhost,C6,1814019678,266709507185369,40,1643
1790163599.835716730,localhost,POLL,3494807,127526638,40,1643
1790163599.842255178,localhost,C1,82917776,33391212407,40,1558
1790163599.842255178,localhost,C1E,1235484193,277773931949,40,1558
1790163599.842255178,localhost,C6,1814019714,266709507268623,40,1558
1790163599.842255178,localhost,POLL,3494807,127526638,40,1558
1790163600.184094716,localhost,C1,82917817,33391220927,40,1619
1790163600.184094716,localhost,C1E,1235486220,277774372420,40,1619
1790163600.184094716,localhost,C6,1814021577,266709521244031,40,1619
1790163600.184094716,localhost,POLL,3494813,127526828,40,1619
1790163600.183820549,localhost,C1,82917819,33391220960,40,1600
1790163600.183820549,localhost,C1E,1235486254,277774380394,40,1600
1790163600.183820549,localhost,C6,1814021629,266709521308923,40,1600
1790163600.183820549,localhost,POLL,3494813,127526828,40,1600
1790163600.901950481,localhost,C1,82917935,33391232207,40,1638
1790163600.901950481,localhost,C1E,1235490602,277775286714,40,1638
1790163600.901950481,localhost,C6,1814024572,266709542270843,40,1638
1790163600.901950481,localhost,POLL,3494813,127526828,40,1638
1790163600.907594997,localhost,C1,82917936,33391232207,40,1528
1790163600.907594997,localhost,C1E,1235490627,277775292643,40,1528
1790163600.907594997,localhost,C6,1814024629,266709542402184,40,1528
1790163600.907594997,localhost,POLL,3494813,127526828,40,1528
1790163601.242167398,localhost,C1,82918524,33391324956,40,1792
1790163601.242167398,localhost,C1E,1235494335,277776120474,40,1792
1790163601.242167398,localhost,C6,1814028024,266709557838813,40,1792
1790163601.242167398,localhost,POLL,3494818,127526935,40,1792
1790163601.250634461,localhost,C1,82918582,33391328790,40,1933
1790163601.250634461,localhost,C1E,1235494459,277776149284,40,1933
1790163601.250634461,localhost,C6,1814028101,266709557960367,40,1933
1790163601.250634461,localhost,POLL,3494818,127526966,40,1933
1790163601.969444651,localhost,C1,82920420,33391556802,40,1922
1790163601.969444651,localhost,C1E,1235506490,277778750678,40,1922
1790163601.969444651,localhost,C6,1814041770,266709595741366,40,1922
1790163601.969444651,localhost,POLL,3494846,127527653,40,1922
1790163601.972143463,localhost,C1,82920432,33391559407,40,1901
1790163601.972143463,localhost,C1E,1235506534,277778761271,40,1901
1790163601.972143463,localhost,C6,1814041833,266709595814022,40,1901
1790163601.972143463,localhost,POLL,3494846,127527653,40,1901
1790163602.298655158,localhost,C1,82921182,33391671099,40,1942
1790163602.298655158,localhost,C1E,1235512126,277780113882,40,1942
1790163602.298655158,localhost,C6,1814048793,266709606701396,40,1942
1790163602.298655158,localhost,POLL,3494860,127528071,40,1942
1790163602.306976637,localhost,C1,82921224,33391672584,40,1968
1790163602.306976637,localhost,C1E,1235512291,277780145970,40,1968
1790163602.306976637,localhost,C6,1814048920,266709607057595,40,1968
1790163602.306976637,localhost,POLL,3494862,127528071,40,1968
1790163603.033352570,localhost,C1,82922065,33391780315,40,1783
1790163603.033352570,localhost,C1E,1235524422,277782988848,40,1783
1790163603.033352570,localhost,C6,1814064658,266709631396036,40,1783
1790163603.033352570,localhost,POLL,3494883,127528640,40,1783
1790163603.031230887,localhost,C1,82922068,33391780315,40,1764
1790163603.031230887,localhost,C1E,1235524432,277782990501,40,1764
1790163603.031230887,localhost,C6,1814064672,266709631406645,40,1764
1790163603.031230887,localhost,POLL,3494883,127528640,40,1764
1790163603.360869225,localhost,C1,82923134,33391933215,40,1978
1790163603.360869225,localhost,C1E,1235530244,277784264460,40,1978
1790163603.360869225,localhost,C6,1814070921,266709643427807,40,1978
1790163603.360869225,localhost,POLL,3494896,127528968,40,1978
1790163603.368340632,localhost,C1,82923172,33391934998,40,2011
1790163603.368340632,localhost,C1E,1235530391,277784289361,40,2011
1790163603.368340632,localhost,C6,1814071079,266709643933146,40,2011
1790163603.368340632,localhost,POLL,3494896,127528989,40,2011
1790163604.096812707,localhost,C1,82924358,33392090347,40,1781
1790163604.096812707,localhost,C1E,1235541892,277786895719,40,1781
1790163604.096812707,localhost,C6,1814085827,266709666740950,40,1781
1790163604.096812707,localhost,POLL,3494921,127529647,40,1781
1790163604.100881869,localhost,C1,82924371,33392094302,40,1908
1790163604.100881869,localhost,C1E,1235542004,277786933399,40,1908
1790163604.100881869,localhost,C6,1814085979,266709666871400,40,1908
1790163604.100881869,localhost,POLL,3494921,127529647,40,1908
1790163604.423803743,localhost,C1,82925061,33392187931,40,1965
1790163604.423803743,localhost,C1E,1235547053,277787964828,40,1965
1790163604.423803743,localhost,C6,1814092388,266709679676149,40,1965
1790163604.423803743,localhost,POLL,3494940,127530107,40,1965
1790163604.428759058,localhost,C1,82925064,33392187960,40,1961
1790163604.428759058,localhost,C1E,1235547088,277787975047,40,1961
1790163604.428759058,localhost,C6,1814092500,266709679764877,40,1961
1790163604.428759058,localhost,POLL,3494940,127530107,40,1961
1790163605.161705319,localhost,C1,82926013,33392329045,40,1887
1790163605.161705319,localhost,C1E,1235558690,277790743723,40,1887
1790163605.161705319,localhost,C6,1814107360,266709702557227,40,1887
1790163605.161705319,localhost,POLL,3494964,127530702,40,1887
1790163605.167670067,localhost,C1,82926024,33392334120,40,1811
1790163605.167670067,localhost,C1E,1235558768,277790771396,40,1811
1790163605.167670067,localhost,C6,1814107510,266709702930813,40,1811
1790163605.167670067,localhost,POLL,3494965,127530702,40,1811
1790163605.486909337,localhost,C1,82926490,33392397117,40,1830
1790163605.486909337,localhost,C1E,1235563835,277791986007,40,1830
1790163605.486909337,localhost,C6,1814114373,266709713106639,40,1830
1790163605.486909337,localhost,POLL,3494973,127530920,40,1830
1790163605.489247998,localhost,C1,82926490,33392397706,40,1607
1790163605.489247998,localhost,C1E,1235563836,277791986007,40,1607
1790163605.489247998,localhost,C6,1814114375,266709713109545,40,1607
1790163605.489247998,localhost,POLL,3494973,127530920,40,1607
1790163606.226662752,localhost,C1,82928133,33392643374,40,1805
1790163606.226662752,localhost,C1E,1235575802,277794550726,40,1805
1790163606.226662752,localhost,C6,1814128179,266709741351815,40,1805
1790163606.226662752,localhost,POLL,3494996,127531578,40,1805
1790163606.231277403,localhost,C1,82928161,33392645997,40,1756
1790163606.231277403,localhost,C1E,1235575908,277794575420,40,1756
1790163606.231277403,localhost,C6,1814128336,266709742048281,40,1756
1790163606.231277403,localhost,POLL,3494998,127531578,40,1756
1790163606.553267244,localhost,C1,82929104,33392782390,40,1859
1790163606.553267244,localhost,C1E,1235581326,277795735482,40,1859
1790163606.553267244,localhost,C6,1814133932,266709751159315,40,1859
1790163606.553267244,localhost,POLL,3495008,127531865,40,1859
1790163606.551147288,localhost,C1,82929108,33392782390,40,1753
1790163606.551147288,localhost,C1E,1235581337,277795737641,40,1753
1790163606.551147288,localhost,C6,1814133941,266709751160366,40,1753
1790163606.551147288,localhost,POLL,3495008,127531865,40,1753
1790163607.288989950,localhost,C1,82930075,33392916404,40,1591
1790163607.288989950,localhost,C1E,1235589813,277797582173,40,1591
1790163607.288989950,localhost,C6,1814142249,266709772571341,40,1591
1790163607.288989950,localhost,POLL,3495023,127532231,40,1591
1790163607.294923007,localhost,C1,82930075,33392916412,40,1540
1790163607.294923007,localhost,C1E,1235589846,277797592611,40,1540
1790163607.294923007,localhost,C6,1814142321,266709772731122,40,1540
1790163607.294923007,localhost,POLL,3495023,127532231,40,1540
1790163607.619111968,localhost,C1,82930112,33392924846,40,1842
1790163607.619111968,localhost,C1E,1235591863,277798034451,40,1842
1790163607.619111968,localhost,C6,1814144286,266709783839476,40,1842
1790163607.619111968,localhost,POLL,3495027,127532354,40,1842
1790163607.617053341,localhost,C1,82930112,33392924846,40,1806
1790163607.617053341,localhost,C1E,1235591862,277798033501,40,1806
1790163607.617053341,localhost,C6,1814144280,266709783795022,40,1806
1790163607.617053341,localhost,POLL,3495027,127532354,40,1806
1790163608.357862622,localhost,C1,82930182,33392929939,40,1511
1790163608.357862622,localhost,C1E,1235596199,277798942927,40,1511
1790163608.357862622,localhost,C6,1814147666,266709809285582,40,1511
1790163608.357862622,localhost,POLL,3495030,127532427,40,1511
1790163608.362743047,localhost,C1,82930182,33392929985,40,1579
1790163608.362743047,localhost,C1E,1235596253,277798959742,40,1579
1790163608.362743047,localhost,C6,1814147760,266709810311583,40,1579
1790163608.362743047,localhost,POLL,3495030,127532427,40,1579
1790163608.688982432,localhost,C1,82930488,33392971049,40,1834
1790163608.688982432,localhost,C1E,1235599608,277799722637,40,1834
1790163608.688982432,localhost,C6,1814152094,266709832175436,40,1834
1790163608.688982432,localhost,POLL,3495039,127532752,40,1834
1790163608.691898414,localhost,C1,82930494,33392972292,40,1810
1790163608.691898414,localhost,C1E,1235599687,277799736535,40,1810
1790163608.691898414,localhost,C6,1814152259,266709832271592,40,1810
1790163608.691898414,localhost,POLL,3495039,127532752,40,1810
1790163609.420225395,localhost,C1,82932173,33393201111,40,1877
1790163609.420225395,localhost,C1E,1235612376,277802390754,40,1877
1790163609.420225395,localhost,C6,1814165935,266709854314717,40,1877
1790163609.420225395,localhost,POLL,3495059,127533276,40,1877
1790163609.428857633,localhost,C1,82932202,33393204678,40,1877
1790163609.428857633,localhost,C1E,1235612526,277802430232,40,1877
1790163609.428857633,localhost,C6,1814166128,266709854557619,40,1877
1790163609.428857633,localhost,POLL,3495059,127533305,40,1877
1790163609.755823343,localhost,C1,82932949,33393318079,40,1869
1790163609.755823343,localhost,C1E,1235618052,277803692406,40,1869
1790163609.755823343,localhost,C6,1814173069,266709864788020,40,1869
1790163609.755823343,localhost,POLL,3495069,127533532,40,1869
1790163609.759497548,localhost,C1,82932958,33393320516,40,1873
1790163609.759497548,localhost,C1E,1235618118,277803704417,40,1873
1790163609.759497548,localhost,C6,1814173145,266709864886878,40,1873
1790163609.759497548,localhost,POLL,3495069,127533532,40,1873
1790163610.477408540,localhost,C1,82933663,33393410838,40,1789
1790163610.477408540,localhost,C1E,1235630199,277806627687,40,1789
1790163610.477408540,localhost,C6,1814188714,266709889095432,40,1789
1790163610.477408540,localhost,POLL,3495101,127534283,40,1789
1790163610.486465367,localhost,C1,82933682,33393415238,40,1868
1790163610.486465367,localhost,C1E,1235630324,277806663096,40,1868
1790163610.486465367,localhost,C6,1814188865,266709889382249,40,1868
1790163610.486465367,localhost,POLL,3495101,127534325,40,1868
1790163610.814462448,localhost,C1,82934137,33393480585,40,1880
1790163610.814462448,localhost,C1E,1235636332,277808061283,40,1880
1790163610.814462448,localhost,C6,1814195695,266709902939329,40,1880
1790163610.814462448,localhost,POLL,3495120,127534817,40,1880
1790163610.812304650,localhost,C1,82934140,33393480837,40,1886
1790163610.812304650,localhost,C1E,1235636362,277808067998,40,1886
1790163610.812304650,localhost,C6,1814195741,266709902974723,40,1886
1790163610.812304650,localhost,POLL,3495120,127534817,40,1886
1790163611.535036980,localhost,C1,82934930,33393581833,40,1864
1790163611.535036980,localhost,C1E,1235648476,277810994089,40,1864
1790163611.535036980,localhost,C6,1814211054,266709926275698,40,1864
1790163611.535036980,localhost,POLL,3495153,127535685,40,1864
1790163611.544941372,localhost,C1,82934940,33393582192,40,1938
1790163611.544941372,localhost,C1E,1235648640,277811034055,40,1938
1790163611.544941372,localhost,C6,1814211248,266709926417014,40,1938
1790163611.544941372,localhost,POLL,3495153,127535685,40,1938
1790163611.870556399,localhost,C1,82935359,33393646594,40,1909
1790163611.870556399,localhost,C1E,1235654498,277812417473,40,1909
1790163611.870556399,localhost,C6,1814217996,266709936316838,40,1909
1790163611.870556399,localhost,POLL,3495162,127535949,40,1909
1790163611.874051576,localhost,C1,82935361,33393647567,40,1926
1790163611.874051576,localhost,C1E,1235654554,277812432780,40,1926
1790163611.874051576,localhost,C6,1814218085,266709936452704,40,1926
1790163611.874051576,localhost,POLL,3495162,127535949,40,1926
1790163612.592909625,localhost,C1,82936077,33393738866,40,1883
1790163612.592909625,localhost,C1E,1235666835,277815408736,40,1883
1790163612.592909625,localhost,C6,1814233200,266709959542590,40,1883
1790163612.592909625,localhost,POLL,3495191,127536686,40,1883
1790163612.600519227,localhost,C1,82936077,33393738880,40,1992
1790163612.600519227,localhost,C1E,1235666903,277815419401,40,1992
1790163612.600519227,localhost,C6,1814233281,266709959897552,40,1992
1790163612.600519227,localhost,POLL,3495191,127536686,40,1992
1790163612.927370792,localhost,C1,82936686,33393826099,40,2027
1790163612.927370792,localhost,C1E,1235673350,277816821736,40,2027
1790163612.927370792,localhost,C6,1814239288,266709970710159,40,2027
1790163612.927370792,localhost,POLL,3495210,127537157,40,2027
1790163612.934380833,localhost,C1,82936717,33393828370,40,1997
1790163612.934380833,localhost,C1E,1235673486,277816849746,40,1997
1790163612.934380833,localhost,C6,1814239456,266709971065057,40,1997
1790163612.934380833,localhost,POLL,3495210,127537157,40,1997
1790163613.653240819,localhost,C1,82938054,33393996827,40,1944
1790163613.653240819,localhost,C1E,1235686375,277819642702,40,1944
1790163613.653240819,localhost,C6,1814253583,266710000215800,40,1944
1790163613.653240819,localhost,POLL,3495233,127537742,40,1944
1790163613.655583144,localhost,C1,82938056,33393997021,40,1920
1790163613.655583144,localhost,C1E,1235686415,277819653222,40,1920
1790163613.655583144,localhost,C6,1814253660,266710000271874,40,1920
1790163613.655583144,localhost,POLL,3495233,127537742,40,1920
1790163613.984137143,localhost,C1,82938396,33394040005,40,1884
1790163613.984137143,localhost,C1E,1235691931,277820824854,40,1884
1790163613.984137143,localhost,C6,1814259553,266710009309160,40,1884
1790163613.984137143,localhost,POLL,3495243,127538013,40,1884
1790163613.993639506,localhost,C1,82938402,33394040975,40,1904
1790163613.993639506,localhost,C1E,1235692047,277820859605,40,1904
1790163613.993639506,localhost,C6,1814259822,266710009793750,40,1904
1790163613.993639506,localhost,POLL,3495243,127538044,40,1904
1790163614.719929286,localhost,C1,82938645,33394071020,40,1709
1790163614.719929286,localhost,C1E,1235697389,277821986247,40,1709
1790163614.719929286,localhost,C6,1814264224,266710036602222,40,1709
1790163614.719929286,localhost,POLL,3495250,127538239,40,1709
1790163614.721636205,localhost,C1,82938645,33394071020,40,1725
1790163614.721636205,localhost,C1E,1235697407,277821990438,40,1725
1790163614.721636205,localhost,C6,1814264277,266710036633466,40,1725
1790163614.721636205,localhost,POLL,3495250,127538239,40,1725
1790163615.047312586,localhost,C1,82938700,33394073938,40,1601
1790163615.047312586,localhost,C1E,1235699397,277822423661,40,1601
1790163615.047312586,localhost,C6,1814266106,266710045841860,40,1601
1790163615.047312586,localhost,POLL,3495255,127538468,40,1601
1790163615.054706869,localhost,C1,82938700,33394073938,40,1654
1790163615.054706869,localhost,C1E,1235699448,277822441112,40,1654
1790163615.054706869,localhost,C6,1814266141,266710046434527,40,1654
1790163615.054706869,localhost,POLL,3495256,127538468,40,1654
1790163615.781846790,localhost,C1,82938791,33394075845,40,1745
1790163615.781846790,localhost,C1E,1235703754,277823342577,40,1745
1790163615.781846790,localhost,C6,1814269333,266710065759926,40,1745
1790163615.781846790,localhost,POLL,3495265,127538733,40,1745
1790163615.787173620,localhost,C1,82938792,33394075856,40,1621
1790163615.787173620,localhost,C1E,1235703802,277823353323,40,1621
1790163615.787173620,localhost,C6,1814269393,266710066238788,40,1621
1790163615.787173620,localhost,POLL,3495265,127538733,40,1621
1790163616.114677103,localhost,C1,82939022,33394103070,40,1810
1790163616.114677103,localhost,C1E,1235707412,277824151592,40,1810
1790163616.114677103,localhost,C6,1814273009,266710087715037,40,1810
1790163616.114677103,localhost,POLL,3495271,127538930,40,1810
1790163616.122607515,localhost,C1,82939046,33394104928,40,1736
1790163616.122607515,localhost,C1E,1235707541,277824179560,40,1736
1790163616.122607515,localhost,C6,1814273176,266710087867985,40,1736
1790163616.122607515,localhost,POLL,3495271,127538930,40,1736
1790163616.848975896,localhost,C1,82939633,33394154812,40,1842
1790163616.848975896,localhost,C1E,1235719521,277826964088,40,1842
1790163616.848975896,localhost,C6,1814287458,266710110584687,40,1842
1790163616.848975896,localhost,POLL,3495297,127539601,40,1842
1790163616.855828303,localhost,C1,82939643,33394154840,40,1892
1790163616.855828303,localhost,C1E,1235719620,277826979270,40,1892
1790163616.855828303,localhost,C6,1814287554,266710110737520,40,1892
1790163616.855828303,localhost,POLL,3495297,127539601,40,1892
1790163617.179685870,localhost,C1,82939903,33394176689,40,1805
1790163617.179685870,localhost,C1E,1235725120,277828290827,40,1805
1790163617.179685870,localhost,C6,1814294517,266710126515517,40,1805
1790163617.179685870,localhost,POLL,3495309,127539950,40,1805
1790163617.186099171,localhost,C1,82939908,33394177906,40,1867
1790163617.186099171,localhost,C1E,1235725198,277828304101,40,1867
1790163617.186099171,localhost,C6,1814294637,266710126575215,40,1867
1790163617.186099171,localhost,POLL,3495310,127539950,40,1867
1790163617.914059992,localhost,C1,82940624,33394253279,40,1972
1790163617.914059992,localhost,C1E,1235738075,277831199433,40,1972
1790163617.914059992,localhost,C6,1814308894,266710147199175,40,1972
1790163617.914059992,localhost,POLL,3495334,127540584,40,1972
1790163617.919661108,localhost,C1,82940635,33394257321,40,1950
1790163617.919661108,localhost,C1E,1235738210,277831222576,40,1950
1790163617.919661108,localhost,C6,1814308995,266710147291549,40,1950
1790163617.919661108,localhost,POLL,3495334,127540584,40,1950
1790163618.249016108,localhost,C1,82941018,33394302142,40,1788
1790163618.249016108,localhost,C1E,1235744151,277832564019,40,1788
1790163618.249016108,localhost,C6,1814315962,266710163769418,40,1788
1790163618.249016108,localhost,POLL,3495348,127540924,40,1788
1790163618.247758911,localhost,C1,82941018,33394302142,40,1794
1790163618.247758911,localhost,C1E,1235744154,277832562090,40,1794
1790163618.247758911,localhost,C6,1814315973,266710163765796,40,1794
1790163618.247758911,localhost,POLL,3495348,127540924,40,1794
1790163618.979114819,localhost,C1,82941580,33394359958,40,1834
1790163618.979114819,localhost,C1E,1235755935,277835421039,40,1834
1790163618.979114819,localhost,C6,1814330338,266710186466981,40,1834
1790163618.979114819,localhost,POLL,3495374,127541537,40,1834
1790163618.975214760,localhost,C1,82941579,33394359958,40,1810
1790163618.975214760,localhost,C1E,1235755916,277835418219,40,1810
1790163618.975214760,localhost,C6,1814330309,266710186436283,40,1810
1790163618.975214760,localhost,POLL,3495374,127541537,40,1810
1790163619.305856047,localhost,C1,82941747,33394376883,40,1866
1790163619.305856047,localhost,C1E,1235760403,277836508903,40,1866
1790163619.305856047,localhost,C6,1814336651,266710198449569,40,1866
1790163619.305856047,localhost,POLL,3495383,127541856,40,1866
1790163619.306860168,localhost,C1,82941747,33394376883,40,1898
1790163619.306860168,localhost,C1E,1235760404,277836508903,40,1898
1790163619.306860168,localhost,C6,1814336655,266710198449569,40,1898
1790163619.306860168,localhost,POLL,3495383,127541856,40,1898
1790163620.042008865,localhost,C1,82942190,33394417725,40,1660
1790163620.042008865,localhost,C1E,1235770279,277838720375,40,1660
1790163620.042008865,localhost,C6,1814350354,266710219648294,40,1660
1790163620.042008865,localhost,POLL,3495406,127542414,40,1660
1790163620.046008168,localhost,C1,82942197,33394417725,40,1922
1790163620.046008168,localhost,C1E,1235770341,277838731559,40,1922
1790163620.046008168,localhost,C6,1814350417,266710219807363,40,1922
1790163620.046008168,localhost,POLL,3495406,127542414,40,1922
1790163620.371122378,localhost,C1,82942395,33394444188,40,1771
1790163620.371122378,localhost,C1E,1235774226,277839578601,40,1771
1790163620.371122378,localhost,C6,1814357299,266710236533362,40,1771
1790163620.371122378,localhost,POLL,3495418,127542792,40,1771
1790163620.370331320,localhost,C1,82942398,33394444226,40,1629
1790163620.370331320,localhost,C1E,1235774273,277839585545,40,1629
1790163620.370331320,localhost,C6,1814357361,266710236638122,40,1629
1790163620.370331320,localhost,POLL,3495418,127542792,40,1629
1790163621.104174499,localhost,C1,82942749,33394482944,40,1765
1790163621.104174499,localhost,C1E,1235783347,277841734454,40,1765
1790163621.104174499,localhost,C6,1814371134,266710259098496,40,1765
1790163621.104174499,localhost,POLL,3495433,127543242,40,1765
1790163621.108746929,localhost,C1,82942754,33394482969,40,1618
1790163621.108746929,localhost,C1E,1235783419,277841745690,40,1618
1790163621.108746929,localhost,C6,1814371257,266710259180889,40,1618
1790163621.108746929,localhost,POLL,3495433,127543242,40,1618
1790163621.432823837,localhost,C1,82942916,33394498483,40,1844
1790163621.432823837,localhost,C1E,1235787831,277842826629,40,1844
1790163621.432823837,localhost,C6,1814377611,266710269882539,40,1844
1790163621.432823837,localhost,POLL,3495441,127543479,40,1844
1790163621.435726641,localhost,C1,82942920,33394498510,40,1874
1790163621.435726641,localhost,C1E,1235787888,277842847133,40,1874
1790163621.435726641,localhost,C6,1814377735,266710270003929,40,1874
1790163621.435726641,localhost,POLL,3495441,127543479,40,1874
1790163622.168782985,localhost,C1,82943248,33394530877,40,1694
1790163622.168782985,localhost,C1E,1235798031,277845293887,40,1694
1790163622.168782985,localhost,C6,1814391050,266710297774188,40,1694
1790163622.168782985,localhost,POLL,3495461,127544127,40,1694
1790163622.166220624,localhost,C1,82943250,33394531622,40,1667
1790163622.166220624,localhost,C1E,1235798036,277845302163,40,1667
1790163622.166220624,localhost,C6,1814391054,266710297783288,40,1667
1790163622.166220624,localhost,POLL,3495461,127544127,40,1667
1790163622.493106946,localhost,C1,82943431,33394546742,40,1891
1790163622.493106946,localhost,C1E,1235802969,277846471651,40,1891
1790163622.493106946,localhost,C6,1814396649,266710309671685,40,1891
1790163622.493106946,localhost,POLL,3495471,127544323,40,1891
1790163622.498876195,localhost,C1,82943434,33394547361,40,1887
1790163622.498876195,localhost,C1E,1235803082,277846500104,40,1887
1790163622.498876195,localhost,C6,1814396842,266710309790682,40,1887
1790163622.498876195,localhost,POLL,3495471,127544323,40,1887
1790163623.233003060,localhost,C1,82943671,33394559042,40,1516
1790163623.233003060,localhost,C1E,1235810022,277848140324,40,1516
1790163623.233003060,localhost,C6,1814404913,266710334623120,40,1516
1790163623.233003060,localhost,POLL,3495496,127545089,40,1516
1790163623.233620695,localhost,C1,82943671,33394559042,40,1519
1790163623.233620695,localhost,C1E,1235810032,277848142718,40,1519
1790163623.233620695,localhost,C6,1814404935,266710334647632,40,1519
1790163623.233620695,localhost,POLL,3495496,127545089,40,1519
1790163623.556922382,localhost,C1,82943711,33394560107,40,1781
1790163623.556922382,localhost,C1E,1235811887,277848550054,40,1781
1790163623.556922382,localhost,C6,1814406813,266710342847288,40,1781
1790163623.556922382,localhost,POLL,3495500,127545229,40,1781
1790163623.564611327,localhost,C1,82943712,33394560117,40,1641
1790163623.564611327,localhost,C1E,1235811968,277848571135,40,1641
1790163623.564611327,localhost,C6,1814406984,266710343416185,40,1641
1790163623.564611327,localhost,POLL,3495500,127545229,40,1641
1790163624.303464305,localhost,C1,82943844,33394563485,40,1514
1790163624.303464305,localhost,C1E,1235816268,277849468234,40,1514
1790163624.303464305,localhost,C6,1814410160,266710366763561,40,1514
1790163624.303464305,localhost,POLL,3495507,127545473,40,1514
1790163624.304535911,localhost,C1,82943844,33394563485,40,1543
1790163624.304535911,localhost,C1E,1235816277,277849469918,40,1543
1790163624.304535911,localhost,C6,1814410179,266710366863925,40,1543
1790163624.304535911,localhost,POLL,3495507,127545473,40,1543
1790163624.617766195,localhost,C1,82943877,33394563995,40,1537
1790163624.617766195,localhost,C1E,1235818075,277849856860,40,1537
1790163624.617766195,localhost,C6,1814412037,266710377210009,40,1537
1790163624.617766195,localhost,POLL,3495509,127545532,40,1537
1790163624.632865023,localhost,C1,82943877,33394564042,40,1408
1790163624.632865023,localhost,C1E,1235818165,277849878391,40,1408
1790163624.632865023,localhost,C6,1814412178,266710377939481,40,1408
1790163624.632865023,localhost,POLL,3495509,127545532,40,1408
1790163625.373803997,localhost,C1,82944235,33394597239,40,1691
1790163625.373803997,localhost,C1E,1235826626,277851801238,40,1691
1790163625.373803997,localhost,C6,1814420380,266710411964943,40,1691
1790163625.373803997,localhost,POLL,3495529,127546058,40,1691
1790163625.374768755,localhost,C1,82944235,33394598426,40,1635
1790163625.374768755,localhost,C1E,1235826657,277851810837,40,1635
1790163625.374768755,localhost,C6,1814420437,266710412167009,40,1635
1790163625.374768755,localhost,POLL,3495529,127546086,40,1635
1790163625.682614571,localhost,C1,82944480,33394627258,40,1885
1790163625.682614571,localhost,C1E,1235831550,277852921206,40,1885
1790163625.682614571,localhost,C6,1814426212,266710424494541,40,1885
1790163625.682614571,localhost,POLL,3495542,127546373,40,1885
1790163625.698471419,localhost,C1,82944495,33394627675,40,1752
1790163625.698471419,localhost,C1E,1235831858,277853002859,40,1752
1790163625.698471419,localhost,C6,1814426500,266710426859006,40,1752
1790163625.698471419,localhost,POLL,3495543,127546428,40,1752
1790163626.436931987,localhost,C1,82945089,33394685813,40,1871
1790163626.436931987,localhost,C1E,1235846300,277856137748,40,1871
1790163626.436931987,localhost,C6,1814438345,266710452337364,40,1871
1790163626.436931987,localhost,POLL,3495578,127547255,40,1871
1790163626.439698479,localhost,C1,82945091,33394686863,40,1972
1790163626.439698479,localhost,C1E,1235846311,277856147512,40,1972
1790163626.439698479,localhost,C6,1814438364,266710452518505,40,1972
1790163626.439698479,localhost,POLL,3495578,127547255,40,1972
1790163626.743939362,localhost,C1,82945434,33394730198,40,1938
1790163626.743939362,localhost,C1E,1235851938,277857400156,40,1938
1790163626.743939362,localhost,C6,1814443566,266710463756933,40,1938
1790163626.743939362,localhost,POLL,3495588,127547462,40,1938
1790163626.758296402,localhost,C1,82945443,33394732755,40,2066
1790163626.758296402,localhost,C1E,1235852146,277857455958,40,2066
1790163626.758296402,localhost,C6,1814443791,266710464089471,40,2066
1790163626.758296402,localhost,POLL,3495588,127547485,40,2066
1790163627.498265858,localhost,C1,82945880,33394780471,40,1950
1790163627.498265858,localhost,C1E,1235862644,277859754980,40,1950
1790163627.498265858,localhost,C6,1814457041,266710490543411,40,1950
1790163627.498265858,localhost,POLL,3495605,127547925,40,1950
1790163627.499300358,localhost,C1,82945889,33394780503,40,2005
1790163627.499300358,localhost,C1E,1235862748,277859770948,40,2005
1790163627.499300358,localhost,C6,1814457121,266710490680418,40,2005
1790163627.499300358,localhost,POLL,3495605,127547925,40,2005
1790163627.805190714,localhost,C1,82946014,33394791280,40,2010
1790163627.805190714,localhost,C1E,1235866398,277860625786,40,2010
1790163627.805190714,localhost,C6,1814463438,266710500225580,40,2010
1790163627.805190714,localhost,POLL,3495618,127548243,40,2010
1790163627.816179191,localhost,C1,82946019,33394791371,40,1750
1790163627.816179191,localhost,C1E,1235866486,277860650415,40,1750
1790163627.816179191,localhost,C6,1814463712,266710500556171,40,1750
1790163627.816179191,localhost,POLL,3495618,127548243,40,1750
1790163628.558086534,localhost,C1,82946488,33394832986,40,1672
1790163628.558086534,localhost,C1E,1235878209,277863302638,40,1672
1790163628.558086534,localhost,C6,1814476082,266710525127934,40,1672
1790163628.558086534,localhost,POLL,3495638,127548750,40,1672
1790163628.559049327,localhost,C1,82946489,33394833349,40,1778
1790163628.559049327,localhost,C1E,1235878271,277863317962,40,1778
1790163628.559049327,localhost,C6,1814476109,266710525189358,40,1778
1790163628.559049327,localhost,POLL,3495638,127548750,40,1778
1790163628.871516918,localhost,C1,82946714,33394854945,40,1926
1790163628.871516918,localhost,C1E,1235883538,277864474576,40,1926
1790163628.871516918,localhost,C6,1814481621,266710535981015,40,1926
1790163628.871516918,localhost,POLL,3495651,127549103,40,1926
1790163628.879611213,localhost,C1,82946716,33394855362,40,1845
1790163628.879611213,localhost,C1E,1235883599,277864495848,40,1845
1790163628.879611213,localhost,C6,1814481786,266710536112723,40,1845
1790163628.879611213,localhost,POLL,3495653,127549103,40,1845
1790163629.615707766,localhost,C1,82947198,33394892607,40,1904
1790163629.615707766,localhost,C1E,1235895235,277867081698,40,1904
1790163629.615707766,localhost,C6,1814494332,266710559875347,40,1904
1790163629.615707766,localhost,POLL,3495689,127549989,40,1904
1790163629.620487568,localhost,C1,82947199,33394892697,40,1903
1790163629.620487568,localhost,C1E,1235895249,277867084913,40,1903
1790163629.620487568,localhost,C6,1814494347,266710559898625,40,1903
1790163629.620487568,localhost,POLL,3495689,127549989,40,1903
1790163629.931880452,localhost,C1,82947289,33394897215,40,1899
1790163629.931880452,localhost,C1E,1235898506,277867817496,40,1899
1790163629.931880452,localhost,C6,1814500826,266710570261432,40,1899
1790163629.931880452,localhost,POLL,3495702,127550308,40,1899
1790163629.936644672,localhost,C1,82947289,33394897240,40,1918
1790163629.936644672,localhost,C1E,1235898543,277867832859,40,1918
1790163629.936644672,localhost,C6,1814500933,266710570357772,40,1918
1790163629.936644672,localhost,POLL,3495702,127550308,40,1918
1790163630.682281080,localhost,C1,82947672,33394941648,40,1878
1790163630.682281080,localhost,C1E,1235907604,277869908153,40,1878
1790163630.682281080,localhost,C6,1814515124,266710602865998,40,1878
1790163630.682281080,localhost,POLL,3495727,127550981,40,1878
1790163630.679260803,localhost,C1,82947672,33394941648,40,1878
1790163630.679260803,localhost,C1E,1235907581,277869907910,40,1878
1790163630.679260803,localhost,C6,1814515076,266710602864026,40,1878
1790163630.679260803,localhost,POLL,3495727,127550981,40,1878
1790163630.990680395,localhost,C1,82947802,33394947560,40,1754
1790163630.990680395,localhost,C1E,1235911932,277870929790,40,1754
1790163630.990680395,localhost,C6,1814520623,266710609923149,40,1754
1790163630.990680395,localhost,POLL,3495736,127551249,40,1754
1790163630.995602222,localhost,C1,82947804,33394947578,40,1753
1790163630.995602222,localhost,C1E,1235912003,277870958554,40,1753
1790163630.995602222,localhost,C6,1814520728,266710610528576,40,1753
1790163630.995602222,localhost,POLL,3495737,127551249,40,1753
1790163631.742335675,localhost,C1,82948167,33394974200,40,1732
1790163631.742335675,localhost,C1E,1235923203,277873536699,40,1732
1790163631.742335675,localhost,C6,1814532214,266710636383240,40,1732
1790163631.742335675,localhost,POLL,3495761,127551867,40,1732
1790163631.740665689,localhost,C1,82948167,33394974200,40,1782
1790163631.740665689,localhost,C1E,1235923203,277873537867,40,1782
1790163631.740665689,localhost,C6,1814532217,266710636393892,40,1782
1790163631.740665689,localhost,POLL,3495761,127551867,40,1782
1790163632.047519930,localhost,C1,82948346,33394996185,40,1789
1790163632.047519930,localhost,C1E,1235927686,277874595945,40,1789
1790163632.047519930,localhost,C6,1814537473,266710646031808,40,1789
1790163632.047519930,localhost,POLL,3495770,127552136,40,1789
1790163632.055314535,localhost,C1,82948351,33394996292,40,1626
1790163632.055314535,localhost,C1E,1235927824,277874628143,40,1626
1790163632.055314535,localhost,C6,1814537662,266710646148278,40,1626
1790163632.055314535,localhost,POLL,3495771,127552136,40,1626
1790163632.802852572,localhost,C1,82948597,33395016070,40,1752
1790163632.802852572,localhost,C1E,1235936433,277876619986,40,1752
1790163632.802852572,localhost,C6,1814547977,266710669665858,40,1752
1790163632.802852572,localhost,POLL,3495785,127552457,40,1752
1790163632.803727102,localhost,C1,82948597,33395016070,40,1718
1790163632.803727102,localhost,C1E,1235936430,277876619042,40,1718
1790163632.803727102,localhost,C6,1814547971,266710669648035,40,1718
1790163632.803727102,localhost,POLL,3495785,127552457,40,1718
1790163633.111078155,localhost,C1,82948641,33395016853,40,1625
1790163633.111078155,localhost,C1E,1235938312,277877026294,40,1625
1790163633.111078155,localhost,C6,1814549837,266710679576754,40,1625
1790163633.111078155,localhost,POLL,3495791,127552690,40,1625
1790163633.114974654,localhost,C1,82948642,33395016877,40,1660
1790163633.114974654,localhost,C1E,1235938339,277877031344,40,1660
1790163633.114974654,localhost,C6,1814549878,266710679615729,40,1660
1790163633.114974654,localhost,POLL,3495791,127552690,40,1660
1790163633.875500756,localhost,C1,82948720,33395019412,40,1575
1790163633.875500756,localhost,C1E,1235942763,277877961681,40,1575
1790163633.875500756,localhost,C6,1814553279,266710700930156,40,1575
1790163633.875500756,localhost,POLL,3495796,127552837,40,1575
1790163633.876714420,localhost,C1,82948720,33395019412,40,1602
1790163633.876714420,localhost,C1E,1235942769,277877962169,40,1602
1790163633.876714420,localhost,C6,1814553288,266710700935220,40,1602
1790163633.876714420,localhost,POLL,3495796,127552837,40,1602
1790163634.175428859,localhost,C1,82948754,33395021104,40,1513
1790163634.175428859,localhost,C1E,1235944493,277878336567,40,1513
1790163634.175428859,localhost,C6,1814555136,266710723543187,40,1513
1790163634.175428859,localhost,POLL,3495801,127553003,40,1513
1790163634.178995454,localhost,C1,82948756,33395021147,40,1501
1790163634.178995454,localhost,C1E,1235944522,277878343071,40,1501
1790163634.178995454,localhost,C6,1814555198,266710723589484,40,1501
1790163634.178995454,localhost,POLL,3495801,127553003,40,1501
1790163634.944577098,localhost,C1,82948885,33395048949,40,1587
1790163634.944577098,localhost,C1E,1235949985,277879551042,40,1587
1790163634.944577098,localhost,C6,1814560065,266710755967912,40,1587
1790163634.944577098,localhost,POLL,3495806,127553165,40,1587
1790163634.945190300,localhost,C1,82948886,33395048974,40,1638
1790163634.945190300,localhost,C1E,1235950036,277879561611,40,1638
1790163634.945190300,localhost,C6,1814560122,266710756029828,40,1638
1790163634.945190300,localhost,POLL,3495806,127553165,40,1638
1790163635.246585962,localhost,C1,82949018,33395059576,40,1893
1790163635.246585962,localhost,C1E,1235953807,277880501267,40,1893
1790163635.246585962,localhost,C6,1814564878,266710764120242,40,1893
1790163635.246585962,localhost,POLL,3495812,127553335,40,1893
1790163635.242178217,localhost,C1,82949017,33395059535,40,1744
1790163635.242178217,localhost,C1E,1235953758,277880490889,40,1744
1790163635.242178217,localhost,C6,1814564832,266710764091780,40,1744
1790163635.242178217,localhost,POLL,3495812,127553335,40,1744
1790163636.005893562,localhost,C1,82949260,33395075707,40,1578
1790163636.005893562,localhost,C1E,1235961873,277882378583,40,1578
1790163636.005893562,localhost,C6,1814577682,266710791121186,40,1578
1790163636.005893562,localhost,POLL,3495826,127553733,40,1578
1790163636.011260422,localhost,C1,82949262,33395075707,40,1576
1790163636.011260422,localhost,C1E,1235961911,277882383724,40,1576
1790163636.011260422,localhost,C6,1814577749,266710791174300,40,1576
1790163636.011260422,localhost,POLL,3495826,127553733,40,1576
1790163636.306583735,localhost,C1,82949342,33395080589,40,1873
1790163636.306583735,localhost,C1E,1235964869,277883090270,40,1873
1790163636.306583735,localhost,C6,1814583417,266710806331952,40,1873
1790163636.306583735,localhost,POLL,3495829,127553835,40,1873
1790163636.307806738,localhost,C1,82949342,33395080589,40,1846
1790163636.307806738,localhost,C1E,1235964882,277883092333,40,1846
1790163636.307806738,localhost,C6,1814583484,266710806367497,40,1846
1790163636.307806738,localhost,POLL,3495829,127553835,40,1846
1790163637.071248399,localhost,C1,82949498,33395091238,40,1817
1790163637.071248399,localhost,C1E,1235970874,277884552084,40,1817
1790163637.071248399,localhost,C6,1814597741,266710831085420,40,1817
1790163637.071248399,localhost,POLL,3495846,127554243,40,1817
1790163637.071859873,localhost,C1,82949498,33395091309,40,1938
1790163637.071859873,localhost,C1E,1235970877,277884562509,40,1938
1790163637.071859873,localhost,C6,1814597744,266710831113817,40,1938
1790163637.071859873,localhost,POLL,3495846,127554273,40,1938
1790163637.370795870,localhost,C1,82949575,33395098668,40,1678
1790163637.370795870,localhost,C1E,1235973386,277885162647,40,1678
1790163637.370795870,localhost,C6,1814603338,266710843535175,40,1678
1790163637.370795870,localhost,POLL,3495853,127554480,40,1678
1790163637.371819028,localhost,C1,82949575,33395098668,40,1694
1790163637.371819028,localhost,C1E,1235973408,277885164345,40,1694
1790163637.371819028,localhost,C6,1814603382,266710843553590,40,1694
1790163637.371819028,localhost,POLL,3495853,127554480,40,1694
1790163638.133359385,localhost,C1,82949719,33395108143,40,1730
1790163638.133359385,localhost,C1E,1235979638,277886674273,40,1730
1790163638.133359385,localhost,C6,1814616849,266710868480721,40,1730
1790163638.133359385,localhost,POLL,3495871,127555068,40,1730
1790163638.137737212,localhost,C1,82949722,33395108794,40,1914
1790163638.137737212,localhost,C1E,1235979694,277886691124,40,1914
1790163638.137737212,localhost,C6,1814616936,266710874249635,40,1914
1790163638.137737212,localhost,POLL,3495871,127555068,40,1914
1790163638.437093423,localhost,C1,82949822,33395114968,40,1959
1790163638.437093423,localhost,C1E,1235982541,277887379873,40,1959
1790163638.437093423,localhost,C6,1814622380,266710882276982,40,1959
1790163638.437093423,localhost,POLL,3495879,127555263,40,1959
1790163638.438795356,localhost,C1,82949822,33395114974,40,1911
1790163638.438795356,localhost,C1E,1235982564,277887388045,40,1911
1790163638.438795356,localhost,C6,1814622462,266710882328658,40,1911
1790163638.438795356,localhost,POLL,3495879,127555263,40,1911
1790163639.190361958,localhost,C1,82949993,33395121230,40,1618
1790163639.190361958,localhost,C1E,1235988939,277888913000,40,1618
1790163639.190361958,localhost,C6,1814635840,266710907906217,40,1618
1790163639.190361958,localhost,POLL,3495898,127555792,40,1618
1790163639.195052212,localhost,C1,82949993,33395121230,40,1600
1790163639.195052212,localhost,C1E,1235988976,277888922814,40,1600
1790163639.195052212,localhost,C6,1814635945,266710908171311,40,1600
1790163639.195052212,localhost,POLL,3495898,127555792,40,1600
1790163639.494359340,localhost,C1,82950065,33395122945,40,1758
1790163639.494359340,localhost,C1E,1235991403,277889534238,40,1758
1790163639.494359340,localhost,C6,1814641869,266710920430748,40,1758
1790163639.494359340,localhost,POLL,3495904,127556037,40,1758
1790163639.497682553,localhost,C1,82950065,33395122945,40,1791
1790163639.497682553,localhost,C1E,1235991434,277889544695,40,1791
1790163639.497682553,localhost,C6,1814641933,266710920485652,40,1791
1790163639.497682553,localhost,POLL,3495904,127556037,40,1791
1790163640.255127810,localhost,C1,82950239,33395132364,40,1898
1790163640.255127810,localhost,C1E,1235999513,277891575903,40,1898
1790163640.255127810,localhost,C6,1814654537,266710947388274,40,1898
1790163640.255127810,localhost,POLL,3495927,127556672,40,1898
1790163640.258336906,localhost,C1,82950239,33395132364,40,1842
1790163640.258336906,localhost,C1E,1235999534,277891579283,40,1842
1790163640.258336906,localhost,C6,1814654577,266710947453977,40,1842
1790163640.258336906,localhost,POLL,3495927,127556672,40,1842
1790163640.561777267,localhost,C1,82950331,33395139592,40,1760
1790163640.561777267,localhost,C1E,1236002518,277892252610,40,1760
1790163640.561777267,localhost,C6,1814660394,266710958101993,40,1760
1790163640.561777267,localhost,POLL,3495934,127556859,40,1760
1790163640.558105075,localhost,C1,82950331,33395139592,40,1863
1790163640.558105075,localhost,C1E,1236002510,277892254918,40,1863
1790163640.558105075,localhost,C6,1814660385,266710958153792,40,1863
1790163640.558105075,localhost,POLL,3495934,127556859,40,1863
1790163641.325615444,localhost,C1,82950543,33395158394,40,1922
1790163641.325615444,localhost,C1E,1236010185,277894059944,40,1922
1790163641.325615444,localhost,C6,1814674298,266710984019301,40,1922
1790163641.325615444,localhost,POLL,3495953,127557370,40,1922
1790163641.322289834,localhost,C1,82950541,33395158394,40,1897
1790163641.322289834,localhost,C1E,1236010176,277894057444,40,1897
1790163641.322289834,localhost,C6,1814674278,266710984004932,40,1897
1790163641.322289834,localhost,POLL,3495953,127557370,40,1897
1790163641.626364355,localhost,C1,82950646,33395163865,40,1906
1790163641.626364355,localhost,C1E,1236013744,277894902478,40,1906
1790163641.626364355,localhost,C6,1814679272,266710992566838,40,1906
1790163641.626364355,localhost,POLL,3495955,127557437,40,1906
1790163641.629477481,localhost,C1,82950647,33395163865,40,1876
1790163641.629477481,localhost,C1E,1236013768,277894907824,40,1876
1790163641.629477481,localhost,C6,1814679329,266710992595456,40,1876
1790163641.629477481,localhost,POLL,3495955,127557437,40,1876
1790163642.386456166,localhost,C1,82950920,33395194203,40,1897
1790163642.386456166,localhost,C1E,1236022846,277897059381,40,1897
1790163642.386456166,localhost,C6,1814691011,266711018372068,40,1897
1790163642.386456166,localhost,POLL,3495969,127557819,40,1897
1790163642.385434076,localhost,C1,82950922,33395194226,40,1865
1790163642.385434076,localhost,C1E,1236022881,277897069627,40,1865
1790163642.385434076,localhost,C6,1814691045,266711019442104,40,1865
1790163642.385434076,localhost,POLL,3495969,127557819,40,1865
1790163642.685816089,localhost,C1,82951097,33395230881,40,1618
1790163642.685816089,localhost,C1E,1236026710,277897961916,40,1618
1790163642.685816089,localhost,C6,1814695909,266711035813691,40,1618
1790163642.685816089,localhost,POLL,3495981,127558110,40,1618
1790163642.690860090,localhost,C1,82951103,33395231613,40,1668
1790163642.690860090,localhost,C1E,1236026758,277897972160,40,1668
1790163642.690860090,localhost,C6,1814695987,266711035859859,40,1668
1790163642.690860090,localhost,POLL,3495981,127558110,40,1668
1790163643.447337775,localhost,C1,82951315,33395244647,40,1746
1790163643.447337775,localhost,C1E,1236035886,277900046787,40,1746
1790163643.447337775,localhost,C6,1814708327,266711061079448,40,1746
1790163643.447337775,localhost,POLL,3495998,127558532,40,1746
1790163643.446301413,localhost,C1,82951315,33395244647,40,1746
1790163643.446301413,localhost,C1E,1236035895,277900048615,40,1746
1790163643.446301413,localhost,C6,1814708363,266711061106312,40,1746
1790163643.446301413,localhost,POLL,3495998,127558532,40,1746
1790163643.747739613,localhost,C1,82951398,33395248369,40,1819
1790163643.747739613,localhost,C1E,1236039121,277900853178,40,1819
1790163643.747739613,localhost,C6,1814713571,266711072267505,40,1819
1790163643.747739613,localhost,POLL,3496006,127558802,40,1819
1790163643.750285891,localhost,C1,82951399,33395248369,40,1647
1790163643.750285891,localhost,C1E,1236039168,277900859103,40,1647
1790163643.750285891,localhost,C6,1814713640,266711072611566,40,1647
1790163643.750285891,localhost,POLL,3496006,127558802,40,1647
1790163644.508113182,localhost,C1,82951572,33395255894,40,1791
1790163644.508113182,localhost,C1E,1236047028,277902812557,40,1791
1790163644.508113182,localhost,C6,1814726174,266711098000717,40,1791
1790163644.508113182,localhost,POLL,3496023,127559298,40,1791
1790163644.509036560,localhost,C1,82951572,33395255894,40,1772
1790163644.509036560,localhost,C1E,1236047039,277902813334,40,1772
1790163644.509036560,localhost,C6,1814726197,266711098022380,40,1772
1790163644.509036560,localhost,POLL,3496023,127559298,40,1772
1790163644.809413303,localhost,C1,82951621,33395258808,40,1910
1790163644.809413303,localhost,C1E,1236050131,277903612897,40,1910
1790163644.809413303,localhost,C6,1814731206,266711109556375,40,1910
1790163644.809413303,localhost,POLL,3496030,127559510,40,1910
1790163644.813363432,localhost,C1,82951622,33395258808,40,1918
1790163644.813363432,localhost,C1E,1236050170,277903613461,40,1918
1790163644.813363432,localhost,C6,1814731249,266711109561433,40,1918
1790163644.813363432,localhost,POLL,3496030,127559510,40,1918
1790163645.576316991,localhost,C1,82951699,33395266787,40,1776
1790163645.576316991,localhost,C1E,1236054773,277904585124,40,1776
1790163645.576316991,localhost,C6,1814734831,266711132986278,40,1776
1790163645.576316991,localhost,POLL,3496039,127559831,40,1776
1790163645.575298734,localhost,C1,82951699,33395266787,40,1781
1790163645.575298734,localhost,C1E,1236054776,277904586057,40,1781
1790163645.575298734,localhost,C6,1814734835,266711133075261,40,1781
1790163645.575298734,localhost,POLL,3496039,127559831,40,1781
1790163645.874659204,localhost,C1,82951717,33395267058,40,1728
1790163645.874659204,localhost,C1E,1236056516,277904957645,40,1728
1790163645.874659204,localhost,C6,1814736664,266711143988986,40,1728
1790163645.874659204,localhost,POLL,3496042,127559943,40,1728
1790163645.877578580,localhost,C1,82951717,33395267058,40,1711
1790163645.877578580,localhost,C1E,1236056533,277904961357,40,1711
1790163645.877578580,localhost,C6,1814736689,266711144025496,40,1711
1790163645.877578580,localhost,POLL,3496042,127559943,40,1711
1790163646.644794233,localhost,C1,82951834,33395277849,40,1560
1790163646.644794233,localhost,C1E,1236061097,277905918562,40,1560
1790163646.644794233,localhost,C6,1814739914,266711181460909,40,1560
1790163646.644794233,localhost,POLL,3496044,127559978,40,1560
1790163646.650269339,localhost,C1,82951836,33395277881,40,1621
1790163646.650269339,localhost,C1E,1236061124,277905924148,40,1621
1790163646.650269339,localhost,C6,1814739970,266711181559331,40,1621
1790163646.650269339,localhost,POLL,3496044,127559978,40,1621
1790163646.943283816,localhost,C1,82951889,33395286187,40,1761
1790163646.943283816,localhost,C1E,1236063017,277906380798,40,1761
1790163646.943283816,localhost,C6,1814743311,266711190874141,40,1761
1790163646.943283816,localhost,POLL,3496047,127560081,40,1761
1790163646.945004593,localhost,C1,82951889,33395286187,40,1770
1790163646.945004593,localhost,C1E,1236063033,277906383230,40,1770
1790163646.945004593,localhost,C6,1814743345,266711190911928,40,1770
1790163646.945004593,localhost,POLL,3496047,127560081,40,1770
1790163647.710635871,localhost,C1,82951995,33395296394,40,1811
1790163647.710635871,localhost,C1E,1236067717,277907540835,40,1811
1790163647.710635871,localhost,C6,1814754495,266711214923141,40,1811
1790163647.710635871,localhost,POLL,3496051,127560218,40,1811
1790163647.713789452,localhost,C1,82951995,33395296431,40,1871
1790163647.713789452,localhost,C1E,1236067793,277907564066,40,1871
1790163647.713789452,localhost,C6,1814754656,266711216272467,40,1871
1790163647.713789452,localhost,POLL,3496051,127560218,40,1871
1790163648.009280752,localhost,C1,82952035,33395298173,40,1810
1790163648.009280752,localhost,C1E,1236069721,277908041960,40,1810
1790163648.009280752,localhost,C6,1814759119,266711223639862,40,1810
1790163648.009280752,localhost,POLL,3496054,127560331,40,1810
1790163648.012979622,localhost,C1,82952035,33395298173,40,1898
1790163648.012979622,localhost,C1E,1236069768,277908053917,40,1898
1790163648.012979622,localhost,C6,1814759262,266711224336731,40,1898
1790163648.012979622,localhost,POLL,3496054,127560331,40,1898
1790163648.775649268,localhost,C1,82952125,33395301294,40,1564
1790163648.775649268,localhost,C1E,1236074396,277909205295,40,1564
1790163648.775649268,localhost,C6,1814770555,266711256742674,40,1564
1790163648.775649268,localhost,POLL,3496061,127560606,40,1564
1790163648.787517951,localhost,C1,82952128,33395301637,40,1657
1790163648.787517951,localhost,C1E,1236074470,277909225894,40,1657
1790163648.787517951,localhost,C6,1814770835,266711257079836,40,1657
1790163648.787517951,localhost,POLL,3496062,127560606,40,1657
1790163649.074673380,localhost,C1,82952170,33395302470,40,1791
1790163649.074673380,localhost,C1E,1236076225,277909699017,40,1791
1790163649.074673380,localhost,C6,1814775264,266711266648657,40,1791
1790163649.074673380,localhost,POLL,3496070,127560848,40,1791
1790163649.081946408,localhost,C1,82952171,33395302470,40,1784
1790163649.081946408,localhost,C1E,1236076270,277909707594,40,1784
1790163649.081946408,localhost,C6,1814775346,266711266695752,40,1784
1790163649.081946408,localhost,POLL,3496070,127560848,40,1784
1790163649.842871542,localhost,C1,82952295,33395319693,40,1852
1790163649.842871542,localhost,C1E,1236080890,277910908988,40,1852
1790163649.842871542,localhost,C6,1814786377,266711294762178,40,1852
1790163649.842871542,localhost,POLL,3496085,127561402,40,1852
1790163649.852622888,localhost,C1,82952298,33395319712,40,1788
1790163649.852622888,localhost,C1E,1236081011,277910937180,40,1788
1790163649.852622888,localhost,C6,1814786534,266711295764280,40,1788
1790163649.852622888,localhost,POLL,3496086,127561402,40,1788
1790163650.143704912,localhost,C1,82952334,33395321151,40,1744
1790163650.143704912,localhost,C1E,1236082878,277911412608,40,1744
1790163650.143704912,localhost,C6,1814790927,266711305487476,40,1744
1790163650.143704912,localhost,POLL,3496089,127561506,40,1744
1790163650.141725937,localhost,C1,82952336,33395321151,40,1743
1790163650.141725937,localhost,C1E,1236082884,277911414939,40,1743
1790163650.141725937,localhost,C6,1814790951,266711306032724,40,1743
1790163650.141725937,localhost,POLL,3496089,127561506,40,1743
1790163650.906206114,localhost,C1,82952439,33395323268,40,1592
1790163650.906206114,localhost,C1E,1236087407,277912522309,40,1592
1790163650.906206114,localhost,C6,1814801751,266711335317138,40,1592
1790163650.906206114,localhost,POLL,3496101,127561944,40,1592
1790163650.919305200,localhost,C1,82952442,33395323328,40,1507
1790163650.919305200,localhost,C1E,1236087491,277912560282,40,1507
1790163650.919305200,localhost,C6,1814802056,266711336432917,40,1507
1790163650.919305200,localhost,POLL,3496101,127561966,40,1507
1790163651.206733735,localhost,C1,82952478,33395325608,40,1709
1790163651.206733735,localhost,C1E,1236089349,277913014872,40,1709
1790163651.206733735,localhost,C6,1814806721,266711344965330,40,1709
1790163651.206733735,localhost,POLL,3496106,127562069,40,1709
1790163651.211345109,localhost,C1,82952479,33395325645,40,1602
1790163651.211345109,localhost,C1E,1236089361,277913016645,40,1602
1790163651.211345109,localhost,C6,1814806757,266711345236254,40,1602
1790163651.211345109,localhost,POLL,3496106,127562069,40,1602
1790163651.970173100,localhost,C1,82952587,33395327953,40,1649
1790163651.970173100,localhost,C1E,1236093981,277914158480,40,1649
1790163651.970173100,localhost,C6,1814818162,266711375085001,40,1649
1790163651.970173100,localhost,POLL,3496114,127562357,40,1649
1790163651.984153509,localhost,C1,82952589,33395327971,40,1695
1790163651.984153509,localhost,C1E,1236094066,277914179546,40,1695
1790163651.984153509,localhost,C6,1814818439,266711376369153,40,1695
1790163651.984153509,localhost,POLL,3496114,127562357,40,1695
1790163652.277420836,localhost,C1,82952634,33395329403,40,1695
1790163652.277420836,localhost,C1E,1236095918,277914645868,40,1695
1790163652.277420836,localhost,C6,1814823146,266711386119610,40,1695
1790163652.277420836,localhost,POLL,3496118,127562531,40,1695
1790163652.274491080,localhost,C1,82952634,33395329403,40,1699
1790163652.274491080,localhost,C1E,1236095916,277914645630,40,1699
1790163652.274491080,localhost,C6,1814823144,266711386119026,40,1699
1790163652.274491080,localhost,POLL,3496118,127562531,40,1699
1790163653.038678131,localhost,C1,82952747,33395333486,40,1520
1790163653.038678131,localhost,C1E,1236101132,277915928094,40,1520
1790163653.038678131,localhost,C6,1814835528,266711411660223,40,1520
1790163653.038678131,localhost,POLL,3496130,127562927,40,1520
1790163653.053172997,localhost,C1,82952748,33395333547,40,1685
1790163653.053172997,localhost,C1E,1236101247,277915955365,40,1685
1790163653.053172997,localhost,C6,1814835803,266711411960771,40,1685
1790163653.053172997,localhost,POLL,3496130,127562927,40,1685
1790163653.344714497,localhost,C1,82952800,33395337316,40,1712
1790163653.344714497,localhost,C1E,1236103441,277916517966,40,1712
1790163653.344714497,localhost,C6,1814840780,266711421458459,40,1712
1790163653.344714497,localhost,POLL,3496134,127563051,40,1712
1790163653.345289607,localhost,C1,82952800,33395338054,40,1781
1790163653.345289607,localhost,C1E,1236103469,277916524756,40,1781
1790163653.345289607,localhost,C6,1814840830,266711421717765,40,1781
1790163653.345289607,localhost,POLL,3496134,127563051,40,1781
1790163654.103129199,localhost,C1,82952932,33395341641,40,1607
1790163654.103129199,localhost,C1E,1236108396,277917714076,40,1607
1790163654.103129199,localhost,C6,1814852539,266711449167299,40,1607
1790163654.103129199,localhost,POLL,3496144,127563393,40,1607
1790163654.118185554,localhost,C1,82952933,33395341725,40,1649
1790163654.118185554,localhost,C1E,1236108503,277917748099,40,1649
1790163654.118185554,localhost,C6,1814852794,266711450098282,40,1649
1790163654.118185554,localhost,POLL,3496144,127563393,40,1649
1790163654.411582802,localhost,C1,82952973,33395342772,40,1577
1790163654.411582802,localhost,C1E,1236110513,277918248564,40,1577
1790163654.411582802,localhost,C6,1814857882,266711461408223,40,1577
1790163654.411582802,localhost,POLL,3496145,127563430,40,1577
1790163654.413535222,localhost,C1,82952973,33395342772,40,1540
1790163654.413535222,localhost,C1E,1236110518,277918249721,40,1540
1790163654.413535222,localhost,C6,1814857910,266711461461012,40,1540
1790163654.413535222,localhost,POLL,3496145,127563430,40,1540
1790163655.167874960,localhost,C1,82953068,33395345913,40,1441
1790163655.167874960,localhost,C1E,1236115246,277919383596,40,1441
1790163655.167874960,localhost,C6,1814869734,266711488987569,40,1441
1790163655.167874960,localhost,POLL,3496151,127563702,40,1441
1790163655.181227715,localhost,C1,82953074,33395345947,40,1597
1790163655.181227715,localhost,C1E,1236115320,277919398403,40,1597
1790163655.181227715,localhost,C6,1814869953,266711489233713,40,1597
1790163655.181227715,localhost,POLL,3496151,127563735,40,1597
1790163655.478762474,localhost,C1,82953126,33395346990,40,1835
1790163655.478762474,localhost,C1E,1236117314,277919900808,40,1835
1790163655.478762474,localhost,C6,1814874625,266711502244348,40,1835
1790163655.478762474,localhost,POLL,3496162,127564102,40,1835
1790163655.479290512,localhost,C1,82953126,33395346990,40,1695
1790163655.479290512,localhost,C1E,1236117317,277919901977,40,1695
1790163655.479290512,localhost,C6,1814874635,266711502275619,40,1695
1790163655.479290512,localhost,POLL,3496162,127564102,40,1695
1790163656.238204680,localhost,C1,82953227,33395355281,40,1788
1790163656.238204680,localhost,C1E,1236121935,277921025188,40,1788
1790163656.238204680,localhost,C6,1814886599,266711529094847,40,1788
1790163656.238204680,localhost,POLL,3496173,127564527,40,1788
1790163656.244295956,localhost,C1,82953227,33395355281,40,1880
1790163656.244295956,localhost,C1E,1236121958,277921029755,40,1880
1790163656.244295956,localhost,C6,1814886676,266711529159010,40,1880
1790163656.244295956,localhost,POLL,3496174,127564527,40,1880
1790163656.543083683,localhost,C1,82953265,33395356079,40,1960
1790163656.543083683,localhost,C1E,1236123927,277921529320,40,1960
1790163656.543083683,localhost,C6,1814891415,266711542007654,40,1960
1790163656.543083683,localhost,POLL,3496178,127564654,40,1960
1790163656.544088841,localhost,C1,82953266,33395356079,40,1923
1790163656.544088841,localhost,C1E,1236123935,277921531233,40,1923
1790163656.544088841,localhost,C6,1814891455,266711542062526,40,1923
1790163656.544088841,localhost,POLL,3496178,127564654,40,1923
1790163657.306642023,localhost,C1,82953372,33395358527,40,1882
1790163657.306642023,localhost,C1E,1236128721,277922697149,40,1882
1790163657.306642023,localhost,C6,1814903451,266711564705903,40,1882
1790163657.306642023,localhost,POLL,3496196,127565205,40,1882
1790163657.306197580,localhost,C1,82953373,33395358556,40,1915
1790163657.306197580,localhost,C1E,1236128747,277922705886,40,1915
1790163657.306197580,localhost,C6,1814903511,266711564822333,40,1915
1790163657.306197580,localhost,POLL,3496196,127565205,40,1915
1790163657.609191994,localhost,C1,82953418,33395360134,40,1810
1790163657.609191994,localhost,C1E,1236130667,277923201453,40,1810
1790163657.609191994,localhost,C6,1814908157,266711578332503,40,1810
1790163657.609191994,localhost,POLL,3496199,127565344,40,1810
1790163657.608399756,localhost,C1,82953418,33395360134,40,1814
1790163657.608399756,localhost,C1E,1236130667,277923201345,40,1814
1790163657.608399756,localhost,C6,1814908159,266711578330227,40,1814
1790163657.608399756,localhost,POLL,3496199,127565344,40,1814
1790163658.369095344,localhost,C1,82953533,33395365226,40,1773
1790163658.369095344,localhost,C1E,1236134869,277924249408,40,1773
1790163658.369095344,localhost,C6,1814919102,266711603843880,40,1773
1790163658.369095344,localhost,POLL,3496211,127565744,40,1773
1790163658.373331648,localhost,C1,82953533,33395365226,40,1773
1790163658.373331648,localhost,C1E,1236134882,277924251093,40,1773
1790163658.373331648,localhost,C6,1814919146,266711603870350,40,1773
1790163658.373331648,localhost,POLL,3496211,127565744,40,1773
1790163658.674180820,localhost,C1,82953608,33395377454,40,1506
1790163658.674180820,localhost,C1E,1236136940,277924789661,40,1506
1790163658.674180820,localhost,C6,1814924005,266711621517814,40,1506
1790163658.674180820,localhost,POLL,3496218,127565933,40,1506
1790163658.676309374,localhost,C1,82953608,33395377475,40,1406
1790163658.676309374,localhost,C1E,1236136946,277924793032,40,1406
1790163658.676309374,localhost,C6,1814924019,266711621552643,40,1406
1790163658.676309374,localhost,POLL,3496218,127565933,40,1406
1790163659.436562622,localhost,C1,82953742,33395380159,40,1712
1790163659.436562622,localhost,C1E,1236142041,277926104697,40,1712
1790163659.436562622,localhost,C6,1814934105,266711645247184,40,1712
1790163659.436562622,localhost,POLL,3496232,127566345,40,1712
1790163659.438369320,localhost,C1,82953742,33395380181,40,1729
1790163659.438369320,localhost,C1E,1236142070,277926111804,40,1729
1790163659.438369320,localhost,C6,1814934155,266711645308985,40,1729
1790163659.438369320,localhost,POLL,3496232,127566345,40,1729
1790163659.738700850,localhost,C1,82953791,33395381090,40,1721
1790163659.738700850,localhost,C1E,1236144040,277926619745,40,1721
1790163659.738700850,localhost,C6,1814938693,266711660151419,40,1721
1790163659.738700850,localhost,POLL,3496233,127566381,40,1721
1790163659.744834793,localhost,C1,82953791,33395381124,40,1744
1790163659.744834793,localhost,C1E,1236144080,277926624312,40,1744
1790163659.744834793,localhost,C6,1814938764,266711660290788,40,1744
1790163659.744834793,localhost,POLL,3496233,127566381,40,1744
1790163660.503620432,localhost,C1,82953908,33395384218,40,1683
1790163660.503620432,localhost,C1E,1236148807,277927848307,40,1683
1790163660.503620432,localhost,C6,1814949830,266711685157571,40,1683
1790163660.503620432,localhost,POLL,3496242,127566732,40,1683
1790163660.507763857,localhost,C1,82953908,33395384218,40,1683
1790163660.507763857,localhost,C1E,1236148808,277927848544,40,1683
1790163660.507763857,localhost,C6,1814949832,266711685158542,40,1683
1790163660.507763857,localhost,POLL,3496242,127566732,40,1683
1790163660.801812237,localhost,C1,82953951,33395385623,40,1796
1790163660.801812237,localhost,C1E,1236150717,277928342867,40,1796
1790163660.801812237,localhost,C6,1814954195,266711697198918,40,1796
1790163660.801812237,localhost,POLL,3496250,127566975,40,1796
1790163660.805600451,localhost,C1,82953952,33395385623,40,1839
1790163660.805600451,localhost,C1E,1236150733,277928346438,40,1839
1790163660.805600451,localhost,C6,1814954263,266711697380084,40,1839
1790163660.805600451,localhost,POLL,3496250,127566975,40,1839
1790163661.571485888,localhost,C1,82954054,33395388352,40,1677
1790163661.571485888,localhost,C1E,1236155101,277929453336,40,1677
1790163661.571485888,localhost,C6,1814965352,266711722506007,40,1677
1790163661.571485888,localhost,POLL,3496260,127567382,40,1677
1790163661.572660587,localhost,C1,82954055,33395388352,40,1630
1790163661.572660587,localhost,C1E,1236155113,277929454082,40,1630
1790163661.572660587,localhost,C6,1814965374,266711722518352,40,1630
1790163661.572660587,localhost,POLL,3496260,127567382,40,1630
1790163661.865006824,localhost,C1,82954092,33395391445,40,1677
1790163661.865006824,localhost,C1E,1236156947,277929917748,40,1677
1790163661.865006824,localhost,C6,1814969805,266711735068591,40,1677
1790163661.865006824,localhost,POLL,3496264,127567470,40,1677
1790163661.871423666,localhost,C1,82954092,33395391445,40,1678
1790163661.871423666,localhost,C1E,1236156975,277929930019,40,1678
1790163661.871423666,localhost,C6,1814969892,266711735548691,40,1678
1790163661.871423666,localhost,POLL,3496264,127567470,40,1678
1790163662.640827888,localhost,C1,82954204,33395395069,40,1508
1790163662.640827888,localhost,C1E,1236161449,277931073861,40,1508
1790163662.640827888,localhost,C6,1814981240,266711767099488,40,1508
1790163662.640827888,localhost,POLL,3496274,127567800,40,1508
1790163662.637815376,localhost,C1,82954203,33395395069,40,1589
1790163662.637815376,localhost,C1E,1236161432,277931074010,40,1589
1790163662.637815376,localhost,C6,1814981206,266711767100466,40,1589
1790163662.637815376,localhost,POLL,3496274,127567800,40,1589
1790163662.932019294,localhost,C1,82954237,33395395698,40,1636
1790163662.932019294,localhost,C1E,1236163211,277931532072,40,1636
1790163662.932019294,localhost,C6,1814985767,266711775138131,40,1636
1790163662.932019294,localhost,POLL,3496276,127567853,40,1636
1790163662.934153890,localhost,C1,82954237,33395395709,40,1620
1790163662.934153890,localhost,C1E,1236163229,277931539905,40,1620
1790163662.934153890,localhost,C6,1814985828,266711775179740,40,1620
1790163662.934153890,localhost,POLL,3496276,127567853,40,1620
1790163663.704815337,localhost,C1,82954351,33395398147,40,1459
1790163663.704815337,localhost,C1E,1236168134,277932741291,40,1459
1790163663.704815337,localhost,C6,1814994674,266711798256412,40,1459
1790163663.704815337,localhost,POLL,3496286,127568195,40,1459
1790163663.705772640,localhost,C1,82954351,33395398147,40,1459
1790163663.705772640,localhost,C1E,1236168135,277932741291,40,1459
1790163663.705772640,localhost,C6,1814994677,266711798256412,40,1459
1790163663.705772640,localhost,POLL,3496286,127568195,40,1459
1790163663.994241317,localhost,C1,82954390,33395403303,40,1548
1790163663.994241317,localhost,C1E,1236169811,277933109892,40,1548
1790163663.994241317,localhost,C6,1814996535,266711807953088,40,1548
1790163663.994241317,localhost,POLL,3496287,127568229,40,1548
1790163663.996338132,localhost,C1,82954390,33395403303,40,1543
1790163663.996338132,localhost,C1E,1236169822,277933112753,40,1543
1790163663.996338132,localhost,C6,1814996561,266711807976589,40,1543
1790163663.996338132,localhost,POLL,3496287,127568229,40,1543
1790163664.775906404,localhost,C1,82954599,33395415447,40,1384
1790163664.775906404,localhost,C1E,1236174467,277934099392,40,1384
1790163664.775906404,localhost,C6,1814999650,266711834308212,40,1384
1790163664.775906404,localhost,POLL,3496291,127568405,40,1384
1790163664.776203180,localhost,C1,82954599,33395415447,40,1375
1790163664.776203180,localhost,C1E,1236174480,277934098818,40,1375
1790163664.776203180,localhost,C6,1814999667,266711834292753,40,1375
1790163664.776203180,localhost,POLL,3496291,127568405,40,1375
1790163665.059576991,localhost,C1,82954656,33395417634,40,1565
1790163665.059576991,localhost,C1E,1236176150,277934457292,40,1565
1790163665.059576991,localhost,C6,1815001402,266711846465403,40,1565
1790163665.059576991,localhost,POLL,3496292,127568442,40,1565
1790163665.061568888,localhost,C1,82954657,33395417634,40,1577
1790163665.061568888,localhost,C1E,1236176160,277934459248,40,1577
1790163665.061568888,localhost,C6,1815001415,266711846471774,40,1577
1790163665.061568888,localhost,POLL,3496292,127568442,40,1577
1790163665.845365239,localhost,C1,82954734,33395427268,40,1613
1790163665.845365239,localhost,C1E,1236180710,277935425999,40,1613
1790163665.845365239,localhost,C6,1815005052,266711875713925,40,1613
1790163665.845365239,localhost,POLL,3496300,127568645,40,1613
1790163665.846968893,localhost,C1,82954734,33395427282,40,1599
1790163665.846968893,localhost,C1E,1236180738,277935430373,40,1599
1790163665.846968893,localhost,C6,1815005109,266711875868871,40,1599
1790163665.846968893,localhost,POLL,3496300,127568645,40,1599
1790163666.128015708,localhost,C1,82954816,33395429957,40,1737
1790163666.128015708,localhost,C1E,1236182597,277935856288,40,1737
1790163666.128015708,localhost,C6,1815007680,266711894093943,40,1737
1790163666.128015708,localhost,POLL,3496304,127568799,40,1737
1790163666.131617973,localhost,C1,82954815,33395429957,40,1724
1790163666.131617973,localhost,C1E,1236182591,277935853340,40,1724
1790163666.131617973,localhost,C6,1815007669,266711894081780,40,1724
1790163666.131617973,localhost,POLL,3496304,127568799,40,1724
1790163666.912477245,localhost,C1,82954913,33395432789,40,1762
1790163666.912477245,localhost,C1E,1236187540,277936951305,40,1762
1790163666.912477245,localhost,C6,1815013416,266711923040900,40,1762
1790163666.912477245,localhost,POLL,3496315,127569161,40,1762
1790163666.914102881,localhost,C1,82954913,33395432789,40,1745
1790163666.914102881,localhost,C1E,1236187549,277936954399,40,1745
1790163666.914102881,localhost,C6,1815013433,266711923068842,40,1745
1790163666.914102881,localhost,POLL,3496315,127569161,40,1745
1790163667.200859551,localhost,C1,82954985,33395434118,40,1719
1790163667.200859551,localhost,C1E,1236189313,277937332933,40,1719
1790163667.200859551,localhost,C6,1815015048,266711932344638,40,1719
1790163667.200859551,localhost,POLL,3496321,127569405,40,1719
1790163667.201483463,localhost,C1,82954985,33395434118,40,1753
1790163667.201483463,localhost,C1E,1236189315,277937334233,40,1753
1790163667.201483463,localhost,C6,1815015050,266711932356570,40,1753
1790163667.201483463,localhost,POLL,3496321,127569405,40,1753
1790163667.982804666,localhost,C1,82955073,33395435572,40,1491
1790163667.982804666,localhost,C1E,1236193815,277938280853,40,1491
1790163667.982804666,localhost,C6,1815018288,266711954451757,40,1491
1790163667.982804666,localhost,POLL,3496326,127569549,40,1491
1790163667.985719453,localhost,C1,82955073,33395435572,40,1542
1790163667.985719453,localhost,C1E,1236193848,277938288666,40,1542
1790163667.985719453,localhost,C6,1815018345,266711955204914,40,1542
1790163667.985719453,localhost,POLL,3496326,127569549,40,1542
1790163668.266865352,localhost,C1,82955106,33395444236,40,1612
1790163668.266865352,localhost,C1E,1236195594,277938674873,40,1612
1790163668.266865352,localhost,C6,1815020049,266711971110879,40,1612
1790163668.266865352,localhost,POLL,3496328,127569595,40,1612
1790163668.271677826,localhost,C1,82955106,33395444236,40,1625
1790163668.271677826,localhost,C1E,1236195629,277938682007,40,1625
1790163668.271677826,localhost,C6,1815020101,266711971213666,40,1625
1790163668.271677826,localhost,POLL,3496328,127569595,40,1625
1790163669.047979655,localhost,C1,82955187,33395455854,40,1665
1790163669.047979655,localhost,C1E,1236200353,277939719042,40,1665
1790163669.047979655,localhost,C6,1815024352,266711998336145,40,1665
1790163669.047979655,localhost,POLL,3496334,127569791,40,1665
1790163669.055539036,localhost,C1,82955189,33395455854,40,1706
1790163669.055539036,localhost,C1E,1236200421,277939736882,40,1706
1790163669.055539036,localhost,C6,1815024415,266711999329817,40,1706
1790163669.055539036,localhost,POLL,3496334,127569791,40,1706
