epoch_s,host,state,usage,time_us,ncpu,avg_mhz
1790159266.907142365,localhost,C1,81552435,33278697402,40,1528
1790159266.907142365,localhost,C1E,1206623111,271572755614,40,1528
1790159266.907142365,localhost,C6,1789379635,266544802564873,40,1528
1790159266.907142365,localhost,POLL,3439416,125745631,40,1528
1790159266.984313056,localhost,C1,81552459,33278697819,40,1454
1790159266.984313056,localhost,C1E,1206623587,271572869507,40,1454
1790159266.984313056,localhost,C6,1789380525,266544805495108,40,1454
1790159266.984313056,localhost,POLL,3439416,125745631,40,1454
1790159266.986194211,localhost,C1,81552461,33278697819,40,1472
1790159266.986194211,localhost,C1E,1206623610,271572874109,40,1472
1790159266.986194211,localhost,C6,1789380562,266544805523216,40,1472
1790159266.986194211,localhost,POLL,3439416,125745631,40,1472
1790159267.971560761,localhost,C1,81552680,33278705315,40,1356
1790159267.971560761,localhost,C1E,1206629310,271574059274,40,1356
1790159267.971560761,localhost,C6,1789384404,266544830381630,40,1356
1790159267.971560761,localhost,POLL,3439418,125745670,40,1356
1790159268.049544142,localhost,C1,81552702,33278705926,40,1561
1790159268.049544142,localhost,C1E,1206629796,271574170109,40,1561
1790159268.049544142,localhost,C6,1789385390,266544834873765,40,1561
1790159268.049544142,localhost,POLL,3439419,125745710,40,1561
1790159268.054809547,localhost,C1,81552703,33278705941,40,1567
1790159268.054809547,localhost,C1E,1206629826,271574177894,40,1567
1790159268.054809547,localhost,C6,1789385457,266544834961647,40,1567
1790159268.054809547,localhost,POLL,3439419,125745710,40,1567
1790159269.036450518,localhost,C1,81552816,33278715827,40,1235
1790159269.036450518,localhost,C1E,1206635481,271575367292,40,1235
1790159269.036450518,localhost,C6,1789390029,266544871830898,40,1235
1790159269.036450518,localhost,POLL,3439428,125746024,40,1235
1790159269.115928018,localhost,C1,81552840,33278716248,40,1470
1790159269.115928018,localhost,C1E,1206636085,271575509360,40,1470
1790159269.115928018,localhost,C6,1789391028,266544879024507,40,1470
1790159269.115928018,localhost,POLL,3439429,125746057,40,1470
1790159269.120957430,localhost,C1,81552840,33278716263,40,1529
1790159269.120957430,localhost,C1E,1206636119,271575518166,40,1529
1790159269.120957430,localhost,C6,1789391087,266544881633845,40,1529
1790159269.120957430,localhost,POLL,3439429,125746057,40,1529
1790159270.103246138,localhost,C1,81553523,33278795042,40,1522
1790159270.103246138,localhost,C1E,1206647065,271578107465,40,1522
1790159270.103246138,localhost,C6,1789403137,266544919234557,40,1522
1790159270.103246138,localhost,POLL,3439452,125746745,40,1522
1790159270.183685272,localhost,C1,81553529,33278796050,40,1600
1790159270.183685272,localhost,C1E,1206647567,271578236019,40,1600
1790159270.183685272,localhost,C6,1789404030,266544926693888,40,1600
1790159270.183685272,localhost,POLL,3439452,125746745,40,1600
1790159270.189275143,localhost,C1,81553529,33278796064,40,1653
1790159270.189275143,localhost,C1E,1206647602,271578241330,40,1653
1790159270.189275143,localhost,C6,1789404101,266544926775173,40,1653
1790159270.189275143,localhost,POLL,3439452,125746745,40,1653
1790159271.165257120,localhost,C1,81557264,33279230745,40,1551
1790159271.165257120,localhost,C1E,1206667133,271582729745,40,1551
1790159271.165257120,localhost,C6,1789422532,266544960335350,40,1551
1790159271.165257120,localhost,POLL,3439496,125747991,40,1551
1790159271.252325591,localhost,C1,81557740,33279289084,40,1756
1790159271.252325591,localhost,C1E,1206669298,271583195332,40,1756
1790159271.252325591,localhost,C6,1789424029,266544962953231,40,1756
1790159271.252325591,localhost,POLL,3439500,125748086,40,1756
1790159271.255797680,localhost,C1,81557743,33279291426,40,1849
1790159271.255797680,localhost,C1E,1206669360,271583219018,40,1849
1790159271.255797680,localhost,C6,1789424095,266544963091139,40,1849
1790159271.255797680,localhost,POLL,3439500,125748112,40,1849
1790159272.229936187,localhost,C1,81562595,33279850578,40,1629
1790159272.229936187,localhost,C1E,1206691725,271587145120,40,1629
1790159272.229936187,localhost,C6,1789438322,266544996485233,40,1629
1790159272.229936187,localhost,POLL,3439557,125749552,40,1629
1790159272.313974463,localhost,C1,81562949,33279897662,40,1972
1790159272.313974463,localhost,C1E,1206693832,271587542417,40,1972
1790159272.313974463,localhost,C6,1789439761,266545000380452,40,1972
1790159272.313974463,localhost,POLL,3439561,125749637,40,1972
1790159272.318832407,localhost,C1,81562983,33279901874,40,1995
1790159272.318832407,localhost,C1E,1206693950,271587575197,40,1995
1790159272.318832407,localhost,C6,1789439839,266545000475224,40,1995
1790159272.318832407,localhost,POLL,3439561,125749637,40,1995
1790159273.293144100,localhost,C1,81568118,33280464001,40,1690
1790159273.293144100,localhost,C1E,1206717286,271591579296,40,1690
1790159273.293144100,localhost,C6,1789453278,266545029298934,40,1690
1790159273.293144100,localhost,POLL,3439604,125750424,40,1690
1790159273.379118737,localhost,C1,81568559,33280515976,40,1587
1790159273.379118737,localhost,C1E,1206719378,271592063155,40,1587
1790159273.379118737,localhost,C6,1789454917,266545033669383,40,1587
1790159273.379118737,localhost,POLL,3439609,125750607,40,1587
1790159273.385320263,localhost,C1,81568579,33280519964,40,1785
1790159273.385320263,localhost,C1E,1206719548,271592104291,40,1785
1790159273.385320263,localhost,C6,1789455048,266545035900080,40,1785
1790159273.385320263,localhost,POLL,3439610,125750607,40,1785
1790159274.353317622,localhost,C1,81572342,33280908139,40,1671
1790159274.353317622,localhost,C1E,1206740240,271597280391,40,1671
1790159274.353317622,localhost,C6,1789475294,266545065383927,40,1671
1790159274.353317622,localhost,POLL,3439651,125751565,40,1671
1790159274.438738201,localhost,C1,81572959,33280984641,40,2013
1790159274.438738201,localhost,C1E,1206742726,271597869227,40,2013
1790159274.438738201,localhost,C6,1789477178,266545070455955,40,2013
1790159274.438738201,localhost,POLL,3439658,125751723,40,2013
1790159274.444403289,localhost,C1,81572985,33280986483,40,2037
1790159274.444403289,localhost,C1E,1206742872,271597904878,40,2037
1790159274.444403289,localhost,C6,1789477328,266545071312110,40,2037
1790159274.444403289,localhost,POLL,3439658,125751723,40,2037
1790159275.413605298,localhost,C1,81578781,33281525096,40,1644
1790159275.413605298,localhost,C1E,1206767094,271603792513,40,1644
1790159275.413605298,localhost,C6,1789496972,266545099248788,40,1644
1790159275.413605298,localhost,POLL,3439723,125752785,40,1644
1790159275.496527615,localhost,C1,81579402,33281590559,40,1807
1790159275.496527615,localhost,C1E,1206769186,271604288109,40,1807
1790159275.496527615,localhost,C6,1789498631,266545103058666,40,1807
1790159275.496527615,localhost,POLL,3439732,125752973,40,1807
1790159275.501742037,localhost,C1,81579464,33281598692,40,1885
1790159275.501742037,localhost,C1E,1206769396,271604342300,40,1885
1790159275.501742037,localhost,C6,1789498757,266545103158625,40,1885
1790159275.501742037,localhost,POLL,3439734,125752973,40,1885
1790159276.471886828,localhost,C1,81585923,33282244081,40,1832
1790159276.471886828,localhost,C1E,1206794317,271610339229,40,1832
1790159276.471886828,localhost,C6,1789517182,266545136307495,40,1832
1790159276.471886828,localhost,POLL,3439797,125754405,40,1832
1790159276.550444588,localhost,C1,81586457,33282299760,40,1950
1790159276.550444588,localhost,C1E,1206796352,271610819088,40,1950
1790159276.550444588,localhost,C6,1789518832,266545139771958,40,1950
1790159276.550444588,localhost,POLL,3439800,125754477,40,1950
1790159276.558650871,localhost,C1,81586487,33282309899,40,2035
1790159276.558650871,localhost,C1E,1206796655,271610885227,40,2035
1790159276.558650871,localhost,C6,1789519023,266545140122145,40,2035
1790159276.558650871,localhost,POLL,3439800,125754529,40,2035
1790159277.532322940,localhost,C1,81591391,33282772687,40,1777
1790159277.532322940,localhost,C1E,1206819740,271616717062,40,1777
1790159277.532322940,localhost,C6,1789539408,266545168398791,40,1777
1790159277.532322940,localhost,POLL,3439859,125755664,40,1777
1790159277.609247822,localhost,C1,81592142,33282856253,40,1791
1790159277.609247822,localhost,C1E,1206822004,271617251098,40,1791
1790159277.609247822,localhost,C6,1789540622,266545170664684,40,1791
1790159277.609247822,localhost,POLL,3439863,125755756,40,1791
1790159277.616852302,localhost,C1,81592180,33282857311,40,1829
1790159277.616852302,localhost,C1E,1206822119,271617258486,40,1829
1790159277.616852302,localhost,C6,1789540657,266545170683267,40,1829
1790159277.616852302,localhost,POLL,3439863,125755756,40,1829
1790159278.593417351,localhost,C1,81592505,33282886476,40,1166
1790159278.593417351,localhost,C1E,1206828789,271618610122,40,1166
1790159278.593417351,localhost,C6,1789544828,266545207657184,40,1166
1790159278.593417351,localhost,POLL,3439877,125756165,40,1166
1790159278.667781257,localhost,C1,81592526,33282893979,40,1379
1790159278.667781257,localhost,C1E,1206829252,271618714430,40,1379
1790159278.667781257,localhost,C6,1789545652,266545215170213,40,1379
1790159278.667781257,localhost,POLL,3439880,125756224,40,1379
1790159278.670093066,localhost,C1,81592526,33282893979,40,1588
1790159278.670093066,localhost,C1E,1206829289,271618726266,40,1588
1790159278.670093066,localhost,C6,1789545712,266545215311404,40,1588
1790159278.670093066,localhost,POLL,3439880,125756224,40,1588
1790159279.657811807,localhost,C1,81593678,33283012290,40,1442
1790159279.657811807,localhost,C1E,1206839678,271621165795,40,1442
1790159279.657811807,localhost,C6,1789553632,266545243123285,40,1442
1790159279.657811807,localhost,POLL,3439902,125756884,40,1442
1790159279.726947396,localhost,C1,81593997,33283051495,40,1916
1790159279.726947396,localhost,C1E,1206841373,271621591835,40,1916
1790159279.726947396,localhost,C6,1789554964,266545250802263,40,1916
1790159279.726947396,localhost,POLL,3439905,125756911,40,1916
1790159279.734723079,localhost,C1,81594043,33283056455,40,1901
1790159279.734723079,localhost,C1E,1206841613,271621641623,40,1901
1790159279.734723079,localhost,C6,1789555108,266545250940490,40,1901
1790159279.734723079,localhost,POLL,3439907,125756917,40,1901
1790159280.716741301,localhost,C1,81598477,33283568223,40,1748
1790159280.716741301,localhost,C1E,1206864355,271627120232,40,1748
1790159280.716741301,localhost,C6,1789573427,266545282706766,40,1748
1790159280.716741301,localhost,POLL,3439959,125758000,40,1748
1790159280.783787320,localhost,C1,81598813,33283619725,40,1927
1790159280.783787320,localhost,C1E,1206865990,271627483149,40,1927
1790159280.783787320,localhost,C6,1789574637,266545287043292,40,1927
1790159280.783787320,localhost,POLL,3439962,125758059,40,1927
1790159280.789982691,localhost,C1,81598834,33283621094,40,1911
1790159280.789982691,localhost,C1E,1206866178,271627537818,40,1911
1790159280.789982691,localhost,C6,1789574816,266545287324034,40,1911
1790159280.789982691,localhost,POLL,3439962,125758059,40,1911
1790159281.778203215,localhost,C1,81601896,33283993043,40,1740
1790159281.778203215,localhost,C1E,1206888153,271632986320,40,1740
1790159281.778203215,localhost,C6,1789593988,266545314146233,40,1740
1790159281.778203215,localhost,POLL,3440005,125758869,40,1740
1790159281.838554293,localhost,C1,81602158,33284038538,40,1964
1790159281.838554293,localhost,C1E,1206889825,271633377982,40,1964
1790159281.838554293,localhost,C6,1789595108,266545321466399,40,1964
1790159281.838554293,localhost,POLL,3440007,125758904,40,1964
1790159281.845495000,localhost,C1,81602170,33284040544,40,1970
1790159281.845495000,localhost,C1E,1206889926,271633402527,40,1970
1790159281.845495000,localhost,C6,1789595165,266545321543501,40,1970
1790159281.845495000,localhost,POLL,3440007,125758904,40,1970
1790159282.837185743,localhost,C1,81604720,33284394377,40,1525
1790159282.837185743,localhost,C1E,1206912578,271638905825,40,1525
1790159282.837185743,localhost,C6,1789614511,266545354234048,40,1525
1790159282.837185743,localhost,POLL,3440042,125759824,40,1525
1790159282.896126725,localhost,C1,81604954,33284423494,40,1836
1790159282.896126725,localhost,C1E,1206914027,271639260171,40,1836
1790159282.896126725,localhost,C6,1789615506,266545356335556,40,1836
1790159282.896126725,localhost,POLL,3440047,125759908,40,1836
1790159282.902777494,localhost,C1,81604985,33284427540,40,1797
1790159282.902777494,localhost,C1E,1206914227,271639311807,40,1797
1790159282.902777494,localhost,C6,1789615573,266545357084614,40,1797
1790159282.902777494,localhost,POLL,3440047,125759908,40,1797
1790159283.898405940,localhost,C1,81608224,33284887063,40,1792
1790159283.898405940,localhost,C1E,1206937747,271645088564,40,1792
1790159283.898405940,localhost,C6,1789633488,266545386897457,40,1792
1790159283.898405940,localhost,POLL,3440096,125761057,40,1792
1790159283.956658886,localhost,C1,81608498,33284927660,40,1801
1790159283.956658886,localhost,C1E,1206939255,271645422416,40,1801
1790159283.956658886,localhost,C6,1789634567,266545391077902,40,1801
1790159283.956658886,localhost,POLL,3440101,125761163,40,1801
1790159283.955252860,localhost,C1,81608503,33284928825,40,1897
1790159283.955252860,localhost,C1E,1206939270,271645430578,40,1897
1790159283.955252860,localhost,C6,1789634579,266545391102406,40,1897
1790159283.955252860,localhost,POLL,3440101,125761163,40,1897
1790159284.960056449,localhost,C1,81612299,33285380045,40,1873
1790159284.960056449,localhost,C1E,1206960860,271650887798,40,1873
1790159284.960056449,localhost,C6,1789654490,266545418404687,40,1873
1790159284.960056449,localhost,POLL,3440151,125762186,40,1873
1790159285.011169754,localhost,C1,81612688,33285423752,40,2002
1790159285.011169754,localhost,C1E,1206962278,271651191874,40,2002
1790159285.011169754,localhost,C6,1789655445,266545423653332,40,2002
1790159285.011169754,localhost,POLL,3440156,125762249,40,2002
1790159285.015344652,localhost,C1,81612727,33285428527,40,2078
1790159285.015344652,localhost,C1E,1206962391,271651224579,40,2078
1790159285.015344652,localhost,C6,1789655587,266545423784364,40,2078
1790159285.015344652,localhost,POLL,3440156,125762252,40,2078
1790159286.017587822,localhost,C1,81617281,33285972007,40,1867
1790159286.017587822,localhost,C1E,1206984688,271656625865,40,1867
1790159286.017587822,localhost,C6,1789674143,266545454909435,40,1867
1790159286.017587822,localhost,POLL,3440205,125763310,40,1867
1790159286.067013916,localhost,C1,81617616,33286009396,40,2078
1790159286.067013916,localhost,C1E,1206986049,271656950033,40,2078
1790159286.067013916,localhost,C6,1789674944,266545457214100,40,2078
1790159286.067013916,localhost,POLL,3440206,125763310,40,2078
1790159286.070955520,localhost,C1,81617630,33286011448,40,2120
1790159286.070955520,localhost,C1E,1206986144,271656973670,40,2120
1790159286.070955520,localhost,C6,1789674983,266545457268811,40,2120
1790159286.070955520,localhost,POLL,3440206,125763310,40,2120
1790159287.083954669,localhost,C1,81623566,33286594373,40,1870
1790159287.083954669,localhost,C1E,1207010192,271662872061,40,1870
1790159287.083954669,localhost,C6,1789694960,266545494043947,40,1870
1790159287.083954669,localhost,POLL,3440259,125764325,40,1870
1790159287.123960724,localhost,C1,81623862,33286634732,40,1941
1790159287.123960724,localhost,C1E,1207011205,271663079315,40,1941
1790159287.123960724,localhost,C6,1789695636,266545496725576,40,1941
1790159287.123960724,localhost,POLL,3440261,125764442,40,1941
1790159287.128217513,localhost,C1,81623920,33286638951,40,1914
1790159287.128217513,localhost,C1E,1207011387,271663097056,40,1914
1790159287.128217513,localhost,C6,1789695709,266545496845861,40,1914
1790159287.128217513,localhost,POLL,3440261,125764481,40,1914
1790159288.146816739,localhost,C1,81624331,33286657047,40,1701
1790159288.146816739,localhost,C1E,1207017984,271664481005,40,1701
1790159288.146816739,localhost,C6,1789699978,266545522429010,40,1701
1790159288.146816739,localhost,POLL,3440281,125764995,40,1701
1790159288.180410848,localhost,C1,81624333,33286657082,40,1646
1790159288.180410848,localhost,C1E,1207018263,271664548575,40,1646
1790159288.180410848,localhost,C6,1789700296,266545532220997,40,1646
1790159288.180410848,localhost,POLL,3440282,125764995,40,1646
1790159288.184159784,localhost,C1,81624333,33286657082,40,1901
1790159288.184159784,localhost,C1E,1207018302,271664563584,40,1901
1790159288.184159784,localhost,C6,1789700444,266545532430216,40,1901
1790159288.184159784,localhost,POLL,3440282,125764995,40,1901
1790159289.207880917,localhost,C1,81625088,33286741702,40,1880
1790159289.207880917,localhost,C1E,1207030159,271667388322,40,1880
1790159289.207880917,localhost,C6,1789712104,266545564601592,40,1880
1790159289.207880917,localhost,POLL,3440301,125765459,40,1880
1790159289.235406882,localhost,C1,81625148,33286748238,40,1932
1790159289.235406882,localhost,C1E,1207030977,271667552107,40,1932
1790159289.235406882,localhost,C6,1789712487,266545565505738,40,1932
1790159289.235406882,localhost,POLL,3440301,125765459,40,1932
1790159289.242749090,localhost,C1,81625159,33286752502,40,1929
1790159289.242749090,localhost,C1E,1207031209,271667588762,40,1929
1790159289.242749090,localhost,C6,1789712598,266545566349955,40,1929
1790159289.242749090,localhost,POLL,3440301,125765459,40,1929
1790159290.265909525,localhost,C1,81627463,33286987051,40,1775
1790159290.265909525,localhost,C1E,1207055607,271673358448,40,1775
1790159290.265909525,localhost,C6,1789732721,266545602479503,40,1775
1790159290.265909525,localhost,POLL,3440332,125766192,40,1775
1790159290.294125473,localhost,C1,81627558,33287000971,40,1850
1790159290.294125473,localhost,C1E,1207056530,271673560851,40,1850
1790159290.294125473,localhost,C6,1789733229,266545607375400,40,1850
1790159290.294125473,localhost,POLL,3440334,125766229,40,1850
1790159290.298881475,localhost,C1,81627567,33287002442,40,1961
1790159290.298881475,localhost,C1E,1207056663,271673587107,40,1961
1790159290.298881475,localhost,C6,1789733365,266545608147948,40,1961
1790159290.298881475,localhost,POLL,3440334,125766229,40,1961
1790159291.320867918,localhost,C1,81631826,33287464420,40,1905
1790159291.320867918,localhost,C1E,1207081649,271678577984,40,1905
1790159291.320867918,localhost,C6,1789750282,266545643495763,40,1905
1790159291.320867918,localhost,POLL,3440378,125767235,40,1905
1790159291.352887315,localhost,C1,81631933,33287475840,40,1824
1790159291.352887315,localhost,C1E,1207082435,271678748912,40,1824
1790159291.352887315,localhost,C6,1789750885,266545646318885,40,1824
1790159291.352887315,localhost,POLL,3440378,125767235,40,1824
1790159291.359246991,localhost,C1,81631969,33287480973,40,1841
1790159291.359246991,localhost,C1E,1207082681,271678792747,40,1841
1790159291.359246991,localhost,C6,1789751082,266545647074373,40,1841
1790159291.359246991,localhost,POLL,3440378,125767261,40,1841
1790159292.381092925,localhost,C1,81636937,33288009837,40,1916
1790159292.381092925,localhost,C1E,1207107192,271682874249,40,1916
1790159292.381092925,localhost,C6,1789766230,266545681028718,40,1916
1790159292.381092925,localhost,POLL,3440430,125768560,40,1916
1790159292.407606582,localhost,C1,81637036,33288018892,40,1821
1790159292.407606582,localhost,C1E,1207107875,271683033508,40,1821
1790159292.407606582,localhost,C6,1789766665,266545682244878,40,1821
1790159292.407606582,localhost,POLL,3440432,125768588,40,1821
1790159292.417049977,localhost,C1,81637071,33288021187,40,1943
1790159292.417049977,localhost,C1E,1207108139,271683072334,40,1943
1790159292.417049977,localhost,C6,1789766752,266545682447778,40,1943
1790159292.417049977,localhost,POLL,3440432,125768588,40,1943
1790159293.444029551,localhost,C1,81639806,33288324352,40,1878
1790159293.444029551,localhost,C1E,1207128615,271687748513,40,1878
1790159293.444029551,localhost,C6,1789789587,266545712093155,40,1878
1790159293.444029551,localhost,POLL,3440473,125769504,40,1878
1790159293.468387333,localhost,C1,81639906,33288336418,40,1846
1790159293.468387333,localhost,C1E,1207129297,271687894073,40,1846
1790159293.468387333,localhost,C6,1789790016,266545713299131,40,1846
1790159293.468387333,localhost,POLL,3440474,125769510,40,1846
1790159293.475918086,localhost,C1,81639923,33288340591,40,1907
1790159293.475918086,localhost,C1E,1207129489,271687923420,40,1907
1790159293.475918086,localhost,C6,1789790089,266545715015859,40,1907
1790159293.475918086,localhost,POLL,3440475,125769510,40,1907
1790159294.501679396,localhost,C1,81641874,33288557812,40,2025
1790159294.501679396,localhost,C1E,1207150895,271693068771,40,2025
1790159294.501679396,localhost,C6,1789813795,266545751063269,40,2025
1790159294.501679396,localhost,POLL,3440522,125770627,40,2025
1790159294.524612954,localhost,C1,81641941,33288566129,40,2028
1790159294.524612954,localhost,C1E,1207151424,271693201941,40,2028
1790159294.524612954,localhost,C6,1789814431,266545751558654,40,2028
1790159294.524612954,localhost,POLL,3440523,125770649,40,2028
1790159294.531935149,localhost,C1,81641954,33288566777,40,1876
1790159294.531935149,localhost,C1E,1207151495,271693215352,40,1876
1790159294.531935149,localhost,C6,1789814525,266545753289922,40,1876
1790159294.531935149,localhost,POLL,3440524,125770649,40,1876
1790159295.561761285,localhost,C1,81643988,33288811482,40,2013
1790159295.561761285,localhost,C1E,1207173493,271698394292,40,2013
1790159295.561761285,localhost,C6,1789837463,266545785633939,40,2013
1790159295.561761285,localhost,POLL,3440558,125771353,40,2013
1790159295.583254109,localhost,C1,81644027,33288817256,40,2030
1790159295.583254109,localhost,C1E,1207173957,271698498249,40,2030
1790159295.583254109,localhost,C6,1789837819,266545787426305,40,2030
1790159295.583254109,localhost,POLL,3440558,125771356,40,2030
1790159295.585634449,localhost,C1,81644043,33288819065,40,2034
1790159295.585634449,localhost,C1E,1207174087,271698541000,40,2034
1790159295.585634449,localhost,C6,1789837871,266545787483850,40,2034
1790159295.585634449,localhost,POLL,3440559,125771356,40,2034
1790159296.624708355,localhost,C1,81646091,33289033401,40,1880
1790159296.624708355,localhost,C1E,1207199286,271704290006,40,1880
1790159296.624708355,localhost,C6,1789857799,266545821888886,40,1880
1790159296.624708355,localhost,POLL,3440604,125772412,40,1880
1790159296.636279894,localhost,C1,81646108,33289036722,40,1911
1790159296.636279894,localhost,C1E,1207199502,271704327760,40,1911
1790159296.636279894,localhost,C6,1789857926,266545821967962,40,1911
1790159296.636279894,localhost,POLL,3440604,125772412,40,1911
1790159296.641755099,localhost,C1,81646147,33289042134,40,1695
1790159296.641755099,localhost,C1E,1207199739,271704391371,40,1695
1790159296.641755099,localhost,C6,1789858096,266545822676650,40,1695
1790159296.641755099,localhost,POLL,3440604,125772439,40,1695
1790159297.683111967,localhost,C1,81646663,33289095500,40,1809
1790159297.683111967,localhost,C1E,1207209668,271706544191,40,1809
1790159297.683111967,localhost,C6,1789866252,266545851600469,40,1809
1790159297.683111967,localhost,POLL,3440622,125772840,40,1809
1790159297.689368057,localhost,C1,81646663,33289095529,40,1858
1790159297.689368057,localhost,C1E,1207209715,271706556140,40,1858
1790159297.689368057,localhost,C6,1789866369,266545851774515,40,1858
1790159297.689368057,localhost,POLL,3440622,125772840,40,1858
1790159297.698494314,localhost,C1,81646663,33289095529,40,1818
1790159297.698494314,localhost,C1E,1207209770,271706571053,40,1818
1790159297.698494314,localhost,C6,1789866495,266545852515049,40,1818
1790159297.698494314,localhost,POLL,3440622,125772840,40,1818
1790159298.751050062,localhost,C1,81646774,33289112664,40,1541
1790159298.751050062,localhost,C1E,1207215981,271707880488,40,1541
1790159298.751050062,localhost,C6,1789870970,266545905418583,40,1541
1790159298.751050062,localhost,POLL,3440631,125773108,40,1541
1790159298.746058729,localhost,C1,81646774,33289112650,40,1565
1790159298.746058729,localhost,C1E,1207215960,271707880003,40,1565
1790159298.746058729,localhost,C6,1789870929,266545905416369,40,1565
1790159298.746058729,localhost,POLL,3440631,125773108,40,1565
1790159298.758178560,localhost,C1,81646774,33289112664,40,1727
1790159298.758178560,localhost,C1E,1207216025,271707906495,40,1727
1790159298.758178560,localhost,C6,1789871061,266545906119066,40,1727
1790159298.758178560,localhost,POLL,3440631,125773108,40,1727
1790159299.817097159,localhost,C1,81648903,33289333995,40,1961
1790159299.817097159,localhost,C1E,1207239520,271713440062,40,1961
1790159299.817097159,localhost,C6,1789892164,266545934024684,40,1961
1790159299.817097159,localhost,POLL,3440678,125774225,40,1961
1790159299.817417105,localhost,C1,81648910,33289334106,40,1963
1790159299.817417105,localhost,C1E,1207239553,271713449203,40,1963
1790159299.817417105,localhost,C6,1789892178,266545934035281,40,1963
1790159299.817417105,localhost,POLL,3440678,125774256,40,1963
1790159299.822672384,localhost,C1,81648932,33289335222,40,1916
1790159299.822672384,localhost,C1E,1207239815,271713509045,40,1916
1790159299.822672384,localhost,C6,1789892269,266545938007287,40,1916
1790159299.822672384,localhost,POLL,3440678,125774290,40,1916
1790159300.872961639,localhost,C1,81651039,33289539118,40,2019
1790159300.872961639,localhost,C1E,1207265123,271719120167,40,2019
1790159300.872961639,localhost,C6,1789912354,266545975215367,40,2019
1790159300.872961639,localhost,POLL,3440732,125775503,40,2019
1790159300.874217092,localhost,C1,81651055,33289542827,40,2080
1790159300.874217092,localhost,C1E,1207265269,271719163407,40,2080
1790159300.874217092,localhost,C6,1789912466,266545975315765,40,2080
1790159300.874217092,localhost,POLL,3440732,125775503,40,2080
1790159300.880559971,localhost,C1,81651064,33289542956,40,2142
1790159300.880559971,localhost,C1E,1207265334,271719178062,40,2142
1790159300.880559971,localhost,C6,1789912512,266545975329960,40,2142
1790159300.880559971,localhost,POLL,3440732,125775503,40,2142
1790159301.928614276,localhost,C1,81653717,33289803294,40,1876
1790159301.928614276,localhost,C1E,1207289830,271724855737,40,1876
1790159301.928614276,localhost,C6,1789933937,266546011446610,40,1876
1790159301.928614276,localhost,POLL,3440782,125776959,40,1876
1790159301.933920713,localhost,C1,81653746,33289805259,40,1970
1790159301.933920713,localhost,C1E,1207290072,271724887225,40,1970
1790159301.933920713,localhost,C6,1789934036,266546011595078,40,1970
1790159301.933920713,localhost,POLL,3440782,125776959,40,1970
1790159301.936124184,localhost,C1,81653753,33289806419,40,2037
1790159301.936124184,localhost,C1E,1207290174,271724914383,40,2037
1790159301.936124184,localhost,C6,1789934133,266546011657747,40,2037
1790159301.936124184,localhost,POLL,3440782,125776987,40,2037
1790159302.991079293,localhost,C1,81656115,33290043630,40,1876
1790159302.991079293,localhost,C1E,1207314280,271730505683,40,1876
1790159302.991079293,localhost,C6,1789955571,266546047819762,40,1876
1790159302.991079293,localhost,POLL,3440830,125778070,40,1876
1790159302.986896172,localhost,C1,81656115,33290044297,40,1897
1790159302.986896172,localhost,C1E,1207314295,271730512542,40,1897
1790159302.986896172,localhost,C6,1789955575,266546048252658,40,1897
1790159302.986896172,localhost,POLL,3440830,125778070,40,1897
1790159302.998142642,localhost,C1,81656126,33290046505,40,1904
1790159302.998142642,localhost,C1E,1207314500,271730545711,40,1904
1790159302.998142642,localhost,C6,1789955717,266546048535323,40,1904
1790159302.998142642,localhost,POLL,3440830,125778070,40,1904
1790159304.048149450,localhost,C1,81658802,33290335743,40,1938
1790159304.048149450,localhost,C1E,1207339159,271736324297,40,1938
1790159304.048149450,localhost,C6,1789976068,266546078857613,40,1938
1790159304.048149450,localhost,POLL,3440872,125778962,40,1938
1790159304.051124881,localhost,C1,81658806,33290336029,40,1944
1790159304.051124881,localhost,C1E,1207339186,271736331209,40,1944
1790159304.051124881,localhost,C6,1789976090,266546078872951,40,1944
1790159304.051124881,localhost,POLL,3440872,125778962,40,1944
1790159304.057349435,localhost,C1,81658823,33290342593,40,2098
1790159304.057349435,localhost,C1E,1207339373,271736400020,40,2098
1790159304.057349435,localhost,C6,1789976209,266546079062110,40,2098
1790159304.057349435,localhost,POLL,3440872,125778962,40,2098
1790159305.106895697,localhost,C1,81662102,33290817086,40,1950
1790159305.106895697,localhost,C1E,1207365541,271742304211,40,1950
1790159305.106895697,localhost,C6,1789995030,266546111157258,40,1950
1790159305.106895697,localhost,POLL,3440932,125780234,40,1950
1790159305.108855953,localhost,C1,81662102,33290817152,40,1900
1790159305.108855953,localhost,C1E,1207365549,271742305398,40,1900
1790159305.108855953,localhost,C6,1789995031,266546111158339,40,1900
1790159305.108855953,localhost,POLL,3440932,125780234,40,1900
1790159305.116639235,localhost,C1,81662124,33290821012,40,2055
1790159305.116639235,localhost,C1E,1207365731,271742352124,40,2055
1790159305.116639235,localhost,C6,1789995199,266546113825329,40,2055
1790159305.116639235,localhost,POLL,3440932,125780262,40,2055
1790159306.164692667,localhost,C1,81665364,33291156908,40,1886
1790159306.164692667,localhost,C1E,1207390936,271748284049,40,1886
1790159306.164692667,localhost,C6,1790013719,266546152320827,40,1886
1790159306.164692667,localhost,POLL,3440985,125781533,40,1886
1790159306.168970362,localhost,C1,81665378,33291159763,40,1891
1790159306.168970362,localhost,C1E,1207391200,271748322567,40,1891
1790159306.168970362,localhost,C6,1790013878,266546153840364,40,1891
1790159306.168970362,localhost,POLL,3440987,125781533,40,1891
1790159306.175133831,localhost,C1,81665378,33291161265,40,1964
1790159306.175133831,localhost,C1E,1207391271,271748342606,40,1964
1790159306.175133831,localhost,C6,1790013915,266546153898437,40,1964
1790159306.175133831,localhost,POLL,3440987,125781533,40,1964
1790159307.220750826,localhost,C1,81668275,33291473490,40,1524
1790159307.220750826,localhost,C1E,1207410302,271751614275,40,1524
1790159307.220750826,localhost,C6,1790026792,266546187663357,40,1524
1790159307.220750826,localhost,POLL,3441017,125782260,40,1524
1790159307.226978434,localhost,C1,81668275,33291473490,40,1567
1790159307.226978434,localhost,C1E,1207410335,271751621040,40,1567
1790159307.226978434,localhost,C6,1790026873,266546188023488,40,1567
1790159307.226978434,localhost,POLL,3441017,125782260,40,1567
1790159307.233985484,localhost,C1,81668277,33291473497,40,1576
1790159307.233985484,localhost,C1E,1207410382,271751634511,40,1576
1790159307.233985484,localhost,C6,1790026953,266546188166444,40,1576
1790159307.233985484,localhost,POLL,3441017,125782260,40,1576
1790159308.288685862,localhost,C1,81668411,33291490729,40,1457
1790159308.288685862,localhost,C1E,1207416632,271752961772,40,1457
1790159308.288685862,localhost,C6,1790031280,266546222866656,40,1457
1790159308.288685862,localhost,POLL,3441023,125782453,40,1457
1790159308.293806969,localhost,C1,81668411,33291490772,40,1559
1790159308.293806969,localhost,C1E,1207416684,271752977351,40,1559
1790159308.293806969,localhost,C6,1790031364,266546224183563,40,1559
1790159308.293806969,localhost,POLL,3441023,125782453,40,1559
1790159308.299371673,localhost,C1,81668411,33291490749,40,1574
1790159308.299371673,localhost,C1E,1207416684,271752976172,40,1574
1790159308.299371673,localhost,C6,1790031365,266546224176527,40,1574
1790159308.299371673,localhost,POLL,3441023,125782453,40,1574
1790159309.357678320,localhost,C1,81669237,33291585464,40,1821
1790159309.357678320,localhost,C1E,1207430537,271755952181,40,1821
1790159309.357678320,localhost,C6,1790043484,266546263229957,40,1821
1790159309.357678320,localhost,POLL,3441049,125783091,40,1821
1790159309.367924523,localhost,C1,81669274,33291589034,40,1624
1790159309.367924523,localhost,C1E,1207430994,271756030726,40,1624
1790159309.367924523,localhost,C6,1790043631,266546263763529,40,1624
1790159309.367924523,localhost,POLL,3441049,125783095,40,1624
1790159309.368940478,localhost,C1,81669277,33291589118,40,1499
1790159309.368940478,localhost,C1E,1207431018,271756037414,40,1499
1790159309.368940478,localhost,C6,1790043644,266546263775714,40,1499
1790159309.368940478,localhost,POLL,3441049,125783095,40,1499
1790159310.416502689,localhost,C1,81670756,33291724604,40,1781
1790159310.416502689,localhost,C1E,1207455152,271761335616,40,1781
1790159310.416502689,localhost,C6,1790062370,266546304226265,40,1781
1790159310.416502689,localhost,POLL,3441085,125783876,40,1781
1790159310.427363748,localhost,C1,81670771,33291724879,40,1850
1790159310.427363748,localhost,C1E,1207455257,271761370900,40,1850
1790159310.427363748,localhost,C6,1790062515,266546304362517,40,1850
1790159310.427363748,localhost,POLL,3441085,125783876,40,1850
1790159310.430521893,localhost,C1,81670783,33291725081,40,1925
1790159310.430521893,localhost,C1E,1207455395,271761390007,40,1925
1790159310.430521893,localhost,C6,1790062632,266546304464435,40,1925
1790159310.430521893,localhost,POLL,3441085,125783876,40,1925
1790159311.476837389,localhost,C1,81672408,33291882201,40,1871
1790159311.476837389,localhost,C1E,1207477900,271766533594,40,1871
1790159311.476837389,localhost,C6,1790083288,266546339958994,40,1871
1790159311.476837389,localhost,POLL,3441128,125785110,40,1871
1790159311.486082782,localhost,C1,81672411,33291882730,40,1903
1790159311.486082782,localhost,C1E,1207477968,271766550486,40,1903
1790159311.486082782,localhost,C6,1790083345,266546340029273,40,1903
1790159311.486082782,localhost,POLL,3441128,125785110,40,1903
1790159311.482776299,localhost,C1,81672410,33291882730,40,1897
1790159311.482776299,localhost,C1E,1207477924,271766546603,40,1897
1790159311.482776299,localhost,C6,1790083315,266546340007956,40,1897
1790159311.482776299,localhost,POLL,3441128,125785110,40,1897
1790159312.541099087,localhost,C1,81674404,33292079161,40,1924
1790159312.541099087,localhost,C1E,1207500660,271771768153,40,1924
1790159312.541099087,localhost,C6,1790105730,266546375508281,40,1924
1790159312.541099087,localhost,POLL,3441157,125785872,40,1924
1790159312.541429559,localhost,C1,81674409,33292079161,40,1906
1790159312.541429559,localhost,C1E,1207500700,271771769290,40,1906
1790159312.541429559,localhost,C6,1790105771,266546375522989,40,1906
1790159312.541429559,localhost,POLL,3441157,125785872,40,1906
1790159312.542206818,localhost,C1,81674412,33292079161,40,1925
1790159312.542206818,localhost,C1E,1207500751,271771778052,40,1925
1790159312.542206818,localhost,C6,1790105807,266546375583308,40,1925
1790159312.542206818,localhost,POLL,3441157,125785872,40,1925
1790159313.599256839,localhost,C1,81675997,33292227745,40,1711
1790159313.599256839,localhost,C1E,1207523057,271776799354,40,1711
1790159313.599256839,localhost,C6,1790127054,266546408253623,40,1711
1790159313.599256839,localhost,POLL,3441200,125786824,40,1711
1790159313.597758098,localhost,C1,81676004,33292227745,40,1785
1790159313.597758098,localhost,C1E,1207523109,271776805572,40,1785
1790159313.597758098,localhost,C6,1790127079,266546408280077,40,1785
1790159313.597758098,localhost,POLL,3441200,125786824,40,1785
1790159313.603190581,localhost,C1,81676006,33292227857,40,1746
1790159313.603190581,localhost,C1E,1207523173,271776806770,40,1746
1790159313.603190581,localhost,C6,1790127103,266546408284695,40,1746
1790159313.603190581,localhost,POLL,3441200,125786824,40,1746
1790159314.661978295,localhost,C1,81677332,33292377494,40,1712
1790159314.661978295,localhost,C1E,1207542071,271780892370,40,1712
1790159314.661978295,localhost,C6,1790147042,266546452396448,40,1712
1790159314.661978295,localhost,POLL,3441238,125787942,40,1712
1790159314.667473184,localhost,C1,81677340,33292379448,40,1772
1790159314.667473184,localhost,C1E,1207542198,271780917653,40,1772
1790159314.667473184,localhost,C6,1790147135,266546452449316,40,1772
1790159314.667473184,localhost,POLL,3441238,125787942,40,1772
1790159314.665759952,localhost,C1,81677346,33292380162,40,1869
1790159314.665759952,localhost,C1E,1207542270,271780930553,40,1869
1790159314.665759952,localhost,C6,1790147173,266546452474515,40,1869
1790159314.665759952,localhost,POLL,3441238,125787942,40,1869
1790159315.728196121,localhost,C1,81678616,33292507056,40,1927
1790159315.728196121,localhost,C1E,1207560689,271784549214,40,1927
1790159315.728196121,localhost,C6,1790165402,266546489082258,40,1927
1790159315.728196121,localhost,POLL,3441274,125788842,40,1927
1790159315.729274955,localhost,C1,81678617,33292507058,40,1919
1790159315.729274955,localhost,C1E,1207560718,271784553632,40,1919
1790159315.729274955,localhost,C6,1790165418,266546489091036,40,1919
1790159315.729274955,localhost,POLL,3441274,125788842,40,1919
1790159315.730824136,localhost,C1,81678630,33292507849,40,1921
1790159315.730824136,localhost,C1E,1207560806,271784564516,40,1921
1790159315.730824136,localhost,C6,1790165474,266546489137519,40,1921
1790159315.730824136,localhost,POLL,3441274,125788842,40,1921
1790159316.793333656,localhost,C1,81680648,33292712432,40,1855
1790159316.793333656,localhost,C1E,1207585234,271789787994,40,1855
1790159316.793333656,localhost,C6,1790184009,266546524060590,40,1855
1790159316.793333656,localhost,POLL,3441316,125789919,40,1855
1790159316.793489724,localhost,C1,81680648,33292712452,40,1851
1790159316.793489724,localhost,C1E,1207585255,271789798996,40,1851
1790159316.793489724,localhost,C6,1790184024,266546524376467,40,1851
1790159316.793489724,localhost,POLL,3441316,125789919,40,1851
1790159316.795006364,localhost,C1,81680654,33292712468,40,1845
1790159316.795006364,localhost,C1E,1207585342,271789803358,40,1845
1790159316.795006364,localhost,C6,1790184071,266546524385768,40,1845
1790159316.795006364,localhost,POLL,3441316,125789919,40,1845
1790159317.858249575,localhost,C1,81682300,33292869342,40,1774
1790159317.858249575,localhost,C1E,1207606392,271794538499,40,1774
1790159317.858249575,localhost,C6,1790207514,266546558427424,40,1774
1790159317.858249575,localhost,POLL,3441353,125790863,40,1774
1790159317.859219652,localhost,C1,81682313,33292869607,40,1844
1790159317.859219652,localhost,C1E,1207606463,271794551301,40,1844
1790159317.859219652,localhost,C6,1790207557,266546558839754,40,1844
1790159317.859219652,localhost,POLL,3441354,125790863,40,1844
1790159317.857681942,localhost,C1,81682296,33292869296,40,1809
1790159317.857681942,localhost,C1E,1207606348,271794535090,40,1809
1790159317.857681942,localhost,C6,1790207490,266546558422943,40,1809
1790159317.857681942,localhost,POLL,3441353,125790863,40,1809
1790159318.918814096,localhost,C1,81682687,33292901252,40,1592
1790159318.918814096,localhost,C1E,1207616292,271796547752,40,1592
1790159318.918814096,localhost,C6,1790214311,266546598119118,40,1592
1790159318.918814096,localhost,POLL,3441371,125791381,40,1592
1790159318.915148404,localhost,C1,81682687,33292901252,40,1592
1790159318.915148404,localhost,C1E,1207616280,271796547556,40,1592
1790159318.915148404,localhost,C6,1790214292,266546598090186,40,1592
1790159318.915148404,localhost,POLL,3441371,125791381,40,1592
1790159318.917711730,localhost,C1,81682687,33292901252,40,1659
1790159318.917711730,localhost,C1E,1207616295,271796550303,40,1659
1790159318.917711730,localhost,C6,1790214314,266546598163225,40,1659
1790159318.917711730,localhost,POLL,3441371,125791381,40,1659
1790159319.979791674,localhost,C1,81682776,33292903512,40,1706
1790159319.979791674,localhost,C1E,1207622447,271797840282,40,1706
1790159319.979791674,localhost,C6,1790219097,266546634959936,40,1706
1790159319.979791674,localhost,POLL,3441381,125791629,40,1706
1790159319.977989380,localhost,C1,81682776,33292903512,40,1688
1790159319.977989380,localhost,C1E,1207622456,271797841674,40,1688
1790159319.977989380,localhost,C6,1790219130,266546634971670,40,1688
1790159319.977989380,localhost,POLL,3441381,125791629,40,1688
1790159319.977045588,localhost,C1,81682776,33292903512,40,1657
1790159319.977045588,localhost,C1E,1207622452,271797842376,40,1657
1790159319.977045588,localhost,C6,1790219115,266546634977968,40,1657
1790159319.977045588,localhost,POLL,3441381,125791629,40,1657
1790159321.041988970,localhost,C1,81683686,33292985937,40,1910
1790159321.041988970,localhost,C1E,1207642415,271802245751,40,1910
1790159321.041988970,localhost,C6,1790232524,266546676082300,40,1910
1790159321.041988970,localhost,POLL,3441413,125792630,40,1910
1790159321.041751481,localhost,C1,81683687,33292985937,40,1939
1790159321.041751481,localhost,C1E,1207642433,271802248506,40,1939
1790159321.041751481,localhost,C6,1790232544,266546676104899,40,1939
1790159321.041751481,localhost,POLL,3441413,125792630,40,1939
1790159321.043661821,localhost,C1,81683688,33292986392,40,1932
1790159321.043661821,localhost,C1E,1207642479,271802261014,40,1932
1790159321.043661821,localhost,C6,1790232580,266546676357018,40,1932
1790159321.043661821,localhost,POLL,3441413,125792630,40,1932
1790159322.100346777,localhost,C1,81684698,33293095309,40,1750
1790159322.100346777,localhost,C1E,1207658105,271805936962,40,1750
1790159322.100346777,localhost,C6,1790254180,266546713948944,40,1750
1790159322.100346777,localhost,POLL,3441443,125793284,40,1750
1790159322.098886352,localhost,C1,81684700,33293095309,40,1806
1790159322.098886352,localhost,C1E,1207658118,271805943391,40,1806
1790159322.098886352,localhost,C6,1790254190,266546713970064,40,1806
1790159322.098886352,localhost,POLL,3441443,125793284,40,1806
1790159322.102818109,localhost,C1,81684711,33293095323,40,1826
1790159322.102818109,localhost,C1E,1207658160,271805947981,40,1826
1790159322.102818109,localhost,C6,1790254223,266546713999381,40,1826
1790159322.102818109,localhost,POLL,3441443,125793284,40,1826
1790159323.165800205,localhost,C1,81685631,33293195980,40,1821
1790159323.165800205,localhost,C1E,1207671546,271809153844,40,1821
1790159323.165800205,localhost,C6,1790274825,266546752706497,40,1821
1790159323.165800205,localhost,POLL,3441479,125794407,40,1821
1790159323.164847166,localhost,C1,81685631,33293195980,40,1825
1790159323.164847166,localhost,C1E,1207671521,271809148508,40,1825
1790159323.164847166,localhost,C6,1790274793,266546752095138,40,1825
1790159323.164847166,localhost,POLL,3441479,125794407,40,1825
1790159323.166286656,localhost,C1,81685633,33293196013,40,1816
1790159323.166286656,localhost,C1E,1207671550,271809156649,40,1816
1790159323.166286656,localhost,C6,1790274832,266546752714418,40,1816
1790159323.166286656,localhost,POLL,3441479,125794407,40,1816
1790159324.232799452,localhost,C1,81686454,33293276690,40,1770
1790159324.232799452,localhost,C1E,1207685159,271812208253,40,1770
1790159324.232799452,localhost,C6,1790295039,266546792487427,40,1770
1790159324.232799452,localhost,POLL,3441507,125795311,40,1770
1790159324.233418441,localhost,C1,81686458,33293276955,40,1759
1790159324.233418441,localhost,C1E,1207685200,271812217517,40,1759
1790159324.233418441,localhost,C6,1790295066,266546792500344,40,1759
1790159324.233418441,localhost,POLL,3441507,125795311,40,1759
1790159324.235004011,localhost,C1,81686454,33293276740,40,1759
1790159324.235004011,localhost,C1E,1207685170,271812211758,40,1759
1790159324.235004011,localhost,C6,1790295044,266546792491518,40,1759
1790159324.235004011,localhost,POLL,3441507,125795311,40,1759
1790159325.299535523,localhost,C1,81686989,33293340786,40,1773
1790159325.299535523,localhost,C1E,1207699057,271815560075,40,1773
1790159325.299535523,localhost,C6,1790313207,266546824966887,40,1773
1790159325.299535523,localhost,POLL,3441531,125796049,40,1773
1790159325.298918329,localhost,C1,81686990,33293343972,40,1801
1790159325.298918329,localhost,C1E,1207699119,271815586691,40,1801
1790159325.298918329,localhost,C6,1790313259,266546825017880,40,1801
1790159325.298918329,localhost,POLL,3441531,125796049,40,1801
1790159325.301299643,localhost,C1,81686990,33293344395,40,1791
1790159325.301299643,localhost,C1E,1207699152,271815600174,40,1791
1790159325.301299643,localhost,C6,1790313281,266546825074647,40,1791
1790159325.301299643,localhost,POLL,3441531,125796049,40,1791
1790159326.363961947,localhost,C1,81687525,33293397778,40,1691
1790159326.363961947,localhost,C1E,1207712958,271818904529,40,1691
1790159326.363961947,localhost,C6,1790331397,266546864055760,40,1691
1790159326.363961947,localhost,POLL,3441557,125796776,40,1691
1790159326.366763156,localhost,C1,81687530,33293399287,40,1743
1790159326.366763156,localhost,C1E,1207713037,271818920691,40,1743
1790159326.366763156,localhost,C6,1790331458,266546864391427,40,1743
1790159326.366763156,localhost,POLL,3441557,125796776,40,1743
1790159326.367668536,localhost,C1,81687533,33293399947,40,1754
1790159326.367668536,localhost,C1E,1207713085,271818939950,40,1754
1790159326.367668536,localhost,C6,1790331503,266546864431489,40,1754
1790159326.367668536,localhost,POLL,3441557,125796776,40,1754
1790159327.427947602,localhost,C1,81688252,33293473809,40,1773
1790159327.427947602,localhost,C1E,1207729645,271822583704,40,1773
1790159327.427947602,localhost,C6,1790348684,266546901695457,40,1773
1790159327.427947602,localhost,POLL,3441587,125797573,40,1773
1790159327.430849824,localhost,C1,81688257,33293473932,40,1826
1790159327.430849824,localhost,C1E,1207729782,271822604034,40,1826
1790159327.430849824,localhost,C6,1790348743,266546902021631,40,1826
1790159327.430849824,localhost,POLL,3441587,125797573,40,1826
1790159327.434362953,localhost,C1,81688258,33293474089,40,1843
1790159327.434362953,localhost,C1E,1207729872,271822617508,40,1843
1790159327.434362953,localhost,C6,1790348787,266546902072266,40,1843
1790159327.434362953,localhost,POLL,3441587,125797573,40,1843
1790159328.488933384,localhost,C1,81689240,33293583751,40,1928
1790159328.488933384,localhost,C1E,1207745809,271826342510,40,1928
1790159328.488933384,localhost,C6,1790369649,266546942151849,40,1928
1790159328.488933384,localhost,POLL,3441628,125798963,40,1928
1790159328.495405092,localhost,C1,81689248,33293584838,40,1962
1790159328.495405092,localhost,C1E,1207745912,271826355226,40,1962
1790159328.495405092,localhost,C6,1790369739,266546942199724,40,1962
1790159328.495405092,localhost,POLL,3441628,125798963,40,1962
1790159328.501111263,localhost,C1,81689269,33293585256,40,1949
1790159328.501111263,localhost,C1E,1207746053,271826403783,40,1949
1790159328.501111263,localhost,C6,1790369855,266546942322294,40,1949
1790159328.501111263,localhost,POLL,3441629,125798991,40,1949
1790159329.556340746,localhost,C1,81690248,33293678688,40,1743
1790159329.556340746,localhost,C1E,1207763601,271830003475,40,1743
1790159329.556340746,localhost,C6,1790384787,266546976474377,40,1743
1790159329.556340746,localhost,POLL,3441658,125799747,40,1743
1790159329.557549155,localhost,C1,81690254,33293679706,40,1804
1790159329.557549155,localhost,C1E,1207763669,271830014197,40,1804
1790159329.557549155,localhost,C6,1790384821,266546977090363,40,1804
1790159329.557549155,localhost,POLL,3441658,125799747,40,1804
1790159329.565006263,localhost,C1,81690264,33293679725,40,1826
1790159329.565006263,localhost,C1E,1207763822,271830059001,40,1826
1790159329.565006263,localhost,C6,1790384924,266546978884081,40,1826
1790159329.565006263,localhost,POLL,3441659,125799747,40,1826
1790159330.620533291,localhost,C1,81691106,33293763053,40,1770
1790159330.620533291,localhost,C1E,1207779425,271833555248,40,1770
1790159330.620533291,localhost,C6,1790406327,266547020231841,40,1770
1790159330.620533291,localhost,POLL,3441685,125800507,40,1770
1790159330.624477150,localhost,C1,81691108,33293763842,40,1824
1790159330.624477150,localhost,C1E,1207779486,271833564076,40,1824
1790159330.624477150,localhost,C6,1790406390,266547020260976,40,1824
1790159330.624477150,localhost,POLL,3441685,125800507,40,1824
1790159330.629378440,localhost,C1,81691112,33293763952,40,1854
1790159330.629378440,localhost,C1E,1207779593,271833590139,40,1854
1790159330.629378440,localhost,C6,1790406489,266547020398456,40,1854
1790159330.629378440,localhost,POLL,3441685,125800507,40,1854
1790159331.688671133,localhost,C1,81692198,33293860966,40,1768
1790159331.688671133,localhost,C1E,1207797941,271836952431,40,1768
1790159331.688671133,localhost,C6,1790418296,266547051717241,40,1768
1790159331.688671133,localhost,POLL,3441729,125801611,40,1768
1790159331.693776273,localhost,C1,81692216,33293861595,40,1707
1790159331.693776273,localhost,C1E,1207798061,271836965444,40,1707
1790159331.693776273,localhost,C6,1790418352,266547051766430,40,1707
1790159331.693776273,localhost,POLL,3441729,125801611,40,1707
1790159331.686122149,localhost,C1,81692199,33293860966,40,1756
1790159331.686122149,localhost,C1E,1207797951,271836952226,40,1756
1790159331.686122149,localhost,C6,1790418301,266547051719283,40,1756
1790159331.686122149,localhost,POLL,3441729,125801611,40,1756
1790159332.755728039,localhost,C1,81693186,33293972980,40,1647
1790159332.755728039,localhost,C1E,1207812883,271840296386,40,1647
1790159332.755728039,localhost,C6,1790435087,266547089844581,40,1647
1790159332.755728039,localhost,POLL,3441766,125802562,40,1647
1790159332.755304576,localhost,C1,81693186,33293973005,40,1647
1790159332.755304576,localhost,C1E,1207812885,271840299282,40,1647
1790159332.755304576,localhost,C6,1790435091,266547089869380,40,1647
1790159332.755304576,localhost,POLL,3441766,125802562,40,1647
1790159332.755415663,localhost,C1,81693186,33293972980,40,1621
1790159332.755415663,localhost,C1E,1207812887,271840297604,40,1621
1790159332.755415663,localhost,C6,1790435093,266547089850675,40,1621
1790159332.755415663,localhost,POLL,3441766,125802562,40,1621
1790159333.822898509,localhost,C1,81693314,33293976937,40,1497
1790159333.822898509,localhost,C1E,1207819093,271841618064,40,1497
1790159333.822898509,localhost,C6,1790439729,266547124122445,40,1497
1790159333.822898509,localhost,POLL,3441772,125802760,40,1497
1790159333.826290877,localhost,C1,81693316,33293976948,40,1563
1790159333.826290877,localhost,C1E,1207819166,271841640395,40,1563
1790159333.826290877,localhost,C6,1790439845,266547124242702,40,1563
1790159333.826290877,localhost,POLL,3441772,125802760,40,1563
1790159333.826260389,localhost,C1,81693316,33293976948,40,1524
1790159333.826260389,localhost,C1E,1207819169,271841641789,40,1524
1790159333.826260389,localhost,C6,1790439850,266547124252899,40,1524
1790159333.826260389,localhost,POLL,3441772,125802760,40,1524
1790159334.882798501,localhost,C1,81693628,33294014450,40,1750
1790159334.882798501,localhost,C1E,1207829885,271844335974,40,1750
1790159334.882798501,localhost,C6,1790456397,266547173298343,40,1750
1790159334.882798501,localhost,POLL,3441795,125803388,40,1750
1790159334.892345452,localhost,C1,81693637,33294014450,40,1695
1790159334.892345452,localhost,C1E,1207830073,271844371745,40,1695
1790159334.892345452,localhost,C6,1790456503,266547173704238,40,1695
1790159334.892345452,localhost,POLL,3441795,125803388,40,1695
1790159334.894029654,localhost,C1,81693642,33294014450,40,1805
1790159334.894029654,localhost,C1E,1207830147,271844391617,40,1805
1790159334.894029654,localhost,C6,1790456549,266547173747545,40,1805
1790159334.894029654,localhost,POLL,3441795,125803388,40,1805
1790159335.949327382,localhost,C1,81693977,33294032191,40,1653
1790159335.949327382,localhost,C1E,1207840266,271846752053,40,1653
1790159335.949327382,localhost,C6,1790474489,266547211838401,40,1653
1790159335.949327382,localhost,POLL,3441817,125804039,40,1653
1790159335.954719385,localhost,C1,81693979,33294032210,40,1725
1790159335.954719385,localhost,C1E,1207840315,271846771597,40,1725
1790159335.954719385,localhost,C6,1790474573,266547211946396,40,1725
1790159335.954719385,localhost,POLL,3441817,125804039,40,1725
1790159335.958279561,localhost,C1,81693982,33294032228,40,1746
1790159335.958279561,localhost,C1E,1207840363,271846781815,40,1746
1790159335.958279561,localhost,C6,1790474644,266547212099348,40,1746
1790159335.958279561,localhost,POLL,3441817,125804039,40,1746
1790159337.014472757,localhost,C1,81694247,33294051920,40,1753
1790159337.014472757,localhost,C1E,1207849499,271849029459,40,1753
1790159337.014472757,localhost,C6,1790492523,266547250074153,40,1753
1790159337.014472757,localhost,POLL,3441848,125805077,40,1753
1790159337.017923146,localhost,C1,81694249,33294051920,40,1762
1790159337.017923146,localhost,C1E,1207849538,271849031876,40,1762
1790159337.017923146,localhost,C6,1790492548,266547250078341,40,1762
1790159337.017923146,localhost,POLL,3441848,125805077,40,1762
1790159337.024718413,localhost,C1,81694250,33294051986,40,1800
1790159337.024718413,localhost,C1E,1207849668,271849053381,40,1800
1790159337.024718413,localhost,C6,1790492646,266547250169509,40,1800
1790159337.024718413,localhost,POLL,3441848,125805077,40,1800
1790159338.084666539,localhost,C1,81694490,33294062581,40,1881
1790159338.084666539,localhost,C1E,1207858689,271851221101,40,1881
1790159338.084666539,localhost,C6,1790511497,266547282440367,40,1881
1790159338.084666539,localhost,POLL,3441874,125806022,40,1881
1790159338.086920730,localhost,C1,81694492,33294062597,40,1888
1790159338.086920730,localhost,C1E,1207858721,271851228712,40,1888
1790159338.086920730,localhost,C6,1790511600,266547282487007,40,1888
1790159338.086920730,localhost,POLL,3441876,125806022,40,1888
1790159338.083916908,localhost,C1,81694490,33294062597,40,1884
1790159338.083916908,localhost,C1E,1207858698,271851222218,40,1884
1790159338.083916908,localhost,C6,1790511521,266547282443675,40,1884
1790159338.083916908,localhost,POLL,3441875,125806022,40,1884
1790159339.147941153,localhost,C1,81694796,33294080808,40,1712
1790159339.147941153,localhost,C1E,1207868382,271853567714,40,1712
1790159339.147941153,localhost,C6,1790529393,266547328286592,40,1712
1790159339.147941153,localhost,POLL,3441897,125806665,40,1712
1790159339.151855224,localhost,C1,81694796,33294081109,40,1697
1790159339.151855224,localhost,C1E,1207868407,271853575754,40,1697
1790159339.151855224,localhost,C6,1790529423,266547328386740,40,1697
1790159339.151855224,localhost,POLL,3441897,125806665,40,1697
1790159339.152503945,localhost,C1,81694799,33294081109,40,1711
1790159339.152503945,localhost,C1E,1207868430,271853578539,40,1711
1790159339.152503945,localhost,C6,1790529458,266547328395929,40,1711
1790159339.152503945,localhost,POLL,3441897,125806665,40,1711
1790159340.217509780,localhost,C1,81695082,33294097971,40,1892
1790159340.217509780,localhost,C1E,1207878588,271856084275,40,1892
1790159340.217509780,localhost,C6,1790548649,266547368827935,40,1892
1790159340.217509780,localhost,POLL,3441917,125807371,40,1892
1790159340.221207545,localhost,C1,81695084,33294097995,40,1893
1790159340.221207545,localhost,C1E,1207878659,271856096724,40,1893
1790159340.221207545,localhost,C6,1790548760,266547368891126,40,1893
1790159340.221207545,localhost,POLL,3441917,125807371,40,1893
1790159340.219206065,localhost,C1,81695084,33294097995,40,1880
1790159340.219206065,localhost,C1E,1207878654,271856098450,40,1880
1790159340.219206065,localhost,C6,1790548752,266547368892165,40,1880
1790159340.219206065,localhost,POLL,3441917,125807371,40,1880
1790159341.283564182,localhost,C1,81695347,33294111380,40,1766
1790159341.283564182,localhost,C1E,1207889159,271858703797,40,1766
1790159341.283564182,localhost,C6,1790567900,266547405032053,40,1766
1790159341.283564182,localhost,POLL,3441939,125808062,40,1766
1790159341.285251482,localhost,C1,81695348,33294111461,40,1816
1790159341.285251482,localhost,C1E,1207889242,271858722331,40,1816
1790159341.285251482,localhost,C6,1790567944,266547406182951,40,1816
1790159341.285251482,localhost,POLL,3441939,125808062,40,1816
1790159341.285603939,localhost,C1,81695348,33294111525,40,1804
1790159341.285603939,localhost,C1E,1207889262,271858733004,40,1804
1790159341.285603939,localhost,C6,1790567966,266547406476009,40,1804
1790159341.285603939,localhost,POLL,3441939,125808062,40,1804
1790159342.345528200,localhost,C1,81695721,33294127681,40,1679
1790159342.345528200,localhost,C1E,1207902798,271861441585,40,1679
1790159342.345528200,localhost,C6,1790580117,266547443799707,40,1679
1790159342.345528200,localhost,POLL,3441961,125808699,40,1679
1790159342.351098260,localhost,C1,81695725,33294128663,40,1774
1790159342.351098260,localhost,C1E,1207902929,271861463380,40,1774
1790159342.351098260,localhost,C6,1790580216,266547444221379,40,1774
1790159342.351098260,localhost,POLL,3441961,125808699,40,1774
1790159342.350410434,localhost,C1,81695723,33294128558,40,1779
1790159342.350410434,localhost,C1E,1207902918,271861462253,40,1779
1790159342.350410434,localhost,C6,1790580207,266547444212838,40,1779
1790159342.350410434,localhost,POLL,3441961,125808699,40,1779
1790159343.410602426,localhost,C1,81696105,33294141441,40,1767
1790159343.410602426,localhost,C1E,1207916526,271864238826,40,1767
1790159343.410602426,localhost,C6,1790593242,266547481400288,40,1767
1790159343.410602426,localhost,POLL,3441990,125809461,40,1767
1790159343.417838080,localhost,C1,81696107,33294141454,40,1874
1790159343.417838080,localhost,C1E,1207916672,271864271596,40,1874
1790159343.417838080,localhost,C6,1790593416,266547481687319,40,1874
1790159343.417838080,localhost,POLL,3441992,125809461,40,1874
1790159343.417536231,localhost,C1,81696107,33294141454,40,1797
1790159343.417536231,localhost,C1E,1207916674,271864272593,40,1797
1790159343.417536231,localhost,C6,1790593413,266547481691344,40,1797
1790159343.417536231,localhost,POLL,3441992,125809461,40,1797
1790159344.474518565,localhost,C1,81696584,33294162238,40,1776
1790159344.474518565,localhost,C1E,1207933277,271867631441,40,1776
1790159344.474518565,localhost,C6,1790604921,266547516140604,40,1776
1790159344.474518565,localhost,POLL,3442025,125810366,40,1776
1790159344.482870259,localhost,C1,81696588,33294163313,40,1822
1790159344.482870259,localhost,C1E,1207933439,271867660089,40,1822
1790159344.482870259,localhost,C6,1790605064,266547520308779,40,1822
1790159344.482870259,localhost,POLL,3442025,125810398,40,1822
1790159344.482650581,localhost,C1,81696590,33294164411,40,1946
1790159344.482650581,localhost,C1E,1207933515,271867696116,40,1946
1790159344.482650581,localhost,C6,1790605215,266547520871211,40,1946
1790159344.482650581,localhost,POLL,3442027,125810398,40,1946
1790159345.539693593,localhost,C1,81696867,33294182213,40,1773
1790159345.539693593,localhost,C1E,1207943968,271870199955,40,1773
1790159345.539693593,localhost,C6,1790623972,266547555255682,40,1773
1790159345.539693593,localhost,POLL,3442052,125811150,40,1773
1790159345.546879031,localhost,C1,81696872,33294182309,40,1737
1790159345.546879031,localhost,C1E,1207944087,271870220369,40,1737
1790159345.546879031,localhost,C6,1790624094,266547555322412,40,1737
1790159345.546879031,localhost,POLL,3442053,125811150,40,1737
1790159345.553167607,localhost,C1,81696878,33294183769,40,1845
1790159345.553167607,localhost,C1E,1207944188,271870244164,40,1845
1790159345.553167607,localhost,C6,1790624186,266547555936733,40,1845
1790159345.553167607,localhost,POLL,3442053,125811150,40,1845
1790159346.607450569,localhost,C1,81697292,33294210142,40,1638
1790159346.607450569,localhost,C1E,1207957862,271873656174,40,1638
1790159346.607450569,localhost,C6,1790642699,266547601944646,40,1638
1790159346.607450569,localhost,POLL,3442070,125811619,40,1638
1790159346.611860652,localhost,C1,81697297,33294210271,40,1740
1790159346.611860652,localhost,C1E,1207957971,271873673326,40,1740
1790159346.611860652,localhost,C6,1790642764,266547602025096,40,1740
1790159346.611860652,localhost,POLL,3442070,125811619,40,1740
1790159346.619996609,localhost,C1,81697300,33294211176,40,1748
1790159346.619996609,localhost,C1E,1207958098,271873707664,40,1748
1790159346.619996609,localhost,C6,1790642870,266547602178991,40,1748
1790159346.619996609,localhost,POLL,3442070,125811619,40,1748
1790159347.668760954,localhost,C1,81697559,33294228188,40,1894
1790159347.668760954,localhost,C1E,1207968365,271876241326,40,1894
1790159347.668760954,localhost,C6,1790662181,266547633435030,40,1894
1790159347.668760954,localhost,POLL,3442086,125812153,40,1894
1790159347.673092207,localhost,C1,81697565,33294228216,40,1747
1790159347.673092207,localhost,C1E,1207968459,271876262794,40,1747
1790159347.673092207,localhost,C6,1790662304,266547634090694,40,1747
1790159347.673092207,localhost,POLL,3442086,125812153,40,1747
1790159347.677370543,localhost,C1,81697565,33294228227,40,1931
1790159347.677370543,localhost,C1E,1207968524,271876279518,40,1931
1790159347.677370543,localhost,C6,1790662378,266547634340228,40,1931
1790159347.677370543,localhost,POLL,3442086,125812153,40,1931
1790159348.732060008,localhost,C1,81697940,33294248851,40,1757
1790159348.732060008,localhost,C1E,1207983123,271879280194,40,1757
1790159348.732060008,localhost,C6,1790674630,266547675163203,40,1757
1790159348.732060008,localhost,POLL,3442119,125813120,40,1757
1790159348.738055533,localhost,C1,81697947,33294248944,40,1848
1790159348.738055533,localhost,C1E,1207983311,271879293730,40,1848
1790159348.738055533,localhost,C6,1790674752,266547675234644,40,1848
1790159348.738055533,localhost,POLL,3442119,125813120,40,1848
1790159348.742820055,localhost,C1,81697948,33294249552,40,1888
1790159348.742820055,localhost,C1E,1207983384,271879311501,40,1888
1790159348.742820055,localhost,C6,1790674810,266547675369348,40,1888
1790159348.742820055,localhost,POLL,3442119,125813120,40,1888
1790159349.799181636,localhost,C1,81698203,33294261240,40,1734
1790159349.799181636,localhost,C1E,1207992650,271881490783,40,1734
1790159349.799181636,localhost,C6,1790692316,266547710882622,40,1734
1790159349.799181636,localhost,POLL,3442142,125813911,40,1734
1790159349.803512241,localhost,C1,81698203,33294261304,40,1708
1790159349.803512241,localhost,C1E,1207992696,271881507370,40,1708
1790159349.803512241,localhost,C6,1790692395,266547710990228,40,1708
1790159349.803512241,localhost,POLL,3442142,125813911,40,1708
1790159349.806241434,localhost,C1,81698204,33294261326,40,1761
1790159349.806241434,localhost,C1E,1207992746,271881530117,40,1761
1790159349.806241434,localhost,C6,1790692499,266547711047459,40,1761
1790159349.806241434,localhost,POLL,3442142,125813911,40,1761
1790159350.862640379,localhost,C1,81698461,33294276114,40,1794
1790159350.862640379,localhost,C1E,1208001978,271883767677,40,1794
1790159350.862640379,localhost,C6,1790710061,266547754474213,40,1794
1790159350.862640379,localhost,POLL,3442162,125814650,40,1794
1790159350.865757843,localhost,C1,81698470,33294276186,40,1770
1790159350.865757843,localhost,C1E,1208002047,271883779762,40,1770
1790159350.865757843,localhost,C6,1790710114,266547755016004,40,1770
1790159350.865757843,localhost,POLL,3442162,125814650,40,1770
1790159350.870855663,localhost,C1,81698477,33294276230,40,1831
1790159350.870855663,localhost,C1E,1208002176,271883822406,40,1831
1790159350.870855663,localhost,C6,1790710209,266547755422149,40,1831
1790159350.870855663,localhost,POLL,3442163,125814650,40,1831
1790159351.927855652,localhost,C1,81698767,33294282958,40,1551
1790159351.927855652,localhost,C1E,1208009456,271885431827,40,1551
1790159351.927855652,localhost,C6,1790717572,266547785605818,40,1551
1790159351.927855652,localhost,POLL,3442195,125815768,40,1551
1790159351.930411019,localhost,C1,81698768,33294282958,40,1626
1790159351.930411019,localhost,C1E,1208009505,271885441664,40,1626
1790159351.930411019,localhost,C6,1790717685,266547787990505,40,1626
1790159351.930411019,localhost,POLL,3442195,125815768,40,1626
1790159351.937042558,localhost,C1,81698768,33294282958,40,1690
1790159351.937042558,localhost,C1E,1208009528,271885445607,40,1690
1790159351.937042558,localhost,C6,1790717730,266547788045174,40,1690
1790159351.937042558,localhost,POLL,3442195,125815768,40,1690
1790159352.996002207,localhost,C1,81698887,33294286214,40,1629
1790159352.996002207,localhost,C1E,1208015631,271886722392,40,1629
1790159352.996002207,localhost,C6,1790722108,266547824656886,40,1629
1790159352.996002207,localhost,POLL,3442201,125815953,40,1629
1790159353.006291397,localhost,C1,81698887,33294286214,40,1795
1790159353.006291397,localhost,C1E,1208015681,271886733340,40,1795
1790159353.006291397,localhost,C6,1790722194,266547825636668,40,1795
1790159353.006291397,localhost,POLL,3442201,125815953,40,1795
1790159353.001600457,localhost,C1,81698887,33294286214,40,1795
1790159353.001600457,localhost,C1E,1208015660,271886733340,40,1795
1790159353.001600457,localhost,C6,1790722169,266547825637659,40,1795
1790159353.001600457,localhost,POLL,3442201,125815953,40,1795
1790159354.061565142,localhost,C1,81699053,33294295012,40,1918
1790159354.061565142,localhost,C1E,1208022797,271888522488,40,1918
1790159354.061565142,localhost,C6,1790735537,266547868082486,40,1918
1790159354.061565142,localhost,POLL,3442216,125816461,40,1918
1790159354.070326690,localhost,C1,81699057,33294295097,40,1944
1790159354.070326690,localhost,C1E,1208022924,271888576083,40,1944
1790159354.070326690,localhost,C6,1790735668,266547870074737,40,1944
1790159354.070326690,localhost,POLL,3442216,125816461,40,1944
1790159354.070977733,localhost,C1,81699057,33294295097,40,1944
1790159354.070977733,localhost,C1E,1208022925,271888576412,40,1944
1790159354.070977733,localhost,C6,1790735667,266547870076731,40,1944
1790159354.070977733,localhost,POLL,3442216,125816461,40,1944
1790159355.126674926,localhost,C1,81699290,33294306549,40,1699
1790159355.126674926,localhost,C1E,1208033269,271891152185,40,1699
1790159355.126674926,localhost,C6,1790745461,266547912775508,40,1699
1790159355.126674926,localhost,POLL,3442232,125816952,40,1699
1790159355.133093271,localhost,C1,81699294,33294306601,40,1746
1790159355.133093271,localhost,C1E,1208033338,271891171658,40,1746
1790159355.133093271,localhost,C6,1790745536,266547913458533,40,1746
1790159355.133093271,localhost,POLL,3442232,125816952,40,1746
1790159355.133219004,localhost,C1,81699294,33294306601,40,1715
1790159355.133219004,localhost,C1E,1208033355,271891171658,40,1715
1790159355.133219004,localhost,C6,1790745555,266547913475834,40,1715
1790159355.133219004,localhost,POLL,3442232,125816952,40,1715
1790159356.187164139,localhost,C1,81699548,33294331130,40,1724
1790159356.187164139,localhost,C1E,1208043929,271893883697,40,1724
1790159356.187164139,localhost,C6,1790754425,266547950042056,40,1724
1790159356.187164139,localhost,POLL,3442247,125817572,40,1724
1790159356.193824331,localhost,C1,81699549,33294331188,40,1822
1790159356.193824331,localhost,C1E,1208044049,271893904710,40,1822
1790159356.193824331,localhost,C6,1790754513,266547950154515,40,1822
1790159356.193824331,localhost,POLL,3442247,125817572,40,1822
1790159356.195570591,localhost,C1,81699549,33294331225,40,1834
1790159356.195570591,localhost,C1E,1208044069,271893919191,40,1834
1790159356.195570591,localhost,C6,1790754534,266547950190282,40,1834
1790159356.195570591,localhost,POLL,3442247,125817572,40,1834
1790159357.251051710,localhost,C1,81699845,33294355573,40,1633
1790159357.251051710,localhost,C1E,1208054795,271896499007,40,1633
1790159357.251051710,localhost,C6,1790762645,266547993330288,40,1633
1790159357.251051710,localhost,POLL,3442263,125818271,40,1633
1790159357.249124322,localhost,C1,81699848,33294355573,40,1645
1790159357.249124322,localhost,C1E,1208054807,271896499881,40,1645
1790159357.249124322,localhost,C6,1790762654,266547993331234,40,1645
1790159357.249124322,localhost,POLL,3442263,125818271,40,1645
1790159357.255118082,localhost,C1,81699852,33294355604,40,1699
1790159357.255118082,localhost,C1E,1208054883,271896509974,40,1699
1790159357.255118082,localhost,C6,1790762719,266547993378737,40,1699
1790159357.255118082,localhost,POLL,3442263,125818271,40,1699
1790159358.318875643,localhost,C1,81700106,33294366847,40,1758
1790159358.318875643,localhost,C1E,1208064685,271898921190,40,1758
1790159358.318875643,localhost,C6,1790776210,266548033441284,40,1758
1790159358.318875643,localhost,POLL,3442280,125818873,40,1758
1790159358.316914050,localhost,C1,81700106,33294366847,40,1763
1790159358.316914050,localhost,C1E,1208064685,271898919193,40,1763
1790159358.316914050,localhost,C6,1790776207,266548033410640,40,1763
1790159358.316914050,localhost,POLL,3442280,125818873,40,1763
1790159358.324047460,localhost,C1,81700106,33294366847,40,1759
1790159358.324047460,localhost,C1E,1208064730,271898924610,40,1759
1790159358.324047460,localhost,C6,1790776235,266548033462333,40,1759
1790159358.324047460,localhost,POLL,3442280,125818873,40,1759
1790159359.387253602,localhost,C1,81700490,33294388669,40,1882
1790159359.387253602,localhost,C1E,1208076878,271901630298,40,1882
1790159359.387253602,localhost,C6,1790785346,266548067484524,40,1882
1790159359.387253602,localhost,POLL,3442307,125819633,40,1882
1790159359.388217131,localhost,C1,81700492,33294388685,40,1884
1790159359.388217131,localhost,C1E,1208076907,271901634622,40,1884
1790159359.388217131,localhost,C6,1790785368,266548067529747,40,1884
1790159359.388217131,localhost,POLL,3442307,125819633,40,1884
1790159359.389379568,localhost,C1,81700492,33294388685,40,1828
1790159359.389379568,localhost,C1E,1208076974,271901646900,40,1828
1790159359.389379568,localhost,C6,1790785430,266548067884017,40,1828
1790159359.389379568,localhost,POLL,3442307,125819633,40,1828
1790159360.451754634,localhost,C1,81700668,33294394419,40,1767
1790159360.451754634,localhost,C1E,1208084725,271903615887,40,1767
1790159360.451754634,localhost,C6,1790800830,266548105243583,40,1767
1790159360.451754634,localhost,POLL,3442325,125820248,40,1767
1790159360.454053489,localhost,C1,81700668,33294394429,40,1870
1790159360.454053489,localhost,C1E,1208084753,271903621059,40,1870
1790159360.454053489,localhost,C6,1790800883,266548105440472,40,1870
1790159360.454053489,localhost,POLL,3442325,125820248,40,1870
1790159360.455597567,localhost,C1,81700669,33294394429,40,1886
1790159360.455597567,localhost,C1E,1208084775,271903625339,40,1886
1790159360.455597567,localhost,C6,1790800917,266548105577314,40,1886
1790159360.455597567,localhost,POLL,3442325,125820248,40,1886
1790159361.513779682,localhost,C1,81700812,33294399988,40,1729
1790159361.513779682,localhost,C1E,1208091614,271905372350,40,1729
1790159361.513779682,localhost,C6,1790816669,266548145017452,40,1729
1790159361.513779682,localhost,POLL,3442339,125820749,40,1729
1790159361.520009730,localhost,C1,81700814,33294400022,40,1751
1790159361.520009730,localhost,C1E,1208091654,271905392813,40,1751
1790159361.520009730,localhost,C6,1790816739,266548145461943,40,1751
1790159361.520009730,localhost,POLL,3442339,125820749,40,1751
1790159361.520152285,localhost,C1,81700815,33294400022,40,1801
1790159361.520152285,localhost,C1E,1208091671,271905404487,40,1801
1790159361.520152285,localhost,C6,1790816776,266548145592334,40,1801
1790159361.520152285,localhost,POLL,3442339,125820749,40,1801
1790159362.582035265,localhost,C1,81700982,33294414651,40,1710
1790159362.582035265,localhost,C1E,1208099551,271907398979,40,1710
1790159362.582035265,localhost,C6,1790832677,266548187833605,40,1710
1790159362.582035265,localhost,POLL,3442357,125821335,40,1710
1790159362.583194500,localhost,C1,81700982,33294414651,40,1686
1790159362.583194500,localhost,C1E,1208099556,271907400968,40,1686
1790159362.583194500,localhost,C6,1790832691,266548187854349,40,1686
1790159362.583194500,localhost,POLL,3442357,125821335,40,1686
1790159362.588196507,localhost,C1,81700983,33294414684,40,1767
1790159362.588196507,localhost,C1E,1208099624,271907406687,40,1767
1790159362.588196507,localhost,C6,1790832767,266548187938690,40,1767
1790159362.588196507,localhost,POLL,3442357,125821335,40,1767
1790159363.652001739,localhost,C1,81701172,33294438078,40,1813
1790159363.652001739,localhost,C1E,1208106869,271909286403,40,1813
1790159363.652001739,localhost,C6,1790849028,266548225022521,40,1813
1790159363.652001739,localhost,POLL,3442379,125822051,40,1813
1790159363.654882482,localhost,C1,81701172,33294438040,40,1839
1790159363.654882482,localhost,C1E,1208106866,271909283558,40,1839
1790159363.654882482,localhost,C6,1790849024,266548225011526,40,1839
1790159363.654882482,localhost,POLL,3442379,125822051,40,1839
1790159363.652220103,localhost,C1,81701172,33294438078,40,1842
1790159363.652220103,localhost,C1E,1208106862,271909287765,40,1842
1790159363.652220103,localhost,C6,1790849019,266548225027566,40,1842
1790159363.652220103,localhost,POLL,3442379,125822051,40,1842
1790159364.721504244,localhost,C1,81701341,33294445090,40,1970
1790159364.721504244,localhost,C1E,1208114645,271911286823,40,1970
1790159364.721504244,localhost,C6,1790864767,266548266916977,40,1970
1790159364.721504244,localhost,POLL,3442391,125822414,40,1970
1790159364.721245317,localhost,C1,81701341,33294445090,40,1975
1790159364.721245317,localhost,C1E,1208114661,271911290553,40,1975
1790159364.721245317,localhost,C6,1790864787,266548266929040,40,1975
1790159364.721245317,localhost,POLL,3442391,125822414,40,1975
1790159364.721132330,localhost,C1,81701341,33294445090,40,1940
1790159364.721132330,localhost,C1E,1208114653,271911292958,40,1940
1790159364.721132330,localhost,C6,1790864784,266548266932968,40,1940
1790159364.721132330,localhost,POLL,3442391,125822414,40,1940
1790159365.790654264,localhost,C1,81701509,33294455869,40,1953
1790159365.790654264,localhost,C1E,1208122841,271913332269,40,1953
1790159365.790654264,localhost,C6,1790880089,266548300593667,40,1953
1790159365.790654264,localhost,POLL,3442403,125822746,40,1953
1790159365.793837670,localhost,C1,81701509,33294458872,40,1916
1790159365.793837670,localhost,C1E,1208122856,271913344773,40,1916
1790159365.793837670,localhost,C6,1790880105,266548300630234,40,1916
1790159365.793837670,localhost,POLL,3442403,125822746,40,1916
1790159365.795657196,localhost,C1,81701509,33294458872,40,1883
1790159365.795657196,localhost,C1E,1208122867,271913341802,40,1883
1790159365.795657196,localhost,C6,1790880109,266548300627053,40,1883
1790159365.795657196,localhost,POLL,3442403,125822746,40,1883
1790159366.862410117,localhost,C1,81701727,33294491064,40,1778
1790159366.862410117,localhost,C1E,1208130919,271915382304,40,1778
1790159366.862410117,localhost,C6,1790895770,266548346920045,40,1778
1790159366.862410117,localhost,POLL,3442426,125823545,40,1778
1790159366.864044393,localhost,C1,81701727,33294491064,40,1740
1790159366.864044393,localhost,C1E,1208130921,271915382061,40,1740
1790159366.864044393,localhost,C6,1790895780,266548346919079,40,1740
1790159366.864044393,localhost,POLL,3442426,125823545,40,1740
1790159366.862019778,localhost,C1,81701727,33294491064,40,1766
1790159366.862019778,localhost,C1E,1208130915,271915380339,40,1766
1790159366.862019778,localhost,C6,1790895764,266548346909172,40,1766
1790159366.862019778,localhost,POLL,3442426,125823545,40,1766
1790159367.929424010,localhost,C1,81701919,33294502542,40,1821
1790159367.929424010,localhost,C1E,1208138458,271917332543,40,1821
1790159367.929424010,localhost,C6,1790910834,266548380641205,40,1821
1790159367.929424010,localhost,POLL,3442438,125823863,40,1821
1790159367.929991523,localhost,C1,81701919,33294502542,40,1820
1790159367.929991523,localhost,C1E,1208138462,271917330353,40,1820
1790159367.929991523,localhost,C6,1790910834,266548380624148,40,1820
1790159367.929991523,localhost,POLL,3442438,125823863,40,1820
1790159367.930529666,localhost,C1,81701919,33294502542,40,1816
1790159367.930529666,localhost,C1E,1208138467,271917331800,40,1816
1790159367.930529666,localhost,C6,1790910837,266548380638465,40,1816
1790159367.930529666,localhost,POLL,3442438,125823863,40,1816
1790159368.996186923,localhost,C1,81702065,33294513814,40,1899
1790159368.996186923,localhost,C1E,1208145814,271919141376,40,1899
1790159368.996186923,localhost,C6,1790926082,266548421087368,40,1899
1790159368.996186923,localhost,POLL,3442452,125824316,40,1899
1790159368.997869629,localhost,C1,81702065,33294513814,40,1901
1790159368.997869629,localhost,C1E,1208145803,271919140941,40,1901
1790159368.997869629,localhost,C6,1790926068,266548421085855,40,1901
1790159368.997869629,localhost,POLL,3442452,125824316,40,1901
1790159368.996887915,localhost,C1,81702065,33294513814,40,1899
1790159368.996887915,localhost,C1E,1208145807,271919141623,40,1899
1790159368.996887915,localhost,C6,1790926075,266548421090420,40,1899
1790159368.996887915,localhost,POLL,3442452,125824316,40,1899
1790159370.066347410,localhost,C1,81702277,33294521588,40,1940
1790159370.066347410,localhost,C1E,1208154852,271921408570,40,1940
1790159370.066347410,localhost,C6,1790940074,266548461928588,40,1940
1790159370.066347410,localhost,POLL,3442459,125824553,40,1940
1790159370.068986264,localhost,C1,81702277,33294521595,40,1923
1790159370.068986264,localhost,C1E,1208154900,271921413874,40,1923
1790159370.068986264,localhost,C6,1790940112,266548461948279,40,1923
1790159370.068986264,localhost,POLL,3442459,125824585,40,1923
1790159370.067403904,localhost,C1,81702277,33294521595,40,1920
1790159370.067403904,localhost,C1E,1208154904,271921416775,40,1920
1790159370.067403904,localhost,C6,1790940111,266548461951918,40,1920
1790159370.067403904,localhost,POLL,3442459,125824585,40,1920
1790159371.134559463,localhost,C1,81702454,33294527956,40,1745
1790159371.134559463,localhost,C1E,1208162458,271923294911,40,1745
1790159371.134559463,localhost,C6,1790955633,266548501620631,40,1745
1790159371.134559463,localhost,POLL,3442477,125825222,40,1745
1790159371.130054744,localhost,C1,81702454,33294527931,40,1769
1790159371.130054744,localhost,C1E,1208162443,271923288374,40,1769
1790159371.130054744,localhost,C6,1790955599,266548501467767,40,1769
1790159371.130054744,localhost,POLL,3442477,125825222,40,1769
1790159371.133418131,localhost,C1,81702454,33294527956,40,1760
1790159371.133418131,localhost,C1E,1208162458,271923297105,40,1760
1790159371.133418131,localhost,C6,1790955633,266548501624580,40,1760
1790159371.133418131,localhost,POLL,3442477,125825222,40,1760
1790159372.203736596,localhost,C1,81702640,33294531843,40,1852
1790159372.203736596,localhost,C1E,1208170314,271925332135,40,1852
1790159372.203736596,localhost,C6,1790971413,266548543814457,40,1852
1790159372.203736596,localhost,POLL,3442498,125825934,40,1852
1790159372.201024044,localhost,C1,81702640,33294531843,40,1852
1790159372.201024044,localhost,C1E,1208170276,271925324228,40,1852
1790159372.201024044,localhost,C6,1790971378,266548543776823,40,1852
1790159372.201024044,localhost,POLL,3442498,125825934,40,1852
1790159372.202378419,localhost,C1,81702640,33294531843,40,1832
1790159372.202378419,localhost,C1E,1208170313,271925333664,40,1832
1790159372.202378419,localhost,C6,1790971413,266548543868296,40,1832
1790159372.202378419,localhost,POLL,3442498,125825934,40,1832
1790159373.267553925,localhost,C1,81702788,33294536078,40,1631
1790159373.267553925,localhost,C1E,1208177602,271927199416,40,1631
1790159373.267553925,localhost,C6,1790987161,266548582003370,40,1631
1790159373.267553925,localhost,POLL,3442508,125826296,40,1631
1790159373.268644467,localhost,C1,81702790,33294536086,40,1647
1790159373.268644467,localhost,C1E,1208177630,271927214438,40,1647
1790159373.268644467,localhost,C6,1790987228,266548582069654,40,1647
1790159373.268644467,localhost,POLL,3442508,125826325,40,1647
1790159373.269444300,localhost,C1,81702790,33294536086,40,1644
1790159373.269444300,localhost,C1E,1208177637,271927217659,40,1644
1790159373.269444300,localhost,C6,1790987237,266548582083859,40,1644
1790159373.269444300,localhost,POLL,3442508,125826325,40,1644
1790159374.330192241,localhost,C1,81702933,33294543068,40,1710
1790159374.330192241,localhost,C1E,1208185065,271929108772,40,1710
1790159374.330192241,localhost,C6,1791002897,266548620112620,40,1710
1790159374.330192241,localhost,POLL,3442525,125826877,40,1710
1790159374.335731382,localhost,C1,81702933,33294543087,40,1738
1790159374.335731382,localhost,C1E,1208185078,271929112586,40,1738
1790159374.335731382,localhost,C6,1791002921,266548620143559,40,1738
1790159374.335731382,localhost,POLL,3442525,125826877,40,1738
1790159374.334678475,localhost,C1,81702933,33294543087,40,1706
1790159374.334678475,localhost,C1E,1208185073,271929114845,40,1706
1790159374.334678475,localhost,C6,1791002912,266548620182453,40,1706
1790159374.334678475,localhost,POLL,3442525,125826877,40,1706
1790159375.401365455,localhost,C1,81703107,33294555641,40,1738
1790159375.401365455,localhost,C1E,1208192488,271931037430,40,1738
1790159375.401365455,localhost,C6,1791018525,266548656946268,40,1738
1790159375.401365455,localhost,POLL,3442540,125827336,40,1738
1790159375.404449870,localhost,C1,81703109,33294555641,40,1734
1790159375.404449870,localhost,C1E,1208192499,271931040176,40,1734
1790159375.404449870,localhost,C6,1791018536,266548656949285,40,1734
1790159375.404449870,localhost,POLL,3442540,125827336,40,1734
1790159375.403042205,localhost,C1,81703109,33294555641,40,1711
1790159375.403042205,localhost,C1E,1208192504,271931042742,40,1711
1790159375.403042205,localhost,C6,1791018543,266548656960014,40,1711
1790159375.403042205,localhost,POLL,3442540,125827336,40,1711
1790159376.475524390,localhost,C1,81703270,33294566975,40,1631
1790159376.475524390,localhost,C1E,1208199961,271932958220,40,1631
1790159376.475524390,localhost,C6,1791034073,266548701234373,40,1631
1790159376.475524390,localhost,POLL,3442554,125827826,40,1631
1790159376.476353371,localhost,C1,81703270,33294566975,40,1650
1790159376.476353371,localhost,C1E,1208199982,271932958984,40,1650
1790159376.476353371,localhost,C6,1791034095,266548701235363,40,1650
1790159376.476353371,localhost,POLL,3442554,125827826,40,1650
1790159376.472724498,localhost,C1,81703270,33294566975,40,1748
1790159376.472724498,localhost,C1E,1208199960,271932958261,40,1748
1790159376.472724498,localhost,C6,1791034068,266548701235905,40,1748
1790159376.472724498,localhost,POLL,3442554,125827826,40,1748
1790159377.542189338,localhost,C1,81703484,33294580630,40,1827
1790159377.542189338,localhost,C1E,1208210128,271935456990,40,1827
1790159377.542189338,localhost,C6,1791046973,266548736674652,40,1827
1790159377.542189338,localhost,POLL,3442578,125828623,40,1827
1790159377.543647174,localhost,C1,81703484,33294580630,40,1832
1790159377.543647174,localhost,C1E,1208210133,271935456554,40,1832
1790159377.543647174,localhost,C6,1791046979,266548736672419,40,1832
1790159377.543647174,localhost,POLL,3442578,125828623,40,1832
1790159377.545353867,localhost,C1,81703484,33294580649,40,1791
1790159377.545353867,localhost,C1E,1208210160,271935464243,40,1791
1790159377.545353867,localhost,C6,1791047011,266548736714512,40,1791
1790159377.545353867,localhost,POLL,3442578,125828623,40,1791
1790159378.611341098,localhost,C1,81703777,33294593754,40,1463
1790159378.611341098,localhost,C1E,1208218499,271937441777,40,1463
1790159378.611341098,localhost,C6,1791054292,266548783772298,40,1463
1790159378.611341098,localhost,POLL,3442600,125829325,40,1463
1790159378.612360559,localhost,C1,81703778,33294593754,40,1539
1790159378.612360559,localhost,C1E,1208218509,271937443984,40,1539
1790159378.612360559,localhost,C6,1791054303,266548783791361,40,1539
1790159378.612360559,localhost,POLL,3442600,125829325,40,1539
1790159378.614151148,localhost,C1,81703778,33294593754,40,1539
1790159378.614151148,localhost,C1E,1208218513,271937444191,40,1539
1790159378.614151148,localhost,C6,1791054306,266548783795471,40,1539
1790159378.614151148,localhost,POLL,3442600,125829325,40,1539
1790159379.680196687,localhost,C1,81709578,33295183845,40,2109
1790159379.680196687,localhost,C1E,1208233748,271940185842,40,2109
1790159379.680196687,localhost,C6,1791066924,266548817478778,40,2109
1790159379.680196687,localhost,POLL,3442627,125830084,40,2109
1790159379.683494265,localhost,C1,81709602,33295184929,40,2188
1790159379.683494265,localhost,C1E,1208233811,271940211477,40,2188
1790159379.683494265,localhost,C6,1791066972,266548818496134,40,2188
1790159379.683494265,localhost,POLL,3442627,125830084,40,2188
1790159379.681443872,localhost,C1,81709599,33295184929,40,2188
1790159379.681443872,localhost,C1E,1208233808,271940210433,40,2188
1790159379.681443872,localhost,C6,1791066969,266548818495141,40,2188
1790159379.681443872,localhost,POLL,3442627,125830084,40,2188
1790159380.743079845,localhost,C1,81720712,33296173165,40,1819
1790159380.743079845,localhost,C1E,1208254736,271943482571,40,1819
1790159380.743079845,localhost,C6,1791081541,266548855864198,40,1819
1790159380.743079845,localhost,POLL,3442669,125831296,40,1819
1790159380.742568242,localhost,C1,81720729,33296173808,40,1874
1790159380.742568242,localhost,C1E,1208254760,271943483795,40,1874
1790159380.742568242,localhost,C6,1791081564,266548855870140,40,1874
1790159380.742568242,localhost,POLL,3442669,125831296,40,1874
1790159380.740828518,localhost,C1,81720715,33296173971,40,1884
1790159380.740828518,localhost,C1E,1208254738,271943485099,40,1884
1790159380.740828518,localhost,C6,1791081541,266548855870234,40,1884
1790159380.740828518,localhost,POLL,3442669,125831296,40,1884
1790159381.802564130,localhost,C1,81736134,33297417276,40,2002
1790159381.802564130,localhost,C1E,1208275653,271946686065,40,2002
1790159381.802564130,localhost,C6,1791096875,266548889521058,40,2002
1790159381.802564130,localhost,POLL,3442733,125832955,40,2002
1790159381.799345202,localhost,C1,81736157,33297417690,40,2034
1790159381.799345202,localhost,C1E,1208275669,271946694965,40,2034
1790159381.799345202,localhost,C6,1791096899,266548890125545,40,2034
1790159381.799345202,localhost,POLL,3442733,125832955,40,2034
1790159381.801795031,localhost,C1,81736177,33297418895,40,2006
1790159381.801795031,localhost,C1E,1208275693,271946699929,40,2006
1790159381.801795031,localhost,C6,1791096928,266548890148741,40,2006
1790159381.801795031,localhost,POLL,3442733,125832955,40,2006
1790159382.856665005,localhost,C1,81745004,33298304211,40,1898
1790159382.856665005,localhost,C1E,1208296024,271949962260,40,1898
1790159382.856665005,localhost,C6,1791111185,266548931674505,40,1898
1790159382.856665005,localhost,POLL,3442789,125834507,40,1898
1790159382.860297216,localhost,C1,81745016,33298304754,40,1894
1790159382.860297216,localhost,C1E,1208296040,271949964946,40,1894
1790159382.860297216,localhost,C6,1791111212,266548931687796,40,1894
1790159382.860297216,localhost,POLL,3442789,125834507,40,1894
1790159382.861910222,localhost,C1,81745044,33298306205,40,1933
1790159382.861910222,localhost,C1E,1208296077,271949970240,40,1933
1790159382.861910222,localhost,C6,1791111266,266548931733210,40,1933
1790159382.861910222,localhost,POLL,3442789,125834507,40,1933
1790159383.914555092,localhost,C1,81753659,33299173156,40,2060
1790159383.914555092,localhost,C1E,1208317148,271954772992,40,2060
1790159383.914555092,localhost,C6,1791131342,266548966124318,40,2060
1790159383.914555092,localhost,POLL,3442848,125835954,40,2060
1790159383.917962072,localhost,C1,81753715,33299177270,40,2075
1790159383.917962072,localhost,C1E,1208317245,271954794414,40,2075
1790159383.917962072,localhost,C6,1791131427,266548966273694,40,2075
1790159383.917962072,localhost,POLL,3442848,125835954,40,2075
1790159383.915417821,localhost,C1,81753710,33299176309,40,2085
1790159383.915417821,localhost,C1E,1208317235,271954794008,40,2085
1790159383.915417821,localhost,C6,1791131418,266548966266482,40,2085
1790159383.915417821,localhost,POLL,3442848,125835954,40,2085
1790159384.968933426,localhost,C1,81761611,33299958256,40,1903
1790159384.968933426,localhost,C1E,1208334228,271957629552,40,1903
1790159384.968933426,localhost,C6,1791144207,266549001968147,40,1903
1790159384.968933426,localhost,POLL,3442881,125836883,40,1903
1790159384.974359047,localhost,C1,81761613,33299961344,40,1799
1790159384.974359047,localhost,C1E,1208334303,271957641505,40,1799
1790159384.974359047,localhost,C6,1791144263,266549002002872,40,1799
1790159384.974359047,localhost,POLL,3442881,125836883,40,1799
1790159384.975562533,localhost,C1,81761625,33299963013,40,2029
1790159384.975562533,localhost,C1E,1208334344,271957651908,40,2029
1790159384.975562533,localhost,C6,1791144302,266549002041532,40,2029
1790159384.975562533,localhost,POLL,3442881,125836883,40,2029
1790159386.026897147,localhost,C1,81770179,33300837776,40,2024
1790159386.026897147,localhost,C1E,1208354653,271961058287,40,2024
1790159386.026897147,localhost,C6,1791158666,266549038588311,40,2024
1790159386.026897147,localhost,POLL,3442926,125837957,40,2024
1790159386.031862327,localhost,C1,81770200,33300838681,40,2012
1790159386.031862327,localhost,C1E,1208354713,271961069992,40,2012
1790159386.031862327,localhost,C6,1791158783,266549038651459,40,2012
1790159386.031862327,localhost,POLL,3442926,125837977,40,2012
1790159386.030770893,localhost,C1,81770199,33300839213,40,1976
1790159386.030770893,localhost,C1E,1208354706,271961071816,40,1976
1790159386.030770893,localhost,C6,1791158766,266549038835805,40,1976
1790159386.030770893,localhost,POLL,3442926,125837977,40,1976
1790159387.086149849,localhost,C1,81774637,33301283925,40,1646
1790159387.086149849,localhost,C1E,1208370134,271963664641,40,1646
1790159387.086149849,localhost,C6,1791169050,266549075928306,40,1646
1790159387.086149849,localhost,POLL,3442968,125839076,40,1646
1790159387.089414460,localhost,C1,81774638,33301283925,40,1660
1790159387.089414460,localhost,C1E,1208370135,271963664641,40,1660
1790159387.089414460,localhost,C6,1791169054,266549075928306,40,1660
1790159387.089414460,localhost,POLL,3442968,125839076,40,1660
1790159387.089761187,localhost,C1,81774639,33301283942,40,1695
1790159387.089761187,localhost,C1E,1208370156,271963668939,40,1695
1790159387.089761187,localhost,C6,1791169089,266549076884928,40,1695
1790159387.089761187,localhost,POLL,3442968,125839076,40,1695
1790159388.149268206,localhost,C1,81774768,33301293781,40,1746
1790159388.149268206,localhost,C1E,1208376488,271965032600,40,1746
1790159388.149268206,localhost,C6,1791173371,266549108256668,40,1746
1790159388.149268206,localhost,POLL,3442980,125839496,40,1746
1790159388.153207718,localhost,C1,81774768,33301293781,40,1838
1790159388.153207718,localhost,C1E,1208376538,271965037822,40,1838
1790159388.153207718,localhost,C6,1791173437,266549108314677,40,1838
1790159388.153207718,localhost,POLL,3442980,125839496,40,1838
1790159388.150795428,localhost,C1,81774768,33301293781,40,1873
1790159388.150795428,localhost,C1E,1208376528,271965038160,40,1873
1790159388.150795428,localhost,C6,1791173430,266549108313183,40,1873
1790159388.150795428,localhost,POLL,3442980,125839496,40,1873
1790159389.211607151,localhost,C1,81778300,33301721523,40,1785
1790159389.211607151,localhost,C1E,1208392928,271969091821,40,1785
1790159389.211607151,localhost,C6,1791192112,266549158571158,40,1785
1790159389.211607151,localhost,POLL,3443013,125840496,40,1785
1790159389.216050038,localhost,C1,81778323,33301725695,40,1822
1790159389.216050038,localhost,C1E,1208393026,271969117315,40,1822
1790159389.216050038,localhost,C6,1791192192,266549158645767,40,1822
1790159389.216050038,localhost,POLL,3443014,125840496,40,1822
1790159389.215300487,localhost,C1,81778320,33301726608,40,1833
1790159389.215300487,localhost,C1E,1208393015,271969126245,40,1833
1790159389.215300487,localhost,C6,1791192186,266549158679925,40,1833
1790159389.215300487,localhost,POLL,3443014,125840496,40,1833
1790159390.270135532,localhost,C1,81783174,33302259439,40,1941
1790159390.270135532,localhost,C1E,1208413686,271974281654,40,1941
1790159390.270135532,localhost,C6,1791215476,266549191069571,40,1941
1790159390.270135532,localhost,POLL,3443061,125841760,40,1941
1790159390.272768266,localhost,C1,81783202,33302262478,40,2013
1790159390.272768266,localhost,C1E,1208413751,271974294306,40,2013
1790159390.272768266,localhost,C6,1791215588,266549191131780,40,2013
1790159390.272768266,localhost,POLL,3443061,125841760,40,2013
1790159390.273869771,localhost,C1,81783237,33302267302,40,1985
1790159390.273869771,localhost,C1E,1208413817,271974311456,40,1985
1790159390.273869771,localhost,C6,1791215675,266549192233911,40,1985
1790159390.273869771,localhost,POLL,3443061,125841788,40,1985
1790159391.331288330,localhost,C1,81794450,33303286002,40,1856
1790159391.331288330,localhost,C1E,1208434511,271977575197,40,1856
1790159391.331288330,localhost,C6,1791229988,266549227646207,40,1856
1790159391.331288330,localhost,POLL,3443107,125842957,40,1856
1790159391.331207232,localhost,C1,81794434,33303283633,40,1855
1790159391.331207232,localhost,C1E,1208434467,271977562437,40,1855
1790159391.331207232,localhost,C6,1791229931,266549227598069,40,1855
1790159391.331207232,localhost,POLL,3443107,125842957,40,1855
1790159391.333985084,localhost,C1,81794460,33303287944,40,1894
1790159391.333985084,localhost,C1E,1208434529,271977581121,40,1894
1790159391.333985084,localhost,C6,1791230013,266549227662519,40,1894
1790159391.333985084,localhost,POLL,3443107,125842957,40,1894
1790159392.392061101,localhost,C1,81804310,33304241916,40,2030
1790159392.392061101,localhost,C1E,1208453899,271980725143,40,2030
1790159392.392061101,localhost,C6,1791245181,266549261168863,40,2030
1790159392.392061101,localhost,POLL,3443158,125844376,40,2030
1790159392.393418644,localhost,C1,81804328,33304241993,40,2030
1790159392.393418644,localhost,C1E,1208453923,271980727422,40,2030
1790159392.393418644,localhost,C6,1791245210,266549261205978,40,2030
1790159392.393418644,localhost,POLL,3443158,125844376,40,2030
1790159392.388441534,localhost,C1,81804263,33304240728,40,2030
1790159392.388441534,localhost,C1E,1208453857,271980720787,40,2030
1790159392.388441534,localhost,C6,1791245120,266549261157228,40,2030
1790159392.388441534,localhost,POLL,3443156,125844376,40,2030
1790159393.447882279,localhost,C1,81816070,33305297540,40,1842
1790159393.447882279,localhost,C1E,1208473528,271983863131,40,1842
1790159393.447882279,localhost,C6,1791260891,266549302061751,40,1842
1790159393.447882279,localhost,POLL,3443212,125845530,40,1842
1790159393.448670672,localhost,C1,81816103,33305298895,40,1886
1790159393.448670672,localhost,C1E,1208473596,271983872191,40,1886
1790159393.448670672,localhost,C6,1791260956,266549303713529,40,1886
1790159393.448670672,localhost,POLL,3443212,125845539,40,1886
1790159393.448467600,localhost,C1,81816110,33305299652,40,1909
1790159393.448467600,localhost,C1E,1208473598,271983879090,40,1909
1790159393.448467600,localhost,C6,1791260957,266549303752406,40,1909
1790159393.448467600,localhost,POLL,3443212,125845539,40,1909
1790159394.501379795,localhost,C1,81826344,33306307214,40,1970
1790159394.501379795,localhost,C1E,1208494369,271987264591,40,1970
1790159394.501379795,localhost,C6,1791275362,266549334934968,40,1970
1790159394.501379795,localhost,POLL,3443251,125846444,40,1970
1790159394.505363356,localhost,C1,81826345,33306307214,40,1970
1790159394.505363356,localhost,C1E,1208494385,271987264591,40,1970
1790159394.505363356,localhost,C6,1791275370,266549334934968,40,1970
1790159394.505363356,localhost,POLL,3443251,125846444,40,1970
1790159394.505618563,localhost,C1,81826358,33306309730,40,1965
1790159394.505618563,localhost,C1E,1208494409,271987289009,40,1965
1790159394.505618563,localhost,C6,1791275406,266549335139227,40,1965
1790159394.505618563,localhost,POLL,3443251,125846444,40,1965
1790159395.562247487,localhost,C1,81835895,33307267592,40,1810
1790159395.562247487,localhost,C1E,1208515272,271990621381,40,1810
1790159395.562247487,localhost,C6,1791288846,266549374746025,40,1810
1790159395.562247487,localhost,POLL,3443299,125847869,40,1810
1790159395.562092881,localhost,C1,81835914,33307269036,40,1806
1790159395.562092881,localhost,C1E,1208515309,271990630202,40,1806
1790159395.562092881,localhost,C6,1791288874,266549374891580,40,1806
1790159395.562092881,localhost,POLL,3443299,125847869,40,1806
1790159395.561091892,localhost,C1,81835920,33307269001,40,1807
1790159395.561091892,localhost,C1E,1208515317,271990629358,40,1807
1790159395.561091892,localhost,C6,1791288882,266549374890584,40,1807
1790159395.561091892,localhost,POLL,3443299,125847869,40,1807
1790159396.618030042,localhost,C1,81840903,33307729652,40,1646
1790159396.618030042,localhost,C1E,1208528860,271992953472,40,1646
1790159396.618030042,localhost,C6,1791298431,266549415078620,40,1646
1790159396.618030042,localhost,POLL,3443327,125848814,40,1646
1790159396.621700018,localhost,C1,81840903,33307729652,40,1651
1790159396.621700018,localhost,C1E,1208528866,271992953924,40,1651
1790159396.621700018,localhost,C6,1791298440,266549415079848,40,1651
1790159396.621700018,localhost,POLL,3443327,125848814,40,1651
1790159396.620876720,localhost,C1,81840903,33307729652,40,1675
1790159396.620876720,localhost,C1E,1208528861,271992955903,40,1675
1790159396.620876720,localhost,C6,1791298432,266549415102966,40,1675
1790159396.620876720,localhost,POLL,3443327,125848814,40,1675
1790159397.689917297,localhost,C1,81841017,33307733163,40,1705
1790159397.689917297,localhost,C1E,1208535054,271994278603,40,1705
1790159397.689917297,localhost,C6,1791302809,266549448344980,40,1705
1790159397.689917297,localhost,POLL,3443343,125849370,40,1705
1790159397.688806203,localhost,C1,81841017,33307733180,40,1738
1790159397.688806203,localhost,C1E,1208535065,271994283808,40,1738
1790159397.688806203,localhost,C6,1791302819,266549448415306,40,1738
1790159397.688806203,localhost,POLL,3443343,125849370,40,1738
1790159397.690487871,localhost,C1,81841018,33307733180,40,1732
1790159397.690487871,localhost,C1E,1208535085,271994288208,40,1732
1790159397.690487871,localhost,C6,1791302837,266549448439458,40,1732
1790159397.690487871,localhost,POLL,3443343,125849370,40,1732
1790159398.753142736,localhost,C1,81843897,33308024469,40,1805
1790159398.753142736,localhost,C1E,1208552441,271997825515,40,1805
1790159398.753142736,localhost,C6,1791325661,266549495597045,40,1805
1790159398.753142736,localhost,POLL,3443382,125850369,40,1805
1790159398.758203543,localhost,C1,81843938,33308027417,40,1807
1790159398.758203543,localhost,C1E,1208552569,271997850828,40,1807
1790159398.758203543,localhost,C6,1791325761,266549495735855,40,1807
1790159398.758203543,localhost,POLL,3443382,125850369,40,1807
1790159398.755645569,localhost,C1,81843934,33308027412,40,1805
1790159398.755645569,localhost,C1E,1208552540,271997846232,40,1805
1790159398.755645569,localhost,C6,1791325743,266549495728324,40,1805
1790159398.755645569,localhost,POLL,3443382,125850369,40,1805
1790159399.815716821,localhost,C1,81850677,33308724324,40,1910
1790159399.815716821,localhost,C1E,1208574810,272001096678,40,1910
1790159399.815716821,localhost,C6,1791342227,266549529334555,40,1910
1790159399.815716821,localhost,POLL,3443437,125851574,40,1910
1790159399.818664127,localhost,C1,81850688,33308725060,40,1910
1790159399.818664127,localhost,C1E,1208574855,272001110508,40,1910
1790159399.818664127,localhost,C6,1791342279,266549530381617,40,1910
1790159399.818664127,localhost,POLL,3443437,125851574,40,1910
1790159399.819672568,localhost,C1,81850703,33308728777,40,1938
1790159399.819672568,localhost,C1E,1208574926,272001133954,40,1938
1790159399.819672568,localhost,C6,1791342326,266549530552616,40,1938
1790159399.819672568,localhost,POLL,3443437,125851574,40,1938
1790159400.873764321,localhost,C1,81854405,33309137926,40,1901
1790159400.873764321,localhost,C1E,1208599918,272007130285,40,1901
1790159400.873764321,localhost,C6,1791363128,266549565976870,40,1901
1790159400.873764321,localhost,POLL,3443478,125852549,40,1901
1790159400.874027664,localhost,C1,81854419,33309138669,40,1979
1790159400.874027664,localhost,C1E,1208599986,272007157823,40,1979
1790159400.874027664,localhost,C6,1791363156,266549566024007,40,1979
1790159400.874027664,localhost,POLL,3443479,125852549,40,1979
1790159400.880656896,localhost,C1,81854448,33309138899,40,1946
1790159400.880656896,localhost,C1E,1208600115,272007174000,40,1946
1790159400.880656896,localhost,C6,1791363197,266549566086981,40,1946
1790159400.880656896,localhost,POLL,3443479,125852549,40,1946
1790159401.929709816,localhost,C1,81856805,33309391171,40,1823
1790159401.929709816,localhost,C1E,1208623712,272012704994,40,1823
1790159401.929709816,localhost,C6,1791385162,266549603831481,40,1823
1790159401.929709816,localhost,POLL,3443525,125853486,40,1823
1790159401.933335436,localhost,C1,81856814,33309393211,40,1829
1790159401.933335436,localhost,C1E,1208623777,272012716069,40,1829
1790159401.933335436,localhost,C6,1791385213,266549603855016,40,1829
1790159401.933335436,localhost,POLL,3443525,125853488,40,1829
1790159401.934560404,localhost,C1,81856817,33309394008,40,1807
1790159401.934560404,localhost,C1E,1208623814,272012733811,40,1807
1790159401.934560404,localhost,C6,1791385237,266549603874044,40,1807
1790159401.934560404,localhost,POLL,3443525,125853488,40,1807
1790159402.991563964,localhost,C1,81861295,33309896006,40,1689
1790159402.991563964,localhost,C1E,1208648299,272017048407,40,1689
1790159402.991563964,localhost,C6,1791402157,266549638757822,40,1689
1790159402.991563964,localhost,POLL,3443580,125854952,40,1689
1790159402.993182786,localhost,C1,81861297,33309897121,40,1633
1790159402.993182786,localhost,C1E,1208648355,272017055556,40,1633
1790159402.993182786,localhost,C6,1791402190,266549638783455,40,1633
1790159402.993182786,localhost,POLL,3443582,125854952,40,1633
1790159402.993478982,localhost,C1,81861306,33309897219,40,1699
1790159402.993478982,localhost,C1E,1208648418,272017072727,40,1699
1790159402.993478982,localhost,C6,1791402225,266549638867086,40,1699
1790159402.993478982,localhost,POLL,3443582,125854952,40,1699
1790159404.055578207,localhost,C1,81863499,33310127415,40,1807
1790159404.055578207,localhost,C1E,1208671864,272022724371,40,1807
1790159404.055578207,localhost,C6,1791423919,266549670190818,40,1807
1790159404.055578207,localhost,POLL,3443618,125855844,40,1807
1790159404.054582989,localhost,C1,81863504,33310129212,40,1931
1790159404.054582989,localhost,C1E,1208671899,272022735105,40,1931
1790159404.054582989,localhost,C6,1791423942,266549672108964,40,1931
1790159404.054582989,localhost,POLL,3443618,125855844,40,1931
1790159404.059862489,localhost,C1,81863515,33310129271,40,1898
1790159404.059862489,localhost,C1E,1208671958,272022737910,40,1898
1790159404.059862489,localhost,C6,1791423968,266549672124156,40,1898
1790159404.059862489,localhost,POLL,3443618,125855844,40,1898
1790159405.115555554,localhost,C1,81868657,33310699877,40,1840
1790159405.115555554,localhost,C1E,1208697062,272027127450,40,1840
1790159405.115555554,localhost,C6,1791440248,266549709591991,40,1840
1790159405.115555554,localhost,POLL,3443669,125857141,40,1840
1790159405.116965565,localhost,C1,81868663,33310700482,40,1844
1790159405.116965565,localhost,C1E,1208697104,272027135554,40,1844
1790159405.116965565,localhost,C6,1791440315,266549709616135,40,1844
1790159405.116965565,localhost,POLL,3443669,125857141,40,1844
1790159405.116561299,localhost,C1,81868664,33310700983,40,1911
1790159405.116561299,localhost,C1E,1208697108,272027141266,40,1911
1790159405.116561299,localhost,C6,1791440329,266549709642695,40,1911
1790159405.116561299,localhost,POLL,3443669,125857141,40,1911
1790159406.172301809,localhost,C1,81872835,33311163404,40,1746
1790159406.172301809,localhost,C1E,1208716394,272030424399,40,1746
1790159406.172301809,localhost,C6,1791452972,266549746100697,40,1746
1790159406.172301809,localhost,POLL,3443706,125858122,40,1746
1790159406.178994498,localhost,C1,81872835,33311163424,40,1864
1790159406.178994498,localhost,C1E,1208716416,272030431867,40,1864
1790159406.178994498,localhost,C6,1791453014,266549747532846,40,1864
1790159406.178994498,localhost,POLL,3443706,125858122,40,1864
1790159406.174901387,localhost,C1,81872835,33311163424,40,1854
1790159406.174901387,localhost,C1E,1208716415,272030431740,40,1854
1790159406.174901387,localhost,C6,1791453011,266549747407617,40,1854
1790159406.174901387,localhost,POLL,3443706,125858122,40,1854
1790159407.242243059,localhost,C1,81872971,33311173394,40,1743
1790159407.242243059,localhost,C1E,1208722680,272031748339,40,1743
1790159407.242243059,localhost,C6,1791457727,266549784833928,40,1743
1790159407.242243059,localhost,POLL,3443715,125858413,40,1743
1790159407.245444144,localhost,C1,81872971,33311173394,40,1700
1790159407.245444144,localhost,C1E,1208722682,272031750455,40,1700
1790159407.245444144,localhost,C6,1791457734,266549784858381,40,1700
1790159407.245444144,localhost,POLL,3443715,125858413,40,1700
1790159407.246457096,localhost,C1,81872971,33311173394,40,1690
1790159407.246457096,localhost,C1E,1208722691,272031749285,40,1690
1790159407.246457096,localhost,C6,1791457749,266549784842734,40,1690
1790159407.246457096,localhost,POLL,3443715,125858413,40,1690
1790159408.312815715,localhost,C1,81874290,33311299040,40,1780
1790159408.312815715,localhost,C1E,1208737602,272034903379,40,1780
1790159408.312815715,localhost,C6,1791471614,266549827183561,40,1780
1790159408.312815715,localhost,POLL,3443729,125858811,40,1780
1790159408.318674287,localhost,C1,81874303,33311301080,40,1773
1790159408.318674287,localhost,C1E,1208737711,272034918693,40,1773
1790159408.318674287,localhost,C6,1791471689,266549827240749,40,1773
1790159408.318674287,localhost,POLL,3443730,125858811,40,1773
1790159408.316576086,localhost,C1,81874302,33311301080,40,1785
1790159408.316576086,localhost,C1E,1208737679,272034917850,40,1785
1790159408.316576086,localhost,C6,1791471669,266549827238161,40,1785
1790159408.316576086,localhost,POLL,3443730,125858811,40,1785
1790159409.377240404,localhost,C1,81879366,33311841586,40,1885
1790159409.377240404,localhost,C1E,1208762443,272038929091,40,1885
1790159409.377240404,localhost,C6,1791485272,266549863859567,40,1885
1790159409.377240404,localhost,POLL,3443776,125859892,40,1885
1790159409.379631545,localhost,C1,81879371,33311842363,40,2003
1790159409.379631545,localhost,C1E,1208762487,272038933216,40,2003
1790159409.379631545,localhost,C6,1791485324,266549863890413,40,2003
1790159409.379631545,localhost,POLL,3443776,125859892,40,2003
1790159409.378167703,localhost,C1,81879367,33311841586,40,2005
1790159409.378167703,localhost,C1E,1208762449,272038929405,40,2005
1790159409.378167703,localhost,C6,1791485280,266549863860061,40,2005
1790159409.378167703,localhost,POLL,3443776,125859892,40,2005
1790159410.437178157,localhost,C1,81882926,33312210692,40,1930
1790159410.437178157,localhost,C1E,1208788218,272043057717,40,1930
1790159410.437178157,localhost,C6,1791498949,266549902446289,40,1930
1790159410.437178157,localhost,POLL,3443820,125861192,40,1930
1790159410.439671245,localhost,C1,81882936,33312210909,40,1980
1790159410.439671245,localhost,C1E,1208788279,272043076725,40,1980
1790159410.439671245,localhost,C6,1791499061,266549902517724,40,1980
1790159410.439671245,localhost,POLL,3443820,125861192,40,1980
1790159410.440072900,localhost,C1,81882940,33312211284,40,1967
1790159410.440072900,localhost,C1E,1208788316,272043086706,40,1967
1790159410.440072900,localhost,C6,1791499104,266549902533576,40,1967
1790159410.440072900,localhost,POLL,3443820,125861192,40,1967
1790159411.497705780,localhost,C1,81886773,33312618403,40,2108
1790159411.497705780,localhost,C1E,1208814247,272047309877,40,2108
1790159411.497705780,localhost,C6,1791512625,266549940482654,40,2108
1790159411.497705780,localhost,POLL,3443874,125862765,40,2108
1790159411.502543286,localhost,C1,81886780,33312618432,40,2114
1790159411.502543286,localhost,C1E,1208814354,272047311272,40,2114
1790159411.502543286,localhost,C6,1791512708,266549940487208,40,2114
1790159411.502543286,localhost,POLL,3443874,125862765,40,2114
1790159411.502718790,localhost,C1,81886775,33312618392,40,2108
1790159411.502718790,localhost,C1E,1208814284,272047309261,40,2108
1790159411.502718790,localhost,C6,1791512661,266549940479694,40,2108
1790159411.502718790,localhost,POLL,3443874,125862765,40,2108
1790159412.558764281,localhost,C1,81889865,33312955264,40,2096
1790159412.558764281,localhost,C1E,1208841355,272051725973,40,2096
1790159412.558764281,localhost,C6,1791525535,266549976457430,40,2096
1790159412.558764281,localhost,POLL,3443914,125863726,40,2096
1790159412.559156578,localhost,C1,81889866,33312954573,40,2102
1790159412.559156578,localhost,C1E,1208841368,272051720682,40,2102
1790159412.559156578,localhost,C6,1791525542,266549976167113,40,2102
1790159412.559156578,localhost,POLL,3443914,125863726,40,2102
1790159412.560521758,localhost,C1,81889868,33312955830,40,2087
1790159412.560521758,localhost,C1E,1208841420,272051728557,40,2087
1790159412.560521758,localhost,C6,1791525560,266549976460282,40,2087
1790159412.560521758,localhost,POLL,3443914,125863726,40,2087
1790159413.615938142,localhost,C1,81892284,33313226937,40,1837
1790159413.615938142,localhost,C1E,1208865268,272055876755,40,1837
1790159413.615938142,localhost,C6,1791537754,266550011890189,40,1837
1790159413.615938142,localhost,POLL,3443960,125865025,40,1837
1790159413.619749300,localhost,C1,81892289,33313227625,40,1840
1790159413.619749300,localhost,C1E,1208865329,272055893942,40,1840
1790159413.619749300,localhost,C6,1791537790,266550011935886,40,1840
1790159413.619749300,localhost,POLL,3443961,125865025,40,1840
1790159413.620534772,localhost,C1,81892291,33313227555,40,1825
1790159413.620534772,localhost,C1E,1208865354,272055891054,40,1825
1790159413.620534772,localhost,C6,1791537813,266550011927283,40,1825
1790159413.620534772,localhost,POLL,3443962,125865025,40,1825
1790159414.678623502,localhost,C1,81897516,33313783321,40,1695
1790159414.678623502,localhost,C1E,1208890939,272059695497,40,1695
1790159414.678623502,localhost,C6,1791548454,266550049976157,40,1695
1790159414.678623502,localhost,POLL,3444010,125866496,40,1695
1790159414.685989103,localhost,C1,81897540,33313785542,40,1704
1790159414.685989103,localhost,C1E,1208891086,272059728630,40,1704
1790159414.685989103,localhost,C6,1791548590,266550050172014,40,1704
1790159414.685989103,localhost,POLL,3444010,125866496,40,1704
1790159414.685753834,localhost,C1,81897540,33313785588,40,1758
1790159414.685753834,localhost,C1E,1208891066,272059732070,40,1758
1790159414.685753834,localhost,C6,1791548585,266550050175522,40,1758
1790159414.685753834,localhost,POLL,3444010,125866496,40,1758
1790159415.744242947,localhost,C1,81901317,33314161749,40,1934
1790159415.744242947,localhost,C1E,1208915671,272063547904,40,1934
1790159415.744242947,localhost,C6,1791560970,266550084575121,40,1934
1790159415.744242947,localhost,POLL,3444053,125867986,40,1934
1790159415.745260628,localhost,C1,81901317,33314162162,40,1923
1790159415.745260628,localhost,C1E,1208915678,272063551212,40,1923
1790159415.745260628,localhost,C6,1791560976,266550084581541,40,1923
1790159415.745260628,localhost,POLL,3444053,125867986,40,1923
1790159415.739500544,localhost,C1,81901317,33314162182,40,1916
1790159415.739500544,localhost,C1E,1208915672,272063552300,40,1916
1790159415.739500544,localhost,C6,1791560969,266550084594948,40,1916
1790159415.739500544,localhost,POLL,3444053,125867986,40,1916
1790159416.800885635,localhost,C1,81903344,33314365123,40,1618
1790159416.800885635,localhost,C1E,1208932402,272066433477,40,1618
1790159416.800885635,localhost,C6,1791570288,266550114652144,40,1618
1790159416.800885635,localhost,POLL,3444096,125869212,40,1618
1790159416.803063219,localhost,C1,81903345,33314365123,40,1636
1790159416.803063219,localhost,C1E,1208932407,272066433718,40,1636
1790159416.803063219,localhost,C6,1791570295,266550114654112,40,1636
1790159416.803063219,localhost,POLL,3444096,125869212,40,1636
1790159416.804280040,localhost,C1,81903345,33314365139,40,1751
1790159416.804280040,localhost,C1E,1208932428,272066436246,40,1751
1790159416.804280040,localhost,C6,1791570324,266550115631201,40,1751
1790159416.804280040,localhost,POLL,3444096,125869212,40,1751
1790159417.865611852,localhost,C1,81903525,33314368992,40,1873
1790159417.865611852,localhost,C1E,1208938642,272067759387,40,1873
1790159417.865611852,localhost,C6,1791574637,266550150619279,40,1873
1790159417.865611852,localhost,POLL,3444110,125869700,40,1873
1790159417.867210082,localhost,C1,81903524,33314368992,40,1864
1790159417.867210082,localhost,C1E,1208938638,272067758667,40,1864
1790159417.867210082,localhost,C6,1791574626,266550150613815,40,1864
1790159417.867210082,localhost,POLL,3444110,125869700,40,1864
1790159417.869174209,localhost,C1,81903525,33314369037,40,1827
1790159417.869174209,localhost,C1E,1208938653,272067766879,40,1827
1790159417.869174209,localhost,C6,1791574672,266550151464813,40,1827
1790159417.869174209,localhost,POLL,3444110,125869700,40,1827
1790159418.931872188,localhost,C1,81904530,33314479573,40,1842
1790159418.931872188,localhost,C1E,1208952858,272070784511,40,1842
1790159418.931872188,localhost,C6,1791588053,266550203413466,40,1842
1790159418.931872188,localhost,POLL,3444133,125870257,40,1842
1790159418.935609584,localhost,C1,81904530,33314479573,40,1889
1790159418.935609584,localhost,C1E,1208952852,272070786877,40,1889
1790159418.935609584,localhost,C6,1791588046,266550203432533,40,1889
1790159418.935609584,localhost,POLL,3444133,125870257,40,1889
1790159418.935426694,localhost,C1,81904533,33314480640,40,1836
1790159418.935426694,localhost,C1E,1208952898,272070790597,40,1836
1790159418.935426694,localhost,C6,1791588093,266550203443414,40,1836
1790159418.935426694,localhost,POLL,3444133,125870257,40,1836
1790159420.002246087,localhost,C1,81907154,33314763899,40,1807
1790159420.002246087,localhost,C1E,1208974739,272074440785,40,1807
1790159420.002246087,localhost,C6,1791604248,266550238531016,40,1807
1790159420.002246087,localhost,POLL,3444180,125871555,40,1807
1790159420.003217135,localhost,C1,81907162,33314763921,40,1911
1790159420.003217135,localhost,C1E,1208974811,272074456134,40,1911
1790159420.003217135,localhost,C6,1791604306,266550238630833,40,1911
1790159420.003217135,localhost,POLL,3444180,125871555,40,1911
1790159420.002018641,localhost,C1,81907163,33314764503,40,1943
1790159420.002018641,localhost,C1E,1208974827,272074460194,40,1943
1790159420.002018641,localhost,C6,1791604309,266550238646573,40,1943
1790159420.002018641,localhost,POLL,3444180,125871555,40,1943
1790159421.059224876,localhost,C1,81910113,33315063080,40,1890
1790159421.059224876,localhost,C1E,1208998123,272078132035,40,1890
1790159421.059224876,localhost,C6,1791619056,266550274416340,40,1890
1790159421.059224876,localhost,POLL,3444222,125872706,40,1890
1790159421.063133047,localhost,C1,81910120,33315063312,40,1853
1790159421.063133047,localhost,C1E,1208998190,272078137167,40,1853
1790159421.063133047,localhost,C6,1791619093,266550274435493,40,1853
1790159421.063133047,localhost,POLL,3444223,125872706,40,1853
1790159421.064902942,localhost,C1,81910123,33315064291,40,1812
1790159421.064902942,localhost,C1E,1208998275,272078160720,40,1812
1790159421.064902942,localhost,C6,1791619154,266550274600735,40,1812
1790159421.064902942,localhost,POLL,3444224,125872706,40,1812
1790159422.118712969,localhost,C1,81912008,33315241060,40,1865
1790159422.118712969,localhost,C1E,1209019772,272082966774,40,1865
1790159422.118712969,localhost,C6,1791640767,266550312948571,40,1865
1790159422.118712969,localhost,POLL,3444259,125873644,40,1865
1790159422.120683966,localhost,C1,81912015,33315241966,40,1891
1790159422.120683966,localhost,C1E,1209019859,272082978414,40,1891
1790159422.120683966,localhost,C6,1791640826,266550313667478,40,1891
1790159422.120683966,localhost,POLL,3444259,125873644,40,1891
1790159422.125709530,localhost,C1,81912031,33315242770,40,1875
1790159422.125709530,localhost,C1E,1209020059,272083003565,40,1875
1790159422.125709530,localhost,C6,1791640922,266550313795384,40,1875
1790159422.125709530,localhost,POLL,3444260,125873644,40,1875
1790159423.178406079,localhost,C1,81914064,33315440599,40,1745
1790159423.178406079,localhost,C1E,1209040006,272087048699,40,1745
1790159423.178406079,localhost,C6,1791664046,266550351398606,40,1745
1790159423.178406079,localhost,POLL,3444310,125874824,40,1745
1790159423.177558335,localhost,C1,81914064,33315441550,40,1756
1790159423.177558335,localhost,C1E,1209040065,272087065296,40,1756
1790159423.177558335,localhost,C6,1791664095,266550351465594,40,1756
1790159423.177558335,localhost,POLL,3444310,125874824,40,1756
1790159423.184724960,localhost,C1,81914068,33315441597,40,1769
1790159423.184724960,localhost,C1E,1209040127,272087074651,40,1769
1790159423.184724960,localhost,C6,1791664151,266550351493387,40,1769
1790159423.184724960,localhost,POLL,3444310,125874824,40,1769
1790159424.245177209,localhost,C1,81916497,33315698150,40,1712
1790159424.245177209,localhost,C1E,1209062316,272090973813,40,1712
1790159424.245177209,localhost,C6,1791680037,266550387916706,40,1712
1790159424.245177209,localhost,POLL,3444353,125875948,40,1712
1790159424.241641784,localhost,C1,81916502,33315699967,40,1769
1790159424.241641784,localhost,C1E,1209062365,272090980628,40,1769
1790159424.241641784,localhost,C6,1791680050,266550388623564,40,1769
1790159424.241641784,localhost,POLL,3444353,125875948,40,1769
1790159424.248764130,localhost,C1,81916503,33315700528,40,1789
1790159424.248764130,localhost,C1E,1209062423,272090988752,40,1789
1790159424.248764130,localhost,C6,1791680071,266550388647792,40,1789
1790159424.248764130,localhost,POLL,3444353,125875948,40,1789
1790159425.305464265,localhost,C1,81918687,33315920200,40,1815
1790159425.305464265,localhost,C1E,1209084392,272094590953,40,1815
1790159425.305464265,localhost,C6,1791693559,266550425826041,40,1815
1790159425.305464265,localhost,POLL,3444394,125877236,40,1815
1790159425.305265905,localhost,C1,81918688,33315920898,40,1704
1790159425.305265905,localhost,C1E,1209084405,272094597388,40,1704
1790159425.305265905,localhost,C6,1791693566,266550425881139,40,1704
1790159425.305265905,localhost,POLL,3444395,125877236,40,1704
1790159425.304366407,localhost,C1,81918688,33315920898,40,1762
1790159425.304366407,localhost,C1E,1209084407,272094599521,40,1762
1790159425.304366407,localhost,C6,1791693565,266550425891829,40,1762
1790159425.304366407,localhost,POLL,3444395,125877236,40,1762
1790159426.367059043,localhost,C1,81920019,33316065163,40,1880
1790159426.367059043,localhost,C1E,1209103522,272098004037,40,1880
1790159426.367059043,localhost,C6,1791705388,266550462477937,40,1880
1790159426.367059043,localhost,POLL,3444426,125878208,40,1880
1790159426.371675928,localhost,C1,81920032,33316065716,40,1853
1790159426.371675928,localhost,C1E,1209103614,272098014832,40,1853
1790159426.371675928,localhost,C6,1791705503,266550462845244,40,1853
1790159426.371675928,localhost,POLL,3444426,125878208,40,1853
1790159426.368321671,localhost,C1,81920023,33316065163,40,1901
1790159426.368321671,localhost,C1E,1209103546,272098002692,40,1901
1790159426.368321671,localhost,C6,1791705430,266550462464228,40,1901
1790159426.368321671,localhost,POLL,3444426,125878208,40,1901
1790159427.428457587,localhost,C1,81921937,33316287630,40,1889
1790159427.428457587,localhost,C1E,1209124062,272102524157,40,1889
1790159427.428457587,localhost,C6,1791727357,266550499464652,40,1889
1790159427.428457587,localhost,POLL,3444466,125879201,40,1889
1790159427.429365196,localhost,C1,81921940,33316288907,40,1982
1790159427.429365196,localhost,C1E,1209124101,272102529503,40,1982
1790159427.429365196,localhost,C6,1791727391,266550499480029,40,1982
1790159427.429365196,localhost,POLL,3444466,125879201,40,1982
1790159427.429040018,localhost,C1,81921941,33316289386,40,1991
1790159427.429040018,localhost,C1E,1209124136,272102535517,40,1991
1790159427.429040018,localhost,C6,1791727424,266550499530756,40,1991
1790159427.429040018,localhost,POLL,3444466,125879201,40,1991
1790159428.485226644,localhost,C1,81922808,33316359510,40,1760
1790159428.485226644,localhost,C1E,1209136011,272104742355,40,1760
1790159428.485226644,localhost,C6,1791734043,266550533606126,40,1760
1790159428.485226644,localhost,POLL,3444493,125880044,40,1760
1790159428.491483775,localhost,C1,81922809,33316359510,40,1790
1790159428.491483775,localhost,C1E,1209136047,272104753739,40,1790
1790159428.491483775,localhost,C6,1791734073,266550534023986,40,1790
1790159428.491483775,localhost,POLL,3444493,125880044,40,1790
1790159428.489331086,localhost,C1,81922809,33316359510,40,1790
1790159428.489331086,localhost,C1E,1209136042,272104753492,40,1790
1790159428.489331086,localhost,C6,1791734071,266550534022989,40,1790
1790159428.489331086,localhost,POLL,3444493,125880044,40,1790
1790159429.551042718,localhost,C1,81922930,33316370144,40,1994
1790159429.551042718,localhost,C1E,1209142346,272106082449,40,1994
1790159429.551042718,localhost,C6,1791738475,266550565709983,40,1994
1790159429.551042718,localhost,POLL,3444504,125880383,40,1994
1790159429.556513067,localhost,C1,81922930,33316370144,40,2087
1790159429.556513067,localhost,C1E,1209142364,272106086741,40,2087
1790159429.556513067,localhost,C6,1791738513,266550565732445,40,2087
1790159429.556513067,localhost,POLL,3444504,125880383,40,2087
1790159429.556665815,localhost,C1,81922930,33316370144,40,2091
1790159429.556665815,localhost,C1E,1209142386,272106094219,40,2091
1790159429.556665815,localhost,C6,1791738542,266550565765484,40,2091
1790159429.556665815,localhost,POLL,3444504,125880383,40,2091
1790159430.617858199,localhost,C1,81923440,33316419612,40,1823
1790159430.617858199,localhost,C1E,1209155018,272108996570,40,1823
1790159430.617858199,localhost,C6,1791751615,266550621712699,40,1823
1790159430.617858199,localhost,POLL,3444528,125881255,40,1823
1790159430.615820371,localhost,C1,81923437,33316419612,40,1795
1790159430.615820371,localhost,C1E,1209154998,272108995573,40,1795
1790159430.615820371,localhost,C6,1791751593,266550621712557,40,1795
1790159430.615820371,localhost,POLL,3444527,125881255,40,1795
1790159430.620970084,localhost,C1,81923442,33316419625,40,1814
1790159430.620970084,localhost,C1E,1209155077,272109005106,40,1814
1790159430.620970084,localhost,C6,1791751670,266550621812382,40,1814
1790159430.620970084,localhost,POLL,3444528,125881255,40,1814
1790159431.677532618,localhost,C1,81923934,33316460491,40,1936
1790159431.677532618,localhost,C1E,1209168673,272112078137,40,1936
1790159431.677532618,localhost,C6,1791771933,266550652553617,40,1936
1790159431.677532618,localhost,POLL,3444559,125882288,40,1936
1790159431.678340677,localhost,C1,81923934,33316460491,40,1890
1790159431.678340677,localhost,C1E,1209168700,272112082420,40,1890
1790159431.678340677,localhost,C6,1791771959,266550652619055,40,1890
1790159431.678340677,localhost,POLL,3444559,125882288,40,1890
1790159431.681454235,localhost,C1,81923939,33316460524,40,1922
1790159431.681454235,localhost,C1E,1209168754,272112085531,40,1922
1790159431.681454235,localhost,C6,1791772008,266550652635038,40,1922
1790159431.681454235,localhost,POLL,3444559,125882288,40,1922
1790159432.741708451,localhost,C1,81924715,33316528098,40,1904
1790159432.741708451,localhost,C1E,1209187014,272115559410,40,1904
1790159432.741708451,localhost,C6,1791781873,266550691234223,40,1904
1790159432.741708451,localhost,POLL,3444589,125883242,40,1904
1790159432.741949462,localhost,C1,81924716,33316528098,40,1966
1790159432.741949462,localhost,C1E,1209187033,272115565213,40,1966
1790159432.741949462,localhost,C6,1791781892,266550691277967,40,1966
1790159432.741949462,localhost,POLL,3444589,125883242,40,1966
1790159432.746478420,localhost,C1,81924717,33316528098,40,1905
1790159432.746478420,localhost,C1E,1209187057,272115570085,40,1905
1790159432.746478420,localhost,C6,1791781917,266550691301967,40,1905
1790159432.746478420,localhost,POLL,3444589,125883242,40,1905
1790159433.805121106,localhost,C1,81925535,33316613481,40,1797
1790159433.805121106,localhost,C1E,1209205881,272119079041,40,1797
1790159433.805121106,localhost,C6,1791792222,266550732119226,40,1797
1790159433.805121106,localhost,POLL,3444616,125884114,40,1797
1790159433.802102806,localhost,C1,81925534,33316613388,40,1754
1790159433.802102806,localhost,C1E,1209205834,272119074847,40,1754
1790159433.802102806,localhost,C6,1791792171,266550732113755,40,1754
1790159433.802102806,localhost,POLL,3444616,125884086,40,1754
1790159433.807101897,localhost,C1,81925545,33316613533,40,1866
1790159433.807101897,localhost,C1E,1209205925,272119090612,40,1866
1790159433.807101897,localhost,C6,1791792277,266550732673542,40,1866
1790159433.807101897,localhost,POLL,3444616,125884152,40,1866
1790159434.860066853,localhost,C1,81926311,33316692907,40,1806
1790159434.860066853,localhost,C1E,1209222540,272122328994,40,1806
1790159434.860066853,localhost,C6,1791803687,266550771099375,40,1806
1790159434.860066853,localhost,POLL,3444649,125885101,40,1806
1790159434.859992345,localhost,C1,81926311,33316692823,40,1806
1790159434.859992345,localhost,C1E,1209222536,272122325278,40,1806
1790159434.859992345,localhost,C6,1791803679,266550771091941,40,1806
1790159434.859992345,localhost,POLL,3444649,125885101,40,1806
1790159434.865795264,localhost,C1,81926312,33316692946,40,1798
1790159434.865795264,localhost,C1E,1209222598,272122335474,40,1798
1790159434.865795264,localhost,C6,1791803744,266550771138508,40,1798
1790159434.865795264,localhost,POLL,3444649,125885101,40,1798
1790159435.920339429,localhost,C1,81927209,33316796986,40,1779
1790159435.920339429,localhost,C1E,1209240980,272125748787,40,1779
1790159435.920339429,localhost,C6,1791814130,266550802389885,40,1779
1790159435.920339429,localhost,POLL,3444681,125886199,40,1779
1790159435.920092275,localhost,C1,81927209,33316796986,40,1754
1790159435.920092275,localhost,C1E,1209240960,272125749029,40,1754
1790159435.920092275,localhost,C6,1791814121,266550802392911,40,1754
1790159435.920092275,localhost,POLL,3444681,125886199,40,1754
1790159435.921387820,localhost,C1,81927213,33316798956,40,1858
1790159435.921387820,localhost,C1E,1209241019,272125756226,40,1858
1790159435.921387820,localhost,C6,1791814161,266550802417664,40,1858
1790159435.921387820,localhost,POLL,3444681,125886199,40,1858
1790159436.978874291,localhost,C1,81928300,33316905419,40,1760
1790159436.978874291,localhost,C1E,1209260453,272129370686,40,1760
1790159436.978874291,localhost,C6,1791824201,266550841063034,40,1760
1790159436.978874291,localhost,POLL,3444707,125887323,40,1760
1790159436.978737927,localhost,C1,81928300,33316905419,40,1718
1790159436.978737927,localhost,C1E,1209260482,272129376974,40,1718
1790159436.978737927,localhost,C6,1791824236,266550841074781,40,1718
1790159436.978737927,localhost,POLL,3444707,125887323,40,1718
1790159436.982755967,localhost,C1,81928305,33316905469,40,1761
1790159436.982755967,localhost,C1E,1209260525,272129389946,40,1761
1790159436.982755967,localhost,C6,1791824298,266550841126200,40,1761
1790159436.982755967,localhost,POLL,3444708,125887323,40,1761
1790159438.037417837,localhost,C1,81929716,33317052103,40,1830
1790159438.037417837,localhost,C1E,1209281973,272133149049,40,1830
1790159438.037417837,localhost,C6,1791833883,266550877050659,40,1830
1790159438.037417837,localhost,POLL,3444759,125888742,40,1830
1790159438.035691359,localhost,C1,81929718,33317052103,40,1802
1790159438.035691359,localhost,C1E,1209281988,272133153630,40,1802
1790159438.035691359,localhost,C6,1791833902,266550877064735,40,1802
1790159438.035691359,localhost,POLL,3444759,125888742,40,1802
1790159438.042095959,localhost,C1,81929726,33317052234,40,1778
1790159438.042095959,localhost,C1E,1209282149,272133176364,40,1778
1790159438.042095959,localhost,C6,1791833991,266550877572270,40,1778
1790159438.042095959,localhost,POLL,3444759,125888742,40,1778
1790159439.092863022,localhost,C1,81930652,33317155528,40,1759
1790159439.092863022,localhost,C1E,1209300849,272136661574,40,1759
1790159439.092863022,localhost,C6,1791846083,266550920319304,40,1759
1790159439.092863022,localhost,POLL,3444790,125889689,40,1759
1790159439.101585397,localhost,C1,81930658,33317156069,40,1741
1790159439.101585397,localhost,C1E,1209300952,272136669768,40,1741
1790159439.101585397,localhost,C6,1791846129,266550920337560,40,1741
1790159439.101585397,localhost,POLL,3444790,125889689,40,1741
1790159439.097012084,localhost,C1,81930647,33317156015,40,1705
1790159439.097012084,localhost,C1E,1209300844,272136667755,40,1705
1790159439.097012084,localhost,C6,1791846071,266550920336564,40,1705
1790159439.097012084,localhost,POLL,3444790,125889689,40,1705
1790159440.154031693,localhost,C1,81931599,33317258555,40,1704
1790159440.154031693,localhost,C1E,1209319421,272140085537,40,1704
1790159440.154031693,localhost,C6,1791856666,266550955048913,40,1704
1790159440.154031693,localhost,POLL,3444825,125890987,40,1704
1790159440.157344790,localhost,C1,81931631,33317260098,40,1660
1790159440.157344790,localhost,C1E,1209319632,272140123070,40,1660
1790159440.157344790,localhost,C6,1791856746,266550955181720,40,1660
1790159440.157344790,localhost,POLL,3444826,125891055,40,1660
1790159440.157654651,localhost,C1,81931628,33317260098,40,1724
1790159440.157654651,localhost,C1E,1209319619,272140120233,40,1724
1790159440.157654651,localhost,C6,1791856740,266550955176511,40,1724
1790159440.157654651,localhost,POLL,3444826,125891055,40,1724
1790159441.210674579,localhost,C1,81932759,33317388418,40,1670
1790159441.210674579,localhost,C1E,1209339370,272143661264,40,1670
1790159441.210674579,localhost,C6,1791868298,266550991178946,40,1670
1790159441.210674579,localhost,POLL,3444856,125891829,40,1670
1790159441.221583978,localhost,C1,81932769,33317389254,40,1766
1790159441.221583978,localhost,C1E,1209339698,272143708918,40,1766
1790159441.221583978,localhost,C6,1791868479,266550992424119,40,1766
1790159441.221583978,localhost,POLL,3444856,125891829,40,1766
1790159441.221149427,localhost,C1,81932769,33317389454,40,1811
1790159441.221149427,localhost,C1E,1209339707,272143713345,40,1811
1790159441.221149427,localhost,C6,1791868489,266550992485977,40,1811
1790159441.221149427,localhost,POLL,3444856,125891829,40,1811
1790159442.271465631,localhost,C1,81933681,33317486678,40,1733
1790159442.271465631,localhost,C1E,1209359260,272147320240,40,1733
1790159442.271465631,localhost,C6,1791879072,266551030561031,40,1733
1790159442.271465631,localhost,POLL,3444901,125893013,40,1733
1790159442.279216221,localhost,C1,81933685,33317486750,40,1756
1790159442.279216221,localhost,C1E,1209359384,272147345821,40,1756
1790159442.279216221,localhost,C6,1791879168,266551030644993,40,1756
1790159442.279216221,localhost,POLL,3444901,125893013,40,1756
1790159442.283734813,localhost,C1,81933688,33317487690,40,1896
1790159442.283734813,localhost,C1E,1209359462,272147367695,40,1896
1790159442.283734813,localhost,C6,1791879230,266551031061122,40,1896
1790159442.283734813,localhost,POLL,3444901,125893013,40,1896
1790159443.335041384,localhost,C1,81934199,33317533048,40,1468
1790159443.335041384,localhost,C1E,1209369457,272149322418,40,1468
1790159443.335041384,localhost,C6,1791885357,266551066108427,40,1468
1790159443.335041384,localhost,POLL,3444934,125894053,40,1468
1790159443.330443412,localhost,C1,81934199,33317533048,40,1486
1790159443.330443412,localhost,C1E,1209369442,272149319653,40,1486
1790159443.330443412,localhost,C6,1791885332,266551066089365,40,1486
1790159443.330443412,localhost,POLL,3444934,125894053,40,1486
1790159443.339175542,localhost,C1,81934202,33317533093,40,1636
1790159443.339175542,localhost,C1E,1209369505,272149333173,40,1636
1790159443.339175542,localhost,C6,1791885413,266551067296394,40,1636
1790159443.339175542,localhost,POLL,3444934,125894053,40,1636
1790159444.397993028,localhost,C1,81934303,33317548806,40,1533
1790159444.397993028,localhost,C1E,1209375713,272150651236,40,1533
1790159444.397993028,localhost,C6,1791890117,266551102238899,40,1533
1790159444.397993028,localhost,POLL,3444947,125894550,40,1533
1790159444.397853165,localhost,C1,81934303,33317548806,40,1571
1790159444.397853165,localhost,C1E,1209375718,272150651939,40,1571
1790159444.397853165,localhost,C6,1791890123,266551102241828,40,1571
1790159444.397853165,localhost,POLL,3444947,125894550,40,1571
1790159444.403198707,localhost,C1,81934303,33317548806,40,1622
1790159444.403198707,localhost,C1E,1209375751,272150660486,40,1622
1790159444.403198707,localhost,C6,1791890166,266551102318538,40,1622
1790159444.403198707,localhost,POLL,3444947,125894550,40,1622
1790159445.464754623,localhost,C1,81934409,33317559099,40,1680
1790159445.464754623,localhost,C1E,1209382099,272151985723,40,1680
1790159445.464754623,localhost,C6,1791894750,266551135716671,40,1680
1790159445.464754623,localhost,POLL,3444964,125895307,40,1680
1790159445.468549427,localhost,C1,81934409,33317559099,40,1670
1790159445.468549427,localhost,C1E,1209382122,272151989386,40,1670
1790159445.468549427,localhost,C6,1791894770,266551135773418,40,1670
1790159445.468549427,localhost,POLL,3444965,125895307,40,1670
1790159445.466491557,localhost,C1,81934409,33317559099,40,1679
1790159445.466491557,localhost,C1E,1209382120,272151989386,40,1679
1790159445.466491557,localhost,C6,1791894768,266551135773418,40,1679
1790159445.466491557,localhost,POLL,3444965,125895307,40,1679
1790159446.530739643,localhost,C1,81934683,33317578351,40,1717
1790159446.530739643,localhost,C1E,1209391546,272154203722,40,1717
1790159446.530739643,localhost,C6,1791905666,266551183722013,40,1717
1790159446.530739643,localhost,POLL,3444992,125896047,40,1717
1790159446.532582674,localhost,C1,81934683,33317578351,40,1720
1790159446.532582674,localhost,C1E,1209391544,272154207373,40,1720
1790159446.532582674,localhost,C6,1791905665,266551183732627,40,1720
1790159446.532582674,localhost,POLL,3444992,125896047,40,1720
1790159446.533405849,localhost,C1,81934685,33317578370,40,1735
1790159446.533405849,localhost,C1E,1209391591,272154216655,40,1735
1790159446.533405849,localhost,C6,1791905724,266551183798011,40,1735
1790159446.533405849,localhost,POLL,3444992,125896047,40,1735
1790159447.596050009,localhost,C1,81935052,33317605393,40,1881
1790159447.596050009,localhost,C1E,1209403397,272156959458,40,1881
1790159447.596050009,localhost,C6,1791917197,266551232483575,40,1881
1790159447.596050009,localhost,POLL,3445015,125896731,40,1881
1790159447.597187837,localhost,C1,81935056,33317605423,40,1963
1790159447.597187837,localhost,C1E,1209403458,272156977029,40,1963
1790159447.597187837,localhost,C6,1791917277,266551232747631,40,1963
1790159447.597187837,localhost,POLL,3445015,125896731,40,1963
1790159447.598895389,localhost,C1,81935056,33317605423,40,1942
1790159447.598895389,localhost,C1E,1209403458,272156979293,40,1942
1790159447.598895389,localhost,C6,1791917274,266551232751464,40,1942
1790159447.598895389,localhost,POLL,3445015,125896731,40,1942
1790159448.659798022,localhost,C1,81935455,33317637830,40,1805
1790159448.659798022,localhost,C1E,1209415998,272159689609,40,1805
1790159448.659798022,localhost,C6,1791929104,266551269032036,40,1805
1790159448.659798022,localhost,POLL,3445034,125897431,40,1805
1790159448.664416607,localhost,C1,81935455,33317638613,40,1872
1790159448.664416607,localhost,C1E,1209416039,272159706087,40,1872
1790159448.664416607,localhost,C6,1791929164,266551269131894,40,1872
1790159448.664416607,localhost,POLL,3445034,125897431,40,1872
1790159448.665595138,localhost,C1,81935456,33317638613,40,1878
1790159448.665595138,localhost,C1E,1209416081,272159712312,40,1878
1790159448.665595138,localhost,C6,1791929211,266551269151737,40,1878
1790159448.665595138,localhost,POLL,3445034,125897431,40,1878
1790159449.717335360,localhost,C1,81935879,33317680583,40,1832
1790159449.717335360,localhost,C1E,1209427893,272162481971,40,1832
1790159449.717335360,localhost,C6,1791942098,266551309010306,40,1832
1790159449.717335360,localhost,POLL,3445064,125898437,40,1832
1790159449.722369805,localhost,C1,81935879,33317680583,40,1850
1790159449.722369805,localhost,C1E,1209427945,272162487082,40,1850
1790159449.722369805,localhost,C6,1791942218,266551309389444,40,1850
1790159449.722369805,localhost,POLL,3445064,125898437,40,1850
1790159449.725487545,localhost,C1,81935881,33317680607,40,1634
1790159449.725487545,localhost,C1E,1209427995,272162508701,40,1634
1790159449.725487545,localhost,C6,1791942297,266551310089396,40,1634
1790159449.725487545,localhost,POLL,3445064,125898437,40,1634
1790159450.781503697,localhost,C1,81936205,33317703100,40,1699
1790159450.781503697,localhost,C1E,1209439934,272165300871,40,1699
1790159450.781503697,localhost,C6,1791954771,266551349602208,40,1699
1790159450.781503697,localhost,POLL,3445085,125899097,40,1699
1790159450.785437063,localhost,C1,81936205,33317703100,40,1707
1790159450.785437063,localhost,C1E,1209439925,272165299460,40,1707
1790159450.785437063,localhost,C6,1791954756,266551349596664,40,1707
1790159450.785437063,localhost,POLL,3445085,125899097,40,1707
1790159450.793735217,localhost,C1,81936208,33317703132,40,1588
1790159450.793735217,localhost,C1E,1209440018,272165318217,40,1588
1790159450.793735217,localhost,C6,1791954912,266551350132718,40,1588
1790159450.793735217,localhost,POLL,3445085,125899097,40,1588
1790159451.850076264,localhost,C1,81936564,33317728448,40,1806
1790159451.850076264,localhost,C1E,1209452832,272168184376,40,1806
1790159451.850076264,localhost,C6,1791966207,266551383338622,40,1806
1790159451.850076264,localhost,POLL,3445114,125900173,40,1806
1790159451.849796264,localhost,C1,81936564,33317728422,40,1758
1790159451.849796264,localhost,C1E,1209452828,272168182786,40,1758
1790159451.849796264,localhost,C6,1791966206,266551383317319,40,1758
1790159451.849796264,localhost,POLL,3445114,125900139,40,1758
1790159451.856187429,localhost,C1,81936564,33317728448,40,1812
1790159451.856187429,localhost,C1E,1209452877,272168188032,40,1812
1790159451.856187429,localhost,C6,1791966244,266551383363478,40,1812
1790159451.856187429,localhost,POLL,3445115,125900173,40,1812
1790159452.909120540,localhost,C1,81936994,33317765359,40,1926
1790159452.909120540,localhost,C1E,1209465759,272171061238,40,1926
1790159452.909120540,localhost,C6,1791977467,266551419611888,40,1926
1790159452.909120540,localhost,POLL,3445143,125900942,40,1926
1790159452.908499470,localhost,C1,81936994,33317765848,40,1937
1790159452.908499470,localhost,C1E,1209465762,272171063050,40,1937
1790159452.908499470,localhost,C6,1791977476,266551419619472,40,1937
1790159452.908499470,localhost,POLL,3445143,125900942,40,1937
1790159452.914343528,localhost,C1,81936996,33317767652,40,1915
1790159452.914343528,localhost,C1E,1209465829,272171093315,40,1915
1790159452.914343528,localhost,C6,1791977582,266551419965720,40,1915
1790159452.914343528,localhost,POLL,3445143,125900942,40,1915
1790159453.969666228,localhost,C1,81937517,33317802683,40,1822
1790159453.969666228,localhost,C1E,1209478873,272173875648,40,1822
1790159453.969666228,localhost,C6,1791987666,266551451954868,40,1822
1790159453.969666228,localhost,POLL,3445167,125901709,40,1822
1790159453.969879241,localhost,C1,81937517,33317803749,40,1788
1790159453.969879241,localhost,C1E,1209478882,272173879556,40,1788
1790159453.969879241,localhost,C6,1791987687,266551452117114,40,1788
1790159453.969879241,localhost,POLL,3445167,125901709,40,1788
1790159453.976510953,localhost,C1,81937518,33317803749,40,1794
1790159453.976510953,localhost,C1E,1209478891,272173883313,40,1794
1790159453.976510953,localhost,C6,1791987715,266551452127294,40,1794
1790159453.976510953,localhost,POLL,3445167,125901709,40,1794
1790159455.030328372,localhost,C1,81937922,33317836120,40,1593
1790159455.030328372,localhost,C1E,1209491003,272176670392,40,1593
1790159455.030328372,localhost,C6,1791999527,266551499499388,40,1593
1790159455.030328372,localhost,POLL,3445204,125902794,40,1593
1790159455.036612653,localhost,C1,81937926,33317836120,40,1682
1790159455.036612653,localhost,C1E,1209491055,272176681591,40,1682
1790159455.036612653,localhost,C6,1791999594,266551500028539,40,1682
1790159455.036612653,localhost,POLL,3445204,125902794,40,1682
1790159455.035325599,localhost,C1,81937927,33317836188,40,1600
1790159455.035325599,localhost,C1E,1209491122,272176702741,40,1600
1790159455.035325599,localhost,C6,1791999669,266551500565243,40,1600
1790159455.035325599,localhost,POLL,3445204,125902794,40,1600
1790159456.087744800,localhost,C1,81938241,33317858060,40,2006
1790159456.087744800,localhost,C1E,1209502957,272179449889,40,2006
1790159456.087744800,localhost,C6,1792012117,266551538872555,40,2006
1790159456.087744800,localhost,POLL,3445221,125903412,40,2006
1790159456.092386600,localhost,C1,81938241,33317858060,40,2035
1790159456.092386600,localhost,C1E,1209503012,272179456373,40,2035
1790159456.092386600,localhost,C6,1792012186,266551538896815,40,2035
1790159456.092386600,localhost,POLL,3445221,125903412,40,2035
1790159456.098074265,localhost,C1,81938243,33317858112,40,1970
1790159456.098074265,localhost,C1E,1209503072,272179468150,40,1970
1790159456.098074265,localhost,C6,1792012250,266551539383011,40,1970
1790159456.098074265,localhost,POLL,3445221,125903412,40,1970
1790159457.148239474,localhost,C1,81938591,33317882172,40,1952
1790159457.148239474,localhost,C1E,1209515667,272182468123,40,1952
1790159457.148239474,localhost,C6,1792025964,266551577513369,40,1952
1790159457.148239474,localhost,POLL,3445245,125904067,40,1952
1790159457.153136264,localhost,C1,81938592,33317882236,40,2048
1790159457.153136264,localhost,C1E,1209515753,272182494939,40,2048
1790159457.153136264,localhost,C6,1792026136,266551578082212,40,2048
1790159457.153136264,localhost,POLL,3445245,125904081,40,2048
1790159457.153601191,localhost,C1,81938592,33317882236,40,2018
1790159457.153601191,localhost,C1E,1209515751,272182499821,40,2018
1790159457.153601191,localhost,C6,1792026134,266551578133591,40,2018
1790159457.153601191,localhost,POLL,3445245,125904081,40,2018
1790159458.211346119,localhost,C1,81939002,33317912902,40,1869
1790159458.211346119,localhost,C1E,1209529216,272185549440,40,1869
1790159458.211346119,localhost,C6,1792039064,266551618144733,40,1869
1790159458.211346119,localhost,POLL,3445267,125904781,40,1869
1790159458.216052158,localhost,C1,81939003,33317912943,40,1928
1790159458.216052158,localhost,C1E,1209529302,272185574170,40,1928
1790159458.216052158,localhost,C6,1792039174,266551618356623,40,1928
1790159458.216052158,localhost,POLL,3445267,125904781,40,1928
1790159458.215312841,localhost,C1,81939003,33317912922,40,1769
1790159458.215312841,localhost,C1E,1209529275,272185572009,40,1769
1790159458.215312841,localhost,C6,1792039144,266551618349478,40,1769
1790159458.215312841,localhost,POLL,3445267,125904781,40,1769
1790159459.267794194,localhost,C1,81939564,33317968600,40,1708
1790159459.267794194,localhost,C1E,1209544431,272188434693,40,1708
1790159459.267794194,localhost,C6,1792050493,266551652426607,40,1708
1790159459.267794194,localhost,POLL,3445297,125905747,40,1708
1790159459.277864330,localhost,C1,81939569,33317970673,40,1725
1790159459.277864330,localhost,C1E,1209544569,272188466733,40,1725
1790159459.277864330,localhost,C6,1792050685,266551653232228,40,1725
1790159459.277864330,localhost,POLL,3445298,125905816,40,1725
1790159459.276744403,localhost,C1,81939569,33317971565,40,1728
1790159459.276744403,localhost,C1E,1209544572,272188469452,40,1728
1790159459.276744403,localhost,C6,1792050692,266551653299655,40,1728
1790159459.276744403,localhost,POLL,3445298,125905816,40,1728
1790159460.325300343,localhost,C1,81939905,33317987742,40,1864
1790159460.325300343,localhost,C1E,1209557100,272191340798,40,1864
1790159460.325300343,localhost,C6,1792063437,266551690870936,40,1864
1790159460.325300343,localhost,POLL,3445317,125906455,40,1864
1790159460.334136778,localhost,C1,81939907,33317987742,40,1857
1790159460.334136778,localhost,C1E,1209557159,272191346495,40,1857
1790159460.334136778,localhost,C6,1792063534,266551691035719,40,1857
1790159460.334136778,localhost,POLL,3445317,125906455,40,1857
1790159460.337234637,localhost,C1,81939907,33317987853,40,1895
1790159460.337234637,localhost,C1E,1209557263,272191377306,40,1895
1790159460.337234637,localhost,C6,1792063692,266551691186351,40,1895
1790159460.337234637,localhost,POLL,3445318,125906506,40,1895
1790159461.395013202,localhost,C1,81940324,33318012500,40,1833
1790159461.395013202,localhost,C1E,1209572528,272194734870,40,1833
1790159461.395013202,localhost,C6,1792074407,266551728369886,40,1833
1790159461.395013202,localhost,POLL,3445351,125907554,40,1833
1790159461.390686380,localhost,C1,81940324,33318012309,40,1829
1790159461.390686380,localhost,C1E,1209572501,272194725859,40,1829
1790159461.390686380,localhost,C6,1792074327,266551727964409,40,1829
1790159461.390686380,localhost,POLL,3445351,125907554,40,1829
1790159461.398528641,localhost,C1,81940325,33318012569,40,1880
1790159461.398528641,localhost,C1E,1209572563,272194740629,40,1880
1790159461.398528641,localhost,C6,1792074465,266551728391032,40,1880
1790159461.398528641,localhost,POLL,3445351,125907554,40,1880
1790159462.457054404,localhost,C1,81940792,33318049440,40,1888
1790159462.457054404,localhost,C1E,1209586922,272197864167,40,1888
1790159462.457054404,localhost,C6,1792087013,266551765906110,40,1888
1790159462.457054404,localhost,POLL,3445374,125908340,40,1888
1790159462.457234274,localhost,C1,81940792,33318049440,40,1917
1790159462.457234274,localhost,C1E,1209586918,272197866276,40,1917
1790159462.457234274,localhost,C6,1792087008,266551765931050,40,1917
1790159462.457234274,localhost,POLL,3445374,125908340,40,1917
1790159462.459667245,localhost,C1,81940795,33318049440,40,1920
1790159462.459667245,localhost,C1E,1209586986,272197881902,40,1920
1790159462.459667245,localhost,C6,1792087076,266551766045867,40,1920
1790159462.459667245,localhost,POLL,3445374,125908340,40,1920
1790159463.515482803,localhost,C1,81941206,33318082168,40,1733
1790159463.515482803,localhost,C1E,1209600684,272200793416,40,1733
1790159463.515482803,localhost,C6,1792098394,266551805191776,40,1733
1790159463.515482803,localhost,POLL,3445389,125908761,40,1733
1790159463.518101702,localhost,C1,81941207,33318082187,40,1769
1790159463.518101702,localhost,C1E,1209600705,272200796226,40,1769
1790159463.518101702,localhost,C6,1792098432,266551805331752,40,1769
1790159463.518101702,localhost,POLL,3445389,125908761,40,1769
1790159463.521380139,localhost,C1,81941208,33318082206,40,1768
1790159463.521380139,localhost,C1E,1209600717,272200802127,40,1768
1790159463.521380139,localhost,C6,1792098455,266551805409831,40,1768
1790159463.521380139,localhost,POLL,3445389,125908761,40,1768
1790159464.583062421,localhost,C1,81941316,33318084651,40,1655
1790159464.583062421,localhost,C1E,1209606916,272202116521,40,1655
1790159464.583062421,localhost,C6,1792102916,266551837512478,40,1655
1790159464.583062421,localhost,POLL,3445399,125909074,40,1655
1790159464.579705318,localhost,C1,81941315,33318084651,40,1657
1790159464.579705318,localhost,C1E,1209606901,272202115152,40,1657
1790159464.579705318,localhost,C6,1792102889,266551837500914,40,1657
1790159464.579705318,localhost,POLL,3445399,125909074,40,1657
1790159464.584996001,localhost,C1,81941317,33318084651,40,1746
1790159464.584996001,localhost,C1E,1209606939,272202121313,40,1746
1790159464.584996001,localhost,C6,1792102953,266551837592411,40,1746
1790159464.584996001,localhost,POLL,3445399,125909074,40,1746
1790159465.648374457,localhost,C1,81941571,33318089771,40,1767
1790159465.648374457,localhost,C1E,1209613084,272203419051,40,1767
1790159465.648374457,localhost,C6,1792107570,266551872897455,40,1767
1790159465.648374457,localhost,POLL,3445414,125909604,40,1767
1790159465.646310097,localhost,C1,81941571,33318089771,40,1753
1790159465.646310097,localhost,C1E,1209613083,272203419199,40,1753
1790159465.646310097,localhost,C6,1792107570,266551872901155,40,1753
1790159465.646310097,localhost,POLL,3445414,125909604,40,1753
1790159465.652953056,localhost,C1,81941573,33318089791,40,1710
1790159465.652953056,localhost,C1E,1209613100,272203421239,40,1710
1790159465.652953056,localhost,C6,1792107614,266551872920717,40,1710
1790159465.652953056,localhost,POLL,3445414,125909604,40,1710
1790159466.713957421,localhost,C1,81941842,33318103387,40,1617
1790159466.713957421,localhost,C1E,1209619268,272204727693,40,1617
1790159466.713957421,localhost,C6,1792112049,266551931133948,40,1617
1790159466.713957421,localhost,POLL,3445437,125910350,40,1617
1790159466.718755241,localhost,C1,81941843,33318103387,40,1594
1790159466.718755241,localhost,C1E,1209619310,272204735486,40,1594
1790159466.718755241,localhost,C6,1792112114,266551931454050,40,1594
1790159466.718755241,localhost,POLL,3445437,125910350,40,1594
1790159466.718936161,localhost,C1,81941843,33318103387,40,1593
1790159466.718936161,localhost,C1E,1209619310,272204736775,40,1593
1790159466.718936161,localhost,C6,1792112114,266551931461425,40,1593
1790159466.718936161,localhost,POLL,3445437,125910350,40,1593
1790159467.785996814,localhost,C1,81942049,33318108123,40,1734
1790159467.785996814,localhost,C1E,1209625970,272206251649,40,1734
1790159467.785996814,localhost,C6,1792119536,266551964303487,40,1734
1790159467.785996814,localhost,POLL,3445452,125910884,40,1734
1790159467.780303128,localhost,C1,81942049,33318108114,40,1718
1790159467.780303128,localhost,C1E,1209625954,272206245825,40,1718
1790159467.780303128,localhost,C6,1792119502,266551964281200,40,1718
1790159467.780303128,localhost,POLL,3445452,125910884,40,1718
1790159467.784425147,localhost,C1,81942049,33318108123,40,1742
1790159467.784425147,localhost,C1E,1209625961,272206253343,40,1742
1790159467.784425147,localhost,C6,1792119521,266551964308921,40,1742
1790159467.784425147,localhost,POLL,3445452,125910884,40,1742
1790159468.850155580,localhost,C1,81942220,33318113041,40,1689
1790159468.850155580,localhost,C1E,1209633432,272208157938,40,1689
1790159468.850155580,localhost,C6,1792134925,266552007668280,40,1689
1790159468.850155580,localhost,POLL,3445471,125911430,40,1689
1790159468.852458853,localhost,C1,81942221,33318113041,40,1748
1790159468.852458853,localhost,C1E,1209633449,272208161993,40,1748
1790159468.852458853,localhost,C6,1792134952,266552007671349,40,1748
1790159468.852458853,localhost,POLL,3445471,125911430,40,1748
1790159468.851740726,localhost,C1,81942221,33318113041,40,1720
1790159468.851740726,localhost,C1E,1209633454,272208165736,40,1720
1790159468.851740726,localhost,C6,1792134960,266552007687118,40,1720
1790159468.851740726,localhost,POLL,3445471,125911430,40,1720
1790159469.921227150,localhost,C1,81942385,33318118091,40,1901
1790159469.921227150,localhost,C1E,1209641041,272210142609,40,1901
1790159469.921227150,localhost,C6,1792151323,266552045098753,40,1901
1790159469.921227150,localhost,POLL,3445485,125911977,40,1901
1790159469.919122038,localhost,C1,81942385,33318118091,40,1851
1790159469.919122038,localhost,C1E,1209641081,272210149275,40,1851
1790159469.919122038,localhost,C6,1792151363,266552045127627,40,1851
1790159469.919122038,localhost,POLL,3445485,125911977,40,1851
1790159469.922204878,localhost,C1,81942385,33318118091,40,1789
1790159469.922204878,localhost,C1E,1209641074,272210150403,40,1789
1790159469.922204878,localhost,C6,1792151356,266552045127627,40,1789
1790159469.922204878,localhost,POLL,3445485,125911977,40,1789
1790159470.988518711,localhost,C1,81942562,33318124073,40,1679
1790159470.988518711,localhost,C1E,1209648848,272212193989,40,1679
1790159470.988518711,localhost,C6,1792167333,266552091435244,40,1679
1790159470.988518711,localhost,POLL,3445504,125912619,40,1679
1790159470.988776078,localhost,C1,81942563,33318124111,40,1700
1790159470.988776078,localhost,C1E,1209648881,272212204508,40,1700
1790159470.988776078,localhost,C6,1792167400,266552091508842,40,1700
1790159470.988776078,localhost,POLL,3445504,125912619,40,1700
1790159470.989508564,localhost,C1,81942563,33318124144,40,1714
1790159470.989508564,localhost,C1E,1209648899,272212210475,40,1714
1790159470.989508564,localhost,C6,1792167415,266552091577314,40,1714
1790159470.989508564,localhost,POLL,3445504,125912619,40,1714
1790159472.051504136,localhost,C1,81942742,33318129914,40,1679
1790159472.051504136,localhost,C1E,1209656405,272214117666,40,1679
1790159472.051504136,localhost,C6,1792182769,266552122900641,40,1679
1790159472.051504136,localhost,POLL,3445522,125913115,40,1679
1790159472.054305677,localhost,C1,81942742,33318129960,40,1718
1790159472.054305677,localhost,C1E,1209656454,272214133960,40,1718
1790159472.054305677,localhost,C6,1792182819,266552123353089,40,1718
1790159472.054305677,localhost,POLL,3445522,125913115,40,1718
1790159472.057084610,localhost,C1,81942742,33318129960,40,1697
1790159472.057084610,localhost,C1E,1209656493,272214141959,40,1697
1790159472.057084610,localhost,C6,1792182854,266552123383071,40,1697
1790159472.057084610,localhost,POLL,3445522,125913115,40,1697
1790159473.117007939,localhost,C1,81942932,33318138533,40,1589
1790159473.117007939,localhost,C1E,1209665445,272216452896,40,1589
1790159473.117007939,localhost,C6,1792198172,266552163359860,40,1589
1790159473.117007939,localhost,POLL,3445533,125913556,40,1589
1790159473.120995361,localhost,C1,81942933,33318138563,40,1616
1790159473.120995361,localhost,C1E,1209665462,272216459400,40,1616
1790159473.120995361,localhost,C6,1792198213,266552163379455,40,1616
1790159473.120995361,localhost,POLL,3445533,125913556,40,1616
1790159473.123137212,localhost,C1,81942933,33318138563,40,1600
1790159473.123137212,localhost,C1E,1209665509,272216466454,40,1600
1790159473.123137212,localhost,C6,1792198282,266552163413028,40,1600
1790159473.123137212,localhost,POLL,3445534,125913556,40,1600
1790159474.185199067,localhost,C1,81943139,33318146928,40,1534
1790159474.185199067,localhost,C1E,1209674611,272218779731,40,1534
1790159474.185199067,localhost,C6,1792213304,266552203847823,40,1534
1790159474.185199067,localhost,POLL,3445548,125913989,40,1534
1790159474.186131975,localhost,C1,81943140,33318146954,40,1646
1790159474.186131975,localhost,C1E,1209674631,272218783869,40,1646
1790159474.186131975,localhost,C6,1792213320,266552203862210,40,1646
1790159474.186131975,localhost,POLL,3445548,125913989,40,1646
1790159474.184000700,localhost,C1,81943141,33318146954,40,1632
1790159474.184000700,localhost,C1E,1209674640,272218785614,40,1632
1790159474.184000700,localhost,C6,1792213330,266552203870856,40,1632
1790159474.184000700,localhost,POLL,3445548,125913989,40,1632
1790159475.249768702,localhost,C1,81943316,33318160049,40,1591
1790159475.249768702,localhost,C1E,1209682004,272220674364,40,1591
1790159475.249768702,localhost,C6,1792228528,266552244538498,40,1591
1790159475.249768702,localhost,POLL,3445567,125914653,40,1591
1790159475.253779831,localhost,C1,81943317,33318160049,40,1545
1790159475.253779831,localhost,C1E,1209682042,272220685703,40,1545
1790159475.253779831,localhost,C6,1792228591,266552244587929,40,1545
1790159475.253779831,localhost,POLL,3445567,125914653,40,1545
1790159475.254020993,localhost,C1,81943317,33318160049,40,1558
1790159475.254020993,localhost,C1E,1209682053,272220690350,40,1558
1790159475.254020993,localhost,C6,1792228599,266552244603206,40,1558
1790159475.254020993,localhost,POLL,3445567,125914653,40,1558
1790159476.316339212,localhost,C1,81943503,33318166775,40,1547
1790159476.316339212,localhost,C1E,1209689804,272222727867,40,1547
1790159476.316339212,localhost,C6,1792243659,266552283097741,40,1547
1790159476.316339212,localhost,POLL,3445578,125914985,40,1547
1790159476.318746569,localhost,C1,81943504,33318166775,40,1629
1790159476.318746569,localhost,C1E,1209689842,272222734540,40,1629
1790159476.318746569,localhost,C6,1792243701,266552283124604,40,1629
1790159476.318746569,localhost,POLL,3445578,125914985,40,1629
1790159476.321423118,localhost,C1,81943504,33318166775,40,1674
1790159476.321423118,localhost,C1E,1209689862,272222743880,40,1674
1790159476.321423118,localhost,C6,1792243732,266552283245225,40,1674
1790159476.321423118,localhost,POLL,3445578,125914985,40,1674
1790159477.382457018,localhost,C1,81943698,33318183014,40,1660
1790159477.382457018,localhost,C1E,1209698448,272224914347,40,1660
1790159477.382457018,localhost,C6,1792259274,266552322150912,40,1660
1790159477.382457018,localhost,POLL,3445597,125915524,40,1660
1790159477.388068905,localhost,C1,81943699,33318184307,40,1768
1790159477.388068905,localhost,C1E,1209698547,272224932903,40,1768
1790159477.388068905,localhost,C6,1792259371,266552322235024,40,1768
1790159477.388068905,localhost,POLL,3445597,125915524,40,1768
1790159477.385812088,localhost,C1,81943699,33318184307,40,1887
1790159477.385812088,localhost,C1E,1209698555,272224944695,40,1887
1790159477.385812088,localhost,C6,1792259374,266552322526007,40,1887
1790159477.385812088,localhost,POLL,3445597,125915524,40,1887
1790159478.444779994,localhost,C1,81943863,33318189209,40,1742
1790159478.444779994,localhost,C1E,1209707237,272227167870,40,1742
1790159478.444779994,localhost,C6,1792275521,266552361155944,40,1742
1790159478.444779994,localhost,POLL,3445608,125915892,40,1742
1790159478.452403621,localhost,C1,81943865,33318189209,40,1787
1790159478.452403621,localhost,C1E,1209707287,272227177741,40,1787
1790159478.452403621,localhost,C6,1792275580,266552361177063,40,1787
1790159478.452403621,localhost,POLL,3445608,125915892,40,1787
1790159478.454176165,localhost,C1,81943866,33318189209,40,1733
1790159478.454176165,localhost,C1E,1209707338,272227194203,40,1733
1790159478.454176165,localhost,C6,1792275626,266552363324701,40,1733
1790159478.454176165,localhost,POLL,3445608,125915892,40,1733
1790159479.513093142,localhost,C1,81944049,33318200736,40,1638
1790159479.513093142,localhost,C1E,1209715687,272229353629,40,1638
1790159479.513093142,localhost,C6,1792291318,266552400423823,40,1638
1790159479.513093142,localhost,POLL,3445626,125916432,40,1638
1790159479.515656003,localhost,C1,81944051,33318200791,40,1736
1790159479.515656003,localhost,C1E,1209715720,272229363847,40,1736
1790159479.515656003,localhost,C6,1792291364,266552400450962,40,1736
1790159479.515656003,localhost,POLL,3445626,125916432,40,1736
1790159479.517728421,localhost,C1,81944051,33318200791,40,1737
1790159479.517728421,localhost,C1E,1209715740,272229369265,40,1737
1790159479.517728421,localhost,C6,1792291389,266552400479223,40,1737
1790159479.517728421,localhost,POLL,3445626,125916432,40,1737
1790159480.576531196,localhost,C1,81944236,33318207429,40,1647
1790159480.576531196,localhost,C1E,1209724014,272231417857,40,1647
1790159480.576531196,localhost,C6,1792307353,266552438844299,40,1647
1790159480.576531196,localhost,POLL,3445644,125917128,40,1647
1790159480.582211451,localhost,C1,81944237,33318207487,40,1724
1790159480.582211451,localhost,C1E,1209724105,272231449491,40,1724
1790159480.582211451,localhost,C6,1792307464,266552438973276,40,1724
1790159480.582211451,localhost,POLL,3445644,125917128,40,1724
1790159480.583536243,localhost,C1,81944237,33318207487,40,1724
1790159480.583536243,localhost,C1E,1209724116,272231449864,40,1724
1790159480.583536243,localhost,C6,1792307478,266552438977326,40,1724
1790159480.583536243,localhost,POLL,3445644,125917128,40,1724
1790159481.641263807,localhost,C1,81944391,33318211669,40,1775
1790159481.641263807,localhost,C1E,1209732530,272233634013,40,1775
1790159481.641263807,localhost,C6,1792323180,266552481162322,40,1775
1790159481.641263807,localhost,POLL,3445659,125917703,40,1775
1790159481.650976110,localhost,C1,81944394,33318211717,40,1773
1790159481.650976110,localhost,C1E,1209732644,272233667661,40,1773
1790159481.650976110,localhost,C6,1792323321,266552482033881,40,1773
1790159481.650976110,localhost,POLL,3445659,125917703,40,1773
1790159481.650878295,localhost,C1,81944394,33318211717,40,1768
1790159481.650878295,localhost,C1E,1209732663,272233666992,40,1768
1790159481.650878295,localhost,C6,1792323342,266552482030831,40,1768
1790159481.650878295,localhost,POLL,3445659,125917703,40,1768
1790159482.707789582,localhost,C1,81944544,33318216874,40,1633
1790159482.707789582,localhost,C1E,1209740721,272235764707,40,1633
1790159482.707789582,localhost,C6,1792339736,266552523755141,40,1633
1790159482.707789582,localhost,POLL,3445673,125918217,40,1633
1790159482.716782426,localhost,C1,81944546,33318216899,40,1815
1790159482.716782426,localhost,C1E,1209740832,272235781014,40,1815
1790159482.716782426,localhost,C6,1792339850,266552523964987,40,1815
1790159482.716782426,localhost,POLL,3445673,125918217,40,1815
1790159482.717542163,localhost,C1,81944546,33318216924,40,1766
1790159482.717542163,localhost,C1E,1209740880,272235802219,40,1766
1790159482.717542163,localhost,C6,1792339951,266552524233181,40,1766
1790159482.717542163,localhost,POLL,3445673,125918217,40,1766
1790159483.771969110,localhost,C1,81944714,33318223764,40,1651
1790159483.771969110,localhost,C1E,1209748822,272237858359,40,1651
1790159483.771969110,localhost,C6,1792356645,266552557239760,40,1651
1790159483.771969110,localhost,POLL,3445684,125918610,40,1651
1790159483.779934634,localhost,C1,81944714,33318223780,40,1680
1790159483.779934634,localhost,C1E,1209748861,272237868440,40,1680
1790159483.779934634,localhost,C6,1792356763,266552557323611,40,1680
1790159483.779934634,localhost,POLL,3445684,125918610,40,1680
1790159483.785496591,localhost,C1,81944715,33318223866,40,1724
1790159483.785496591,localhost,C1E,1209748890,272237883673,40,1724
1790159483.785496591,localhost,C6,1792356848,266552558167016,40,1724
1790159483.785496591,localhost,POLL,3445684,125918610,40,1724
1790159484.840911297,localhost,C1,81944911,33318244808,40,1705
1790159484.840911297,localhost,C1E,1209756851,272239812828,40,1705
1790159484.840911297,localhost,C6,1792371687,266552593688589,40,1705
1790159484.840911297,localhost,POLL,3445709,125919470,40,1705
1790159484.844410387,localhost,C1,81944911,33318244808,40,1690
1790159484.844410387,localhost,C1E,1209756869,272239822923,40,1690
1790159484.844410387,localhost,C6,1792371740,266552594046027,40,1690
1790159484.844410387,localhost,POLL,3445709,125919470,40,1690
1790159484.851052164,localhost,C1,81944912,33318244808,40,1675
1790159484.851052164,localhost,C1E,1209756929,272239847074,40,1675
1790159484.851052164,localhost,C6,1792371876,266552594507835,40,1675
1790159484.851052164,localhost,POLL,3445709,125919470,40,1675
1790159485.903796666,localhost,C1,81945068,33318249043,40,1649
1790159485.903796666,localhost,C1E,1209764539,272241745531,40,1649
1790159485.903796666,localhost,C6,1792387390,266552635345997,40,1649
1790159485.903796666,localhost,POLL,3445731,125920260,40,1649
1790159485.908938124,localhost,C1,81945069,33318249043,40,1663
1790159485.908938124,localhost,C1E,1209764569,272241752615,40,1663
1790159485.908938124,localhost,C6,1792387459,266552635705563,40,1663
1790159485.908938124,localhost,POLL,3445731,125920260,40,1663
1790159485.913362976,localhost,C1,81945069,33318249043,40,1642
1790159485.913362976,localhost,C1E,1209764598,272241757847,40,1642
1790159485.913362976,localhost,C6,1792387509,266552635757669,40,1642
1790159485.913362976,localhost,POLL,3445731,125920260,40,1642
1790159486.970854039,localhost,C1,81945265,33318255520,40,1584
1790159486.970854039,localhost,C1E,1209772246,272243710744,40,1584
1790159486.970854039,localhost,C6,1792402797,266552678506707,40,1584
1790159486.970854039,localhost,POLL,3445749,125920829,40,1584
1790159486.974744652,localhost,C1,81945265,33318255571,40,1573
1790159486.974744652,localhost,C1E,1209772294,272243718907,40,1573
1790159486.974744652,localhost,C6,1792402867,266552678566812,40,1573
1790159486.974744652,localhost,POLL,3445749,125920829,40,1573
1790159486.975363326,localhost,C1,81945265,33318255571,40,1565
1790159486.975363326,localhost,C1E,1209772281,272243718791,40,1565
1790159486.975363326,localhost,C6,1792402848,266552678566013,40,1565
1790159486.975363326,localhost,POLL,3445749,125920829,40,1565
1790159488.040677124,localhost,C1,81945544,33318267317,40,1778
1790159488.040677124,localhost,C1E,1209782855,272246334831,40,1778
1790159488.040677124,localhost,C6,1792413516,266552714155741,40,1778
1790159488.040677124,localhost,POLL,3445765,125921287,40,1778
1790159488.041945231,localhost,C1,81945544,33318267317,40,1772
1790159488.041945231,localhost,C1E,1209782867,272246336097,40,1772
1790159488.041945231,localhost,C6,1792413547,266552714161679,40,1772
1790159488.041945231,localhost,POLL,3445765,125921287,40,1772
1790159488.038271355,localhost,C1,81945544,33318267317,40,1777
1790159488.038271355,localhost,C1E,1209782858,272246338056,40,1777
1790159488.038271355,localhost,C6,1792413531,266552714165349,40,1777
1790159488.038271355,localhost,POLL,3445765,125921287,40,1777
1790159489.107773893,localhost,C1,81945712,33318272006,40,1797
1790159489.107773893,localhost,C1E,1209790553,272248328781,40,1797
1790159489.107773893,localhost,C6,1792429052,266552755637950,40,1797
1790159489.107773893,localhost,POLL,3445776,125921692,40,1797
1790159489.111885993,localhost,C1,81945712,33318272006,40,1797
1790159489.111885993,localhost,C1E,1209790577,272248328781,40,1797
1790159489.111885993,localhost,C6,1792429071,266552755635731,40,1797
1790159489.111885993,localhost,POLL,3445777,125921692,40,1797
1790159489.109842357,localhost,C1,81945712,33318272006,40,1821
1790159489.109842357,localhost,C1E,1209790551,272248328160,40,1821
1790159489.109842357,localhost,C6,1792429052,266552755632792,40,1821
1790159489.109842357,localhost,POLL,3445776,125921692,40,1821
1790159490.177730183,localhost,C1,81945870,33318279079,40,1592
1790159490.177730183,localhost,C1E,1209798026,272250202261,40,1592
1790159490.177730183,localhost,C6,1792444626,266552796417724,40,1592
1790159490.177730183,localhost,POLL,3445788,125922082,40,1592
1790159490.177180362,localhost,C1,81945870,33318279079,40,1650
1790159490.177180362,localhost,C1E,1209798015,272250206028,40,1650
1790159490.177180362,localhost,C6,1792444614,266552796457150,40,1650
1790159490.177180362,localhost,POLL,3445788,125922082,40,1650
1790159490.178768730,localhost,C1,81945870,33318279079,40,1629
1790159490.178768730,localhost,C1E,1209798027,272250208943,40,1629
1790159490.178768730,localhost,C6,1792444627,266552796466199,40,1629
1790159490.178768730,localhost,POLL,3445788,125922082,40,1629
1790159491.245956485,localhost,C1,81946040,33318291455,40,1710
1790159491.245956485,localhost,C1E,1209805642,272252086784,40,1710
1790159491.245956485,localhost,C6,1792459939,266552835730176,40,1710
1790159491.245956485,localhost,POLL,3445802,125922534,40,1710
1790159491.246738344,localhost,C1,81946040,33318291455,40,1692
1790159491.246738344,localhost,C1E,1209805641,272252087081,40,1692
1790159491.246738344,localhost,C6,1792459934,266552835738303,40,1692
1790159491.246738344,localhost,POLL,3445802,125922534,40,1692
1790159491.245517159,localhost,C1,81946040,33318291455,40,1720
1790159491.245517159,localhost,C1E,1209805621,272252082445,40,1720
1790159491.245517159,localhost,C6,1792459898,266552835705175,40,1720
1790159491.245517159,localhost,POLL,3445802,125922534,40,1720
1790159492.313740307,localhost,C1,81946206,33318296511,40,1577
1790159492.313740307,localhost,C1E,1209812849,272253855853,40,1577
1790159492.313740307,localhost,C6,1792474506,266552871403743,40,1577
1790159492.313740307,localhost,POLL,3445816,125923045,40,1577
1790159492.313227090,localhost,C1,81946206,33318296511,40,1595
1790159492.313227090,localhost,C1E,1209812855,272253856927,40,1595
1790159492.313227090,localhost,C6,1792474509,266552871405704,40,1595
1790159492.313227090,localhost,POLL,3445816,125923045,40,1595
1790159492.315772037,localhost,C1,81946206,33318296511,40,1589
1790159492.315772037,localhost,C1E,1209812862,272253857564,40,1589
1790159492.315772037,localhost,C6,1792474519,266552871424202,40,1589
1790159492.315772037,localhost,POLL,3445816,125923045,40,1589
1790159493.383062238,localhost,C1,81946495,33318305705,40,1573
1790159493.383062238,localhost,C1E,1209819070,272255195551,40,1573
1790159493.383062238,localhost,C6,1792479045,266552908888741,40,1573
1790159493.383062238,localhost,POLL,3445821,125923217,40,1573
1790159493.383640736,localhost,C1,81946495,33318305705,40,1575
1790159493.383640736,localhost,C1E,1209819071,272255195996,40,1575
1790159493.383640736,localhost,C6,1792479052,266552908891668,40,1575
1790159493.383640736,localhost,POLL,3445821,125923217,40,1575
1790159493.386817318,localhost,C1,81946495,33318305705,40,1618
1790159493.386817318,localhost,C1E,1209819085,272255195996,40,1618
1790159493.386817318,localhost,C6,1792479086,266552908892655,40,1618
1790159493.386817318,localhost,POLL,3445821,125923217,40,1618
1790159494.452955583,localhost,C1,81947610,33318433393,40,1830
1790159494.452955583,localhost,C1E,1209830107,272257666126,40,1830
1790159494.452955583,localhost,C6,1792487401,266552953419758,40,1830
1790159494.452955583,localhost,POLL,3445840,125923746,40,1830
1790159494.452947747,localhost,C1,81947606,33318435103,40,1828
1790159494.452947747,localhost,C1E,1209830094,272257670129,40,1828
1790159494.452947747,localhost,C6,1792487393,266552953442492,40,1828
1790159494.452947747,localhost,POLL,3445840,125923746,40,1828
1790159494.454684628,localhost,C1,81947623,33318437270,40,1833
1790159494.454684628,localhost,C1E,1209830212,272257676517,40,1833
1790159494.454684628,localhost,C6,1792487443,266552953875928,40,1833
1790159494.454684628,localhost,POLL,3445841,125923759,40,1833
1790159495.511201141,localhost,C1,81954105,33319132079,40,1707
1790159495.511201141,localhost,C1E,1209852247,272261618708,40,1707
1790159495.511201141,localhost,C6,1792502446,266552990643598,40,1707
1790159495.511201141,localhost,POLL,3445899,125925099,40,1707
1790159495.514409387,localhost,C1,81954105,33319132079,40,1676
1790159495.514409387,localhost,C1E,1209852252,272261620670,40,1676
1790159495.514409387,localhost,C6,1792502499,266552990685638,40,1676
1790159495.514409387,localhost,POLL,3445899,125925099,40,1676
1790159495.515821220,localhost,C1,81954105,33319132079,40,1808
1790159495.515821220,localhost,C1E,1209852253,272261622010,40,1808
1790159495.515821220,localhost,C6,1792502514,266552990720810,40,1808
1790159495.515821220,localhost,POLL,3445899,125925099,40,1808
1790159496.582599915,localhost,C1,81959400,33319734307,40,1938
1790159496.582599915,localhost,C1E,1209875235,272266156227,40,1938
1790159496.582599915,localhost,C6,1792520495,266553031017659,40,1938
1790159496.582599915,localhost,POLL,3445951,125926478,40,1938
1790159496.578200976,localhost,C1,81959381,33319732695,40,1972
1790159496.578200976,localhost,C1E,1209875190,272266150164,40,1972
1790159496.578200976,localhost,C6,1792520431,266553030980527,40,1972
1790159496.578200976,localhost,POLL,3445951,125926478,40,1972
1790159496.584191302,localhost,C1,81959408,33319734307,40,1949
1790159496.584191302,localhost,C1E,1209875263,272266161474,40,1949
1790159496.584191302,localhost,C6,1792520517,266553031055919,40,1949
1790159496.584191302,localhost,POLL,3445951,125926478,40,1949
1790159497.644930387,localhost,C1,81966690,33320511856,40,2104
1790159497.644930387,localhost,C1E,1209899435,272270369023,40,2104
1790159497.644930387,localhost,C6,1792536046,266553065484223,40,2104
1790159497.644930387,localhost,POLL,3445998,125927800,40,2104
1790159497.644322499,localhost,C1,81966681,33320513367,40,2099
1790159497.644322499,localhost,C1E,1209899422,272270376624,40,2099
1790159497.644322499,localhost,C6,1792536026,266553065514250,40,2099
1790159497.644322499,localhost,POLL,3445998,125927800,40,2099
1790159497.644267316,localhost,C1,81966698,33320513871,40,2083
1790159497.644267316,localhost,C1E,1209899466,272270383426,40,2083
1790159497.644267316,localhost,C6,1792536069,266553065670692,40,2083
1790159497.644267316,localhost,POLL,3445999,125927800,40,2083
1790159498.710348732,localhost,C1,81972477,33321145191,40,1688
1790159498.710348732,localhost,C1E,1209922885,272275007536,40,1688
1790159498.710348732,localhost,C6,1792554279,266553105013065,40,1688
1790159498.710348732,localhost,POLL,3446046,125928898,40,1688
1790159498.712978409,localhost,C1,81972489,33321146869,40,1729
1790159498.712978409,localhost,C1E,1209922917,272275017688,40,1729
1790159498.712978409,localhost,C6,1792554298,266553105047744,40,1729
1790159498.712978409,localhost,POLL,3446046,125928905,40,1729
1790159498.713326339,localhost,C1,81972500,33321147122,40,1725
1790159498.713326339,localhost,C1E,1209922957,272275024546,40,1725
1790159498.713326339,localhost,C6,1792554321,266553105057067,40,1725
1790159498.713326339,localhost,POLL,3446046,125928905,40,1725
1790159499.778045257,localhost,C1,81977273,33321650814,40,1924
1790159499.778045257,localhost,C1E,1209945480,272280274496,40,1924
1790159499.778045257,localhost,C6,1792575004,266553135514003,40,1924
1790159499.778045257,localhost,POLL,3446093,125929968,40,1924
1790159499.774882309,localhost,C1,81977273,33321650962,40,1982
1790159499.774882309,localhost,C1E,1209945477,272280282103,40,1982
1790159499.774882309,localhost,C6,1792575003,266553135526182,40,1982
1790159499.774882309,localhost,POLL,3446093,125929968,40,1982
1790159499.779618545,localhost,C1,81977301,33321651047,40,1940
1790159499.779618545,localhost,C1E,1209945535,272280297194,40,1940
1790159499.779618545,localhost,C6,1792575044,266553135559630,40,1940
1790159499.779618545,localhost,POLL,3446093,125929968,40,1940
1790159500.834353133,localhost,C1,81982360,33322201667,40,1961
1790159500.834353133,localhost,C1E,1209970499,272286467856,40,1961
1790159500.834353133,localhost,C6,1792594435,266553173615641,40,1961
1790159500.834353133,localhost,POLL,3446161,125931113,40,1961
1790159500.838952444,localhost,C1,81982383,33322204306,40,1908
1790159500.838952444,localhost,C1E,1209970619,272286508269,40,1908
1790159500.838952444,localhost,C6,1792594558,266553173723223,40,1908
1790159500.838952444,localhost,POLL,3446162,125931113,40,1908
1790159500.842006222,localhost,C1,81982388,33322205877,40,1949
1790159500.842006222,localhost,C1E,1209970699,272286521083,40,1949
1790159500.842006222,localhost,C6,1792594623,266553173747122,40,1949
1790159500.842006222,localhost,POLL,3446163,125931113,40,1949
1790159501.896354936,localhost,C1,81985257,33322530565,40,1897
1790159501.896354936,localhost,C1E,1209995492,272292721059,40,1897
1790159501.896354936,localhost,C6,1792614816,266553203234583,40,1897
1790159501.896354936,localhost,POLL,3446206,125932111,40,1897
1790159501.890846043,localhost,C1,81985260,33322530979,40,1869
1790159501.890846043,localhost,C1E,1209995510,272292728695,40,1869
1790159501.890846043,localhost,C6,1792614821,266553203250133,40,1869
1790159501.890846043,localhost,POLL,3446206,125932116,40,1869
1790159501.902660229,localhost,C1,81985304,33322536875,40,1834
1790159501.902660229,localhost,C1E,1209995703,272292771755,40,1834
1790159501.902660229,localhost,C6,1792614958,266553203684411,40,1834
1790159501.902660229,localhost,POLL,3446207,125932125,40,1834
1790159502.952163728,localhost,C1,81986111,33322614794,40,1505
1790159502.952163728,localhost,C1E,1210005340,272294960611,40,1505
1790159502.952163728,localhost,C6,1792622441,266553245191316,40,1505
1790159502.952163728,localhost,POLL,3446230,125932792,40,1505
1790159502.955111352,localhost,C1,81986113,33322614794,40,1485
1790159502.955111352,localhost,C1E,1210005376,272294968197,40,1485
1790159502.955111352,localhost,C6,1792622523,266553245240405,40,1485
1790159502.955111352,localhost,POLL,3446230,125932792,40,1485
1790159502.960477953,localhost,C1,81986114,33322614794,40,1476
1790159502.960477953,localhost,C1E,1210005394,272294971011,40,1476
1790159502.960477953,localhost,C6,1792622551,266553245262826,40,1476
1790159502.960477953,localhost,POLL,3446230,125932792,40,1476
1790159504.020601006,localhost,C1,81986406,33322620497,40,1641
1790159504.020601006,localhost,C1E,1210011653,272296318933,40,1641
1790159504.020601006,localhost,C6,1792626841,266553279468394,40,1641
1790159504.020601006,localhost,POLL,3446239,125933138,40,1641
1790159504.023846234,localhost,C1,81986406,33322620497,40,1598
1790159504.023846234,localhost,C1E,1210011662,272296319829,40,1598
1790159504.023846234,localhost,C6,1792626848,266553279475800,40,1598
1790159504.023846234,localhost,POLL,3446239,125933138,40,1598
1790159504.025023311,localhost,C1,81986406,33322620497,40,1568
1790159504.025023311,localhost,C1E,1210011672,272296321943,40,1568
1790159504.025023311,localhost,C6,1792626856,266553279538360,40,1568
1790159504.025023311,localhost,POLL,3446239,125933138,40,1568
1790159505.092744616,localhost,C1,81989557,33322975361,40,1963
1790159505.092744616,localhost,C1E,1210031244,272300719349,40,1963
1790159505.092744616,localhost,C6,1792644630,266553325978703,40,1963
1790159505.092744616,localhost,POLL,3446283,125934132,40,1963
1790159505.093640809,localhost,C1,81989560,33322976056,40,1953
1790159505.093640809,localhost,C1E,1210031296,272300726214,40,1953
1790159505.093640809,localhost,C6,1792644670,266553326548475,40,1953
1790159505.093640809,localhost,POLL,3446283,125934158,40,1953
1790159505.094073018,localhost,C1,81989564,33322976056,40,1952
1790159505.094073018,localhost,C1E,1210031313,272300728171,40,1952
1790159505.094073018,localhost,C6,1792644678,266553326550454,40,1952
1790159505.094073018,localhost,POLL,3446283,125934158,40,1952
1790159506.156349052,localhost,C1,81992384,33323290983,40,1953
1790159506.156349052,localhost,C1E,1210054984,272306369932,40,1953
1790159506.156349052,localhost,C6,1792664561,266553362104430,40,1953
1790159506.156349052,localhost,POLL,3446320,125935103,40,1953
1790159506.158034739,localhost,C1,81992387,33323291993,40,1959
1790159506.158034739,localhost,C1E,1210055025,272306384483,40,1959
1790159506.158034739,localhost,C6,1792664607,266553362164369,40,1959
1790159506.158034739,localhost,POLL,3446320,125935103,40,1959
1790159506.157647991,localhost,C1,81992384,33323290991,40,1959
1790159506.157647991,localhost,C1E,1210054988,272306372607,40,1959
1790159506.157647991,localhost,C6,1792664564,266553362110779,40,1959
1790159506.157647991,localhost,POLL,3446320,125935103,40,1959
1790159507.215465477,localhost,C1,81995742,33323681282,40,1764
1790159507.215465477,localhost,C1E,1210078145,272311596932,40,1764
1790159507.215465477,localhost,C6,1792684775,266553396842171,40,1764
1790159507.215465477,localhost,POLL,3446368,125936116,40,1764
1790159507.217343980,localhost,C1,81995760,33323681392,40,1780
1790159507.217343980,localhost,C1E,1210078178,272311607811,40,1780
1790159507.217343980,localhost,C6,1792684827,266553396967871,40,1780
1790159507.217343980,localhost,POLL,3446368,125936116,40,1780
1790159507.214249527,localhost,C1,81995758,33323681484,40,1794
1790159507.214249527,localhost,C1E,1210078174,272311608977,40,1794
1790159507.214249527,localhost,C6,1792684823,266553397013731,40,1794
1790159507.214249527,localhost,POLL,3446368,125936116,40,1794
1790159508.270784859,localhost,C1,81998568,33324006910,40,1827
1790159508.270784859,localhost,C1E,1210100374,272316929349,40,1827
1790159508.270784859,localhost,C6,1792706397,266553434871969,40,1827
1790159508.270784859,localhost,POLL,3446422,125937173,40,1827
1790159508.274324348,localhost,C1,81998570,33324007003,40,1841
1790159508.274324348,localhost,C1E,1210100392,272316937197,40,1841
1790159508.274324348,localhost,C6,1792706408,266553434883182,40,1841
1790159508.274324348,localhost,POLL,3446422,125937173,40,1841
1790159508.275136486,localhost,C1,81998572,33324007003,40,1888
1790159508.275136486,localhost,C1E,1210100407,272316940930,40,1888
1790159508.275136486,localhost,C6,1792706424,266553434919590,40,1888
1790159508.275136486,localhost,POLL,3446422,125937173,40,1888
1790159509.331524965,localhost,C1,82003149,33324531348,40,1813
1790159509.331524965,localhost,C1E,1210125231,272322788305,40,1813
1790159509.331524965,localhost,C6,1792725143,266553465991623,40,1813
1790159509.331524965,localhost,POLL,3446486,125938697,40,1813
1790159509.332426752,localhost,C1,82003161,33324532203,40,1842
1790159509.332426752,localhost,C1E,1210125341,272322806942,40,1842
1790159509.332426752,localhost,C6,1792725169,266553466010296,40,1842
1790159509.332426752,localhost,POLL,3446486,125938697,40,1842
1790159509.335046640,localhost,C1,82003191,33324533577,40,1857
1790159509.335046640,localhost,C1E,1210125479,272322840766,40,1857
1790159509.335046640,localhost,C6,1792725193,266553466063978,40,1857
1790159509.335046640,localhost,POLL,3446486,125938697,40,1857
1790159510.385190325,localhost,C1,82007113,33324992838,40,1769
1790159510.385190325,localhost,C1E,1210151063,272328945454,40,1769
1790159510.385190325,localhost,C6,1792743032,266553500755271,40,1769
1790159510.385190325,localhost,POLL,3446535,125939642,40,1769
1790159510.387681756,localhost,C1,82007132,33324995068,40,1703
1790159510.387681756,localhost,C1E,1210151162,272328951252,40,1703
1790159510.387681756,localhost,C6,1792743065,266553500767208,40,1703
1790159510.387681756,localhost,POLL,3446535,125939642,40,1703
1790159510.392603585,localhost,C1,82007182,33324998713,40,1798
1790159510.392603585,localhost,C1E,1210151292,272328971113,40,1798
1790159510.392603585,localhost,C6,1792743116,266553500828095,40,1798
1790159510.392603585,localhost,POLL,3446535,125939642,40,1798
1790159511.445078628,localhost,C1,82011625,33325490085,40,1830
1790159511.445078628,localhost,C1E,1210173845,272334217264,40,1830
1790159511.445078628,localhost,C6,1792763840,266553536875133,40,1830
1790159511.445078628,localhost,POLL,3446584,125940876,40,1830
1790159511.444031680,localhost,C1,82011621,33325489812,40,1830
1790159511.444031680,localhost,C1E,1210173834,272334213455,40,1830
1790159511.444031680,localhost,C6,1792763836,266553536870669,40,1830
1790159511.444031680,localhost,POLL,3446584,125940876,40,1830
1790159511.447353907,localhost,C1,82011641,33325490725,40,1792
1790159511.447353907,localhost,C1E,1210173900,272334220997,40,1792
1790159511.447353907,localhost,C6,1792763873,266553536878071,40,1792
1790159511.447353907,localhost,POLL,3446585,125940876,40,1792
1790159512.504270862,localhost,C1,82015520,33325855665,40,1628
1790159512.504270862,localhost,C1E,1210192954,272338633096,40,1628
1790159512.504270862,localhost,C6,1792778193,266553570468549,40,1628
1790159512.504270862,localhost,POLL,3446626,125941656,40,1628
1790159512.504370243,localhost,C1,82015520,33325855665,40,1635
1790159512.504370243,localhost,C1E,1210192985,272338640848,40,1635
1790159512.504370243,localhost,C6,1792778229,266553571185783,40,1635
1790159512.504370243,localhost,POLL,3446626,125941656,40,1635
1790159512.503606538,localhost,C1,82015520,33325855665,40,1641
1790159512.503606538,localhost,C1E,1210192978,272338640396,40,1641
1790159512.503606538,localhost,C6,1792778215,266553571184802,40,1641
1790159512.503606538,localhost,POLL,3446626,125941656,40,1641
1790159513.568154031,localhost,C1,82015646,33325857748,40,1766
1790159513.568154031,localhost,C1E,1210199198,272339955321,40,1766
1790159513.568154031,localhost,C6,1792782806,266553609446307,40,1766
1790159513.568154031,localhost,POLL,3446640,125942116,40,1766
1790159513.573929326,localhost,C1,82015646,33325857790,40,1668
1790159513.573929326,localhost,C1E,1210199230,272339959883,40,1668
1790159513.573929326,localhost,C6,1792782877,266553609498686,40,1668
1790159513.573929326,localhost,POLL,3446640,125942116,40,1668
1790159513.571947777,localhost,C1,82015646,33325857771,40,1778
1790159513.571947777,localhost,C1E,1210199208,272339958128,40,1778
1790159513.571947777,localhost,C6,1792782831,266553609470602,40,1778
1790159513.571947777,localhost,POLL,3446640,125942116,40,1778
1790159514.635249109,localhost,C1,82017154,33326033143,40,1855
1790159514.635249109,localhost,C1E,1210213309,272342539807,40,1855
1790159514.635249109,localhost,C6,1792792709,266553657069884,40,1855
1790159514.635249109,localhost,POLL,3446679,125942976,40,1855
1790159514.638305656,localhost,C1,82017161,33326034133,40,1898
1790159514.638305656,localhost,C1E,1210213370,272342555220,40,1898
1790159514.638305656,localhost,C6,1792792772,266553657134307,40,1898
1790159514.638305656,localhost,POLL,3446679,125942976,40,1898
1790159514.639925177,localhost,C1,82017162,33326034834,40,1951
1790159514.639925177,localhost,C1E,1210213413,272342566960,40,1951
1790159514.639925177,localhost,C6,1792792797,266553657247205,40,1951
1790159514.639925177,localhost,POLL,3446679,125942976,40,1951
1790159515.701165304,localhost,C1,82020204,33326354367,40,1809
1790159515.701165304,localhost,C1E,1210237411,272348138214,40,1809
1790159515.701165304,localhost,C6,1792814009,266553689538106,40,1809
1790159515.701165304,localhost,POLL,3446730,125944395,40,1809
1790159515.698915623,localhost,C1,82020215,33326354583,40,1817
1790159515.698915623,localhost,C1E,1210237470,272348148431,40,1817
1790159515.698915623,localhost,C6,1792814052,266553689571223,40,1817
1790159515.698915623,localhost,POLL,3446730,125944395,40,1817
1790159515.705289361,localhost,C1,82020228,33326357175,40,1788
1790159515.705289361,localhost,C1E,1210237562,272348165228,40,1788
1790159515.705289361,localhost,C6,1792814110,266553689637826,40,1788
1790159515.705289361,localhost,POLL,3446730,125944395,40,1788
1790159516.761476840,localhost,C1,82023744,33326716700,40,1752
1790159516.761476840,localhost,C1E,1210260741,272353484908,40,1752
1790159516.761476840,localhost,C6,1792836246,266553722340215,40,1752
1790159516.761476840,localhost,POLL,3446764,125945237,40,1752
1790159516.766036915,localhost,C1,82023746,33326717257,40,1728
1790159516.766036915,localhost,C1E,1210260824,272353496093,40,1728
1790159516.766036915,localhost,C6,1792836312,266553722376622,40,1728
1790159516.766036915,localhost,POLL,3446764,125945237,40,1728
1790159516.766532957,localhost,C1,82023746,33326716700,40,1722
1790159516.766532957,localhost,C1E,1210260781,272353485934,40,1722
1790159516.766532957,localhost,C6,1792836295,266553722341135,40,1722
1790159516.766532957,localhost,POLL,3446764,125945237,40,1722
1790159517.823960446,localhost,C1,82025740,33326913096,40,1878
1790159517.823960446,localhost,C1E,1210282951,272358353851,40,1878
1790159517.823960446,localhost,C6,1792858798,266553757159204,40,1878
1790159517.823960446,localhost,POLL,3446808,125946296,40,1878
1790159517.824734117,localhost,C1,82025741,33326913103,40,1875
1790159517.824734117,localhost,C1E,1210282973,272358361194,40,1875
1790159517.824734117,localhost,C6,1792858815,266553757180170,40,1875
1790159517.824734117,localhost,POLL,3446808,125946296,40,1875
1790159517.823273435,localhost,C1,82025741,33326913103,40,1825
1790159517.823273435,localhost,C1E,1210282977,272358360650,40,1825
1790159517.823273435,localhost,C6,1792858819,266553757178592,40,1825
1790159517.823273435,localhost,POLL,3446808,125946296,40,1825
1790159518.889937144,localhost,C1,82028395,33327197941,40,1902
1790159518.889937144,localhost,C1E,1210307489,272363201643,40,1902
1790159518.889937144,localhost,C6,1792878640,266553798845596,40,1902
1790159518.889937144,localhost,POLL,3446870,125947783,40,1902
1790159518.890437355,localhost,C1,82028402,33327198800,40,1903
1790159518.890437355,localhost,C1E,1210307533,272363212908,40,1903
1790159518.890437355,localhost,C6,1792878669,266553798870604,40,1903
1790159518.890437355,localhost,POLL,3446870,125947783,40,1903
1790159518.891576897,localhost,C1,82028408,33327199048,40,1889
1790159518.891576897,localhost,C1E,1210307541,272363217871,40,1889
1790159518.891576897,localhost,C6,1792878678,266553798891502,40,1889
1790159518.891576897,localhost,POLL,3446870,125947783,40,1889
1790159519.953854529,localhost,C1,82031232,33327503306,40,1839
1790159519.953854529,localhost,C1E,1210327835,272367680285,40,1839
1790159519.953854529,localhost,C6,1792901192,266553833406081,40,1839
1790159519.953854529,localhost,POLL,3446919,125948965,40,1839
1790159519.957737565,localhost,C1,82031240,33327505085,40,1812
1790159519.957737565,localhost,C1E,1210327945,272367706709,40,1812
1790159519.957737565,localhost,C6,1792901262,266553833490502,40,1812
1790159519.957737565,localhost,POLL,3446920,125948965,40,1812
1790159519.958542007,localhost,C1,82031244,33327505164,40,1831
1790159519.958542007,localhost,C1E,1210327964,272367708592,40,1831
1790159519.958542007,localhost,C6,1792901279,266553833495196,40,1831
1790159519.958542007,localhost,POLL,3446920,125948965,40,1831
1790159521.016176890,localhost,C1,82035024,33327889219,40,1952
1790159521.016176890,localhost,C1E,1210354128,272373717731,40,1952
1790159521.016176890,localhost,C6,1792920928,266553868412270,40,1952
1790159521.016176890,localhost,POLL,3446976,125950024,40,1952
1790159521.023975659,localhost,C1,82035053,33327890125,40,1930
1790159521.023975659,localhost,C1E,1210354326,272373753785,40,1930
1790159521.023975659,localhost,C6,1792920999,266553868782589,40,1930
1790159521.023975659,localhost,POLL,3446977,125950024,40,1930
1790159521.021437079,localhost,C1,82035059,33327890858,40,1954
1790159521.021437079,localhost,C1E,1210354377,272373768024,40,1954
1790159521.021437079,localhost,C6,1792921027,266553868824662,40,1954
1790159521.021437079,localhost,POLL,3446977,125950050,40,1954
1790159522.077156059,localhost,C1,82037700,33328168504,40,1855
1790159522.077156059,localhost,C1E,1210378365,272379495552,40,1855
1790159522.077156059,localhost,C6,1792942134,266553895896955,40,1855
1790159522.077156059,localhost,POLL,3447026,125950872,40,1855
1790159522.073964663,localhost,C1,82037698,33328169200,40,1878
1790159522.073964663,localhost,C1E,1210378350,272379503764,40,1878
1790159522.073964663,localhost,C6,1792942106,266553895930190,40,1878
1790159522.073964663,localhost,POLL,3447026,125950872,40,1878
1790159522.081410450,localhost,C1,82037725,33328169846,40,1881
1790159522.081410450,localhost,C1E,1210378483,272379520924,40,1881
1790159522.081410450,localhost,C6,1792942263,266553895988146,40,1881
1790159522.081410450,localhost,POLL,3447026,125950876,40,1881
1790159523.133554617,localhost,C1,82038341,33328238361,40,1695
1790159523.133554617,localhost,C1E,1210387826,272381555246,40,1695
1790159523.133554617,localhost,C6,1792948995,266553941739632,40,1695
1790159523.133554617,localhost,POLL,3447043,125951243,40,1695
1790159523.132117205,localhost,C1,82038341,33328238361,40,1734
1790159523.132117205,localhost,C1E,1210387819,272381554501,40,1734
1790159523.132117205,localhost,C6,1792948983,266553941733260,40,1734
1790159523.132117205,localhost,POLL,3447043,125951243,40,1734
1790159523.137938670,localhost,C1,82038342,33328238361,40,1695
1790159523.137938670,localhost,C1E,1210387839,272381556628,40,1695
1790159523.137938670,localhost,C6,1792949029,266553941748008,40,1695
1790159523.137938670,localhost,POLL,3447043,125951243,40,1695
1790159524.204181517,localhost,C1,82038568,33328256558,40,1850
1790159524.204181517,localhost,C1E,1210394830,272383081760,40,1850
1790159524.204181517,localhost,C6,1792953620,266553978552726,40,1850
1790159524.204181517,localhost,POLL,3447055,125951684,40,1850
1790159524.204063782,localhost,C1,82038569,33328256583,40,1854
1790159524.204063782,localhost,C1E,1210394845,272383086519,40,1854
1790159524.204063782,localhost,C6,1792953624,266553978569959,40,1854
1790159524.204063782,localhost,POLL,3447055,125951684,40,1854
1790159524.205604848,localhost,C1,82038573,33328257103,40,1907
1790159524.205604848,localhost,C1E,1210394909,272383096629,40,1907
1790159524.205604848,localhost,C6,1792953647,266553978581275,40,1907
1790159524.205604848,localhost,POLL,3447056,125951684,40,1907
1790159525.266690725,localhost,C1,82041163,33328510815,40,1949
1790159525.266690725,localhost,C1E,1210418896,272388371764,40,1949
1790159525.266690725,localhost,C6,1792974456,266554020866763,40,1949
1790159525.266690725,localhost,POLL,3447113,125953265,40,1949
1790159525.270012882,localhost,C1,82041166,33328510838,40,1965
1790159525.270012882,localhost,C1E,1210418917,272388372449,40,1965
1790159525.270012882,localhost,C6,1792974468,266554020868736,40,1965
1790159525.270012882,localhost,POLL,3447113,125953265,40,1965
1790159525.269840129,localhost,C1,82041177,33328511572,40,1945
1790159525.269840129,localhost,C1E,1210418988,272388383427,40,1945
1790159525.269840129,localhost,C6,1792974505,266554020909905,40,1945
1790159525.269840129,localhost,POLL,3447113,125953265,40,1945
1790159526.331793347,localhost,C1,82044906,33328905128,40,1818
1790159526.331793347,localhost,C1E,1210448250,272392798399,40,1818
1790159526.331793347,localhost,C6,1792986761,266554055814160,40,1818
1790159526.331793347,localhost,POLL,3447156,125954241,40,1818
1790159526.330057330,localhost,C1,82044917,33328905958,40,1757
1790159526.330057330,localhost,C1E,1210448266,272392804020,40,1757
1790159526.330057330,localhost,C6,1792986780,266554055829712,40,1757
1790159526.330057330,localhost,POLL,3447156,125954241,40,1757
1790159526.331317799,localhost,C1,82044923,33328906659,40,1712
1790159526.331317799,localhost,C1E,1210448317,272392812263,40,1712
1790159526.331317799,localhost,C6,1792986813,266554056030280,40,1712
1790159526.331317799,localhost,POLL,3447156,125954293,40,1712
1790159527.390964583,localhost,C1,82048041,33329257390,40,1823
1790159527.390964583,localhost,C1E,1210473029,272398423236,40,1823
1790159527.390964583,localhost,C6,1793006576,266554092092397,40,1823
1790159527.390964583,localhost,POLL,3447206,125955517,40,1823
1790159527.392705864,localhost,C1,82048037,33329258006,40,1821
1790159527.392705864,localhost,C1E,1210473000,272398425016,40,1821
1790159527.392705864,localhost,C6,1793006567,266554092099109,40,1821
1790159527.392705864,localhost,POLL,3447206,125955517,40,1821
1790159527.391878975,localhost,C1,82048033,33329257390,40,1821
1790159527.391878975,localhost,C1E,1210472954,272398418958,40,1821
1790159527.391878975,localhost,C6,1793006548,266554092085978,40,1821
1790159527.391878975,localhost,POLL,3447206,125955517,40,1821
1790159528.452728512,localhost,C1,82051466,33329625538,40,1853
1790159528.452728512,localhost,C1E,1210497280,272404153809,40,1853
1790159528.452728512,localhost,C6,1793027317,266554126199520,40,1853
1790159528.452728512,localhost,POLL,3447244,125956585,40,1853
1790159528.454518063,localhost,C1,82051480,33329626753,40,1925
1790159528.454518063,localhost,C1E,1210497423,272404173081,40,1925
1790159528.454518063,localhost,C6,1793027354,266554126260859,40,1925
1790159528.454518063,localhost,POLL,3447244,125956585,40,1925
1790159528.454401109,localhost,C1,82051476,33329626749,40,1913
1790159528.454401109,localhost,C1E,1210497368,272404169384,40,1913
1790159528.454401109,localhost,C6,1793027343,266554126234680,40,1913
1790159528.454401109,localhost,POLL,3447244,125956585,40,1913
1790159529.508498276,localhost,C1,82053876,33329886821,40,1832
1790159529.508498276,localhost,C1E,1210520243,272409553018,40,1832
1790159529.508498276,localhost,C6,1793049987,266554163285701,40,1832
1790159529.508498276,localhost,POLL,3447291,125957656,40,1832
1790159529.513758451,localhost,C1,82053894,33329889516,40,1803
1790159529.513758451,localhost,C1E,1210520377,272409586803,40,1803
1790159529.513758451,localhost,C6,1793050093,266554163440243,40,1803
1790159529.513758451,localhost,POLL,3447291,125957656,40,1803
1790159529.512678770,localhost,C1,82053894,33329888589,40,1821
1790159529.512678770,localhost,C1E,1210520372,272409584821,40,1821
1790159529.512678770,localhost,C6,1793050085,266554163439057,40,1821
1790159529.512678770,localhost,POLL,3447291,125957656,40,1821
1790159530.567485235,localhost,C1,82056642,33330174237,40,1906
1790159530.567485235,localhost,C1E,1210543248,272414270102,40,1906
1790159530.567485235,localhost,C6,1793071025,266554199990246,40,1906
1790159530.567485235,localhost,POLL,3447334,125958749,40,1906
1790159530.571679233,localhost,C1,82056654,33330174715,40,1973
1790159530.571679233,localhost,C1E,1210543295,272414277046,40,1973
1790159530.571679233,localhost,C6,1793071051,266554199999740,40,1973
1790159530.571679233,localhost,POLL,3447335,125958749,40,1973
1790159530.573165378,localhost,C1,82056662,33330175339,40,1954
1790159530.573165378,localhost,C1E,1210543372,272414287254,40,1954
1790159530.573165378,localhost,C6,1793071107,266554200072739,40,1954
1790159530.573165378,localhost,POLL,3447335,125958749,40,1954
1790159531.632506795,localhost,C1,82059231,33330446339,40,1851
1790159531.632506795,localhost,C1E,1210566742,272419818716,40,1851
1790159531.632506795,localhost,C6,1793093040,266554233094426,40,1851
1790159531.632506795,localhost,POLL,3447396,125960082,40,1851
1790159531.634443926,localhost,C1,82059257,33330447202,40,1939
1790159531.634443926,localhost,C1E,1210566828,272419845725,40,1939
1790159531.634443926,localhost,C6,1793093122,266554233141936,40,1939
1790159531.634443926,localhost,POLL,3447396,125960094,40,1939
1790159531.637963435,localhost,C1,82059259,33330447342,40,1993
1790159531.637963435,localhost,C1E,1210566871,272419858815,40,1993
1790159531.637963435,localhost,C6,1793093165,266554233172162,40,1993
1790159531.637963435,localhost,POLL,3447396,125960094,40,1993
1790159532.690503254,localhost,C1,82061070,33330629561,40,1700
1790159532.690503254,localhost,C1E,1210583896,272423771556,40,1700
1790159532.690503254,localhost,C6,1793108970,266554268565373,40,1700
1790159532.690503254,localhost,POLL,3447426,125960839,40,1700
1790159532.694241425,localhost,C1,82061070,33330629561,40,1630
1790159532.694241425,localhost,C1E,1210583918,272423774496,40,1630
1790159532.694241425,localhost,C6,1793109025,266554268596035,40,1630
1790159532.694241425,localhost,POLL,3447426,125960839,40,1630
1790159532.698077673,localhost,C1,82061070,33330629592,40,1675
1790159532.698077673,localhost,C1E,1210583939,272423788889,40,1675
1790159532.698077673,localhost,C6,1793109084,266554268824860,40,1675
1790159532.698077673,localhost,POLL,3447426,125960839,40,1675
1790159533.756892718,localhost,C1,82061191,33330631619,40,1695
1790159533.756892718,localhost,C1E,1210590236,272425145944,40,1695
1790159533.756892718,localhost,C6,1793113719,266554304157213,40,1695
1790159533.756892718,localhost,POLL,3447442,125961329,40,1695
1790159533.759301220,localhost,C1,82061191,33330631619,40,1723
1790159533.759301220,localhost,C1E,1210590281,272425155711,40,1723
1790159533.759301220,localhost,C6,1793113762,266554304227270,40,1723
1790159533.759301220,localhost,POLL,3447442,125961329,40,1723
1790159533.761189793,localhost,C1,82061191,33330631619,40,1722
1790159533.761189793,localhost,C1E,1210590278,272425154365,40,1722
1790159533.761189793,localhost,C6,1793113759,266554304227034,40,1722
1790159533.761189793,localhost,POLL,3447442,125961329,40,1722
1790159534.822759133,localhost,C1,82061984,33330719270,40,1682
1790159534.822759133,localhost,C1E,1210602432,272427749891,40,1682
1790159534.822759133,localhost,C6,1793124332,266554353890982,40,1682
1790159534.822759133,localhost,POLL,3447464,125961892,40,1682
1790159534.824846318,localhost,C1,82061984,33330719298,40,1685
1790159534.824846318,localhost,C1E,1210602456,272427757005,40,1685
1790159534.824846318,localhost,C6,1793124344,266554353905182,40,1685
1790159534.824846318,localhost,POLL,3447464,125961892,40,1685
1790159534.821196615,localhost,C1,82061984,33330719398,40,1683
1790159534.821196615,localhost,C1E,1210602456,272427763489,40,1683
1790159534.821196615,localhost,C6,1793124344,266554353916662,40,1683
1790159534.821196615,localhost,POLL,3447464,125961892,40,1683
1790159535.894100496,localhost,C1,82063606,33330886551,40,1636
1790159535.894100496,localhost,C1E,1210626799,272433383257,40,1636
1790159535.894100496,localhost,C6,1793142498,266554383776367,40,1636
1790159535.894100496,localhost,POLL,3447503,125962796,40,1636
1790159535.893679618,localhost,C1,82063607,33330888012,40,1715
1790159535.893679618,localhost,C1E,1210626834,272433392823,40,1715
1790159535.893679618,localhost,C6,1793142527,266554383801053,40,1715
1790159535.893679618,localhost,POLL,3447503,125962796,40,1715
1790159535.891577067,localhost,C1,82063608,33330888179,40,1715
1790159535.891577067,localhost,C1E,1210626839,272433395248,40,1715
1790159535.891577067,localhost,C6,1793142530,266554383804280,40,1715
1790159535.891577067,localhost,POLL,3447503,125962796,40,1715
1790159536.948208610,localhost,C1,82065581,33331070451,40,1908
1790159536.948208610,localhost,C1E,1210652384,272439024297,40,1908
1790159536.948208610,localhost,C6,1793161136,266554424216704,40,1908
1790159536.948208610,localhost,POLL,3447551,125963966,40,1908
1790159536.953513238,localhost,C1,82065600,33331071598,40,2013
1790159536.953513238,localhost,C1E,1210652529,272439052327,40,2013
1790159536.953513238,localhost,C6,1793161289,266554424359800,40,2013
1790159536.953513238,localhost,POLL,3447551,125963966,40,2013
1790159536.953703077,localhost,C1,82065601,33331072755,40,2001
1790159536.953703077,localhost,C1E,1210652571,272439059639,40,2001
1790159536.953703077,localhost,C6,1793161334,266554424381284,40,2001
1790159536.953703077,localhost,POLL,3447551,125963966,40,2001
1790159538.005164209,localhost,C1,82067373,33331232466,40,1814
1790159538.005164209,localhost,C1E,1210676236,272444645648,40,1814
1790159538.005164209,localhost,C6,1793182524,266554453683782,40,1814
1790159538.005164209,localhost,POLL,3447607,125965254,40,1814
1790159538.010261210,localhost,C1,82067374,33331232467,40,1829
1790159538.010261210,localhost,C1E,1210676279,272444652033,40,1829
1790159538.010261210,localhost,C6,1793182544,266554453695407,40,1829
1790159538.010261210,localhost,POLL,3447607,125965254,40,1829
1790159538.012044737,localhost,C1,82067385,33331234796,40,1889
1790159538.012044737,localhost,C1E,1210676515,272444694523,40,1889
1790159538.012044737,localhost,C6,1793182613,266554455584189,40,1889
1790159538.012044737,localhost,POLL,3447607,125965254,40,1889
1790159539.062906851,localhost,C1,82069164,33331418795,40,1774
1790159539.062906851,localhost,C1E,1210700588,272450219484,40,1774
1790159539.062906851,localhost,C6,1793202989,266554496285297,40,1774
1790159539.062906851,localhost,POLL,3447654,125966432,40,1774
1790159539.066655691,localhost,C1,82069164,33331418430,40,1726
1790159539.066655691,localhost,C1E,1210700563,272450218507,40,1726
1790159539.066655691,localhost,C6,1793202971,266554496282822,40,1726
1790159539.066655691,localhost,POLL,3447654,125966432,40,1726
1790159539.072642096,localhost,C1,82069184,33331421052,40,1726
1790159539.072642096,localhost,C1E,1210700798,272450259151,40,1726
1790159539.072642096,localhost,C6,1793203091,266554496423097,40,1726
1790159539.072642096,localhost,POLL,3447654,125966432,40,1726
1790159540.125593318,localhost,C1,82070544,33331565132,40,1788
1790159540.125593318,localhost,C1E,1210721102,272454732170,40,1788
1790159540.125593318,localhost,C6,1793224682,266554527885129,40,1788
1790159540.125593318,localhost,POLL,3447683,125967231,40,1788
1790159540.132422489,localhost,C1,82070551,33331565636,40,1806
1790159540.132422489,localhost,C1E,1210721183,272454739717,40,1806
1790159540.132422489,localhost,C6,1793224787,266554527904290,40,1806
1790159540.132422489,localhost,POLL,3447684,125967231,40,1806
1790159540.126207654,localhost,C1,82070546,33331565132,40,1826
1790159540.126207654,localhost,C1E,1210721122,272454733180,40,1826
1790159540.126207654,localhost,C6,1793224707,266554527886166,40,1826
1790159540.126207654,localhost,POLL,3447683,125967231,40,1826
1790159541.190265400,localhost,C1,82072163,33331737576,40,1897
1790159541.190265400,localhost,C1E,1210740449,272459211043,40,1897
1790159541.190265400,localhost,C6,1793246833,266554569934589,40,1897
1790159541.190265400,localhost,POLL,3447729,125968424,40,1897
1790159541.193218714,localhost,C1,82072164,33331738087,40,1854
1790159541.193218714,localhost,C1E,1210740541,272459220443,40,1854
1790159541.193218714,localhost,C6,1793246870,266554569981495,40,1854
1790159541.193218714,localhost,POLL,3447729,125968424,40,1854
1790159541.195741753,localhost,C1,82072177,33331739479,40,1786
1790159541.195741753,localhost,C1E,1210740708,272459258954,40,1786
1790159541.195741753,localhost,C6,1793246960,266554570063012,40,1786
1790159541.195741753,localhost,POLL,3447729,125968424,40,1786
1790159542.255185496,localhost,C1,82073864,33331912946,40,1862
1790159542.255185496,localhost,C1E,1210761414,272463709405,40,1862
1790159542.255185496,localhost,C6,1793266420,266554607269575,40,1862
1790159542.255185496,localhost,POLL,3447765,125969385,40,1862
1790159542.256824845,localhost,C1,82073864,33331912991,40,1882
1790159542.256824845,localhost,C1E,1210761430,272463723380,40,1882
1790159542.256824845,localhost,C6,1793266436,266554607458397,40,1882
1790159542.256824845,localhost,POLL,3447765,125969385,40,1882
1790159542.261854413,localhost,C1,82073878,33331913012,40,1902
1790159542.261854413,localhost,C1E,1210761596,272463736006,40,1902
1790159542.261854413,localhost,C6,1793266537,266554607505027,40,1902
1790159542.261854413,localhost,POLL,3447765,125969385,40,1902
1790159543.322076846,localhost,C1,82075317,33332067180,40,1939
1790159543.322076846,localhost,C1E,1210779286,272467582134,40,1939
1790159543.322076846,localhost,C6,1793288095,266554643918966,40,1939
1790159543.322076846,localhost,POLL,3447797,125970246,40,1939
1790159543.321308013,localhost,C1,82075320,33332069341,40,1894
1790159543.321308013,localhost,C1E,1210779325,272467598158,40,1894
1790159543.321308013,localhost,C6,1793288129,266554644015525,40,1894
1790159543.321308013,localhost,POLL,3447797,125970246,40,1894
1790159543.325414332,localhost,C1,82075321,33332068458,40,1898
1790159543.325414332,localhost,C1E,1210779350,272467597276,40,1898
1790159543.325414332,localhost,C6,1793288157,266554644003716,40,1898
1790159543.325414332,localhost,POLL,3447798,125970246,40,1898
1790159544.385706658,localhost,C1,82075854,33332117761,40,1755
1790159544.385706658,localhost,C1E,1210789002,272469668299,40,1755
1790159544.385706658,localhost,C6,1793299097,266554678240372,40,1755
1790159544.385706658,localhost,POLL,3447809,125970571,40,1755
1790159544.388822728,localhost,C1,82075855,33332117761,40,1811
1790159544.388822728,localhost,C1E,1210789022,272469671849,40,1811
1790159544.388822728,localhost,C6,1793299140,266554678440590,40,1811
1790159544.388822728,localhost,POLL,3447809,125970571,40,1811
1790159544.391567469,localhost,C1,82075855,33332117761,40,1812
1790159544.391567469,localhost,C1E,1210789020,272469671849,40,1812
1790159544.391567469,localhost,C6,1793299135,266554678441799,40,1812
1790159544.391567469,localhost,POLL,3447809,125970571,40,1812
1790159545.457283088,localhost,C1,82075930,33332119713,40,1830
1790159545.457283088,localhost,C1E,1210795099,272470948965,40,1830
1790159545.457283088,localhost,C6,1793303872,266554716433591,40,1830
1790159545.457283088,localhost,POLL,3447823,125971032,40,1830
1790159545.459961584,localhost,C1,82075932,33332119736,40,1865
1790159545.459961584,localhost,C1E,1210795127,272470953318,40,1865
1790159545.459961584,localhost,C6,1793303943,266554716631221,40,1865
1790159545.459961584,localhost,POLL,3447823,125971032,40,1865
1790159545.459410669,localhost,C1,82075932,33332119736,40,1865
1790159545.459410669,localhost,C1E,1210795128,272470954473,40,1865
1790159545.459410669,localhost,C6,1793303945,266554716809295,40,1865
1790159545.459410669,localhost,POLL,3447823,125971032,40,1865
1790159546.525116172,localhost,C1,82076503,33332191422,40,1937
1790159546.525116172,localhost,C1E,1210807251,272473847054,40,1937
1790159546.525116172,localhost,C6,1793316793,266554759497196,40,1937
1790159546.525116172,localhost,POLL,3447848,125971795,40,1937
1790159546.529216070,localhost,C1,82076509,33332191438,40,1960
1790159546.529216070,localhost,C1E,1210807341,272473871975,40,1960
1790159546.529216070,localhost,C6,1793316843,266554759581681,40,1960
1790159546.529216070,localhost,POLL,3447848,125971795,40,1960
1790159546.529969478,localhost,C1,82076511,33332191561,40,1965
1790159546.529969478,localhost,C1E,1210807412,272473885433,40,1965
1790159546.529969478,localhost,C6,1793316871,266554759610056,40,1965
1790159546.529969478,localhost,POLL,3447848,125971795,40,1965
1790159547.585742883,localhost,C1,82077506,33332285941,40,1842
1790159547.585742883,localhost,C1E,1210825444,272478037625,40,1842
1790159547.585742883,localhost,C6,1793337170,266554798745293,40,1842
1790159547.585742883,localhost,POLL,3447877,125972598,40,1842
1790159547.587662493,localhost,C1,82077506,33332286171,40,1833
1790159547.587662493,localhost,C1E,1210825480,272478043555,40,1833
1790159547.587662493,localhost,C6,1793337196,266554798768728,40,1833
1790159547.587662493,localhost,POLL,3447877,125972598,40,1833
1790159547.582308733,localhost,C1,82077505,33332285951,40,1831
1790159547.582308733,localhost,C1E,1210825442,272478038037,40,1831
1790159547.582308733,localhost,C6,1793337170,266554798745293,40,1831
1790159547.582308733,localhost,POLL,3447877,125972598,40,1831
1790159548.650672728,localhost,C1,82078903,33332419292,40,1797
1790159548.650672728,localhost,C1E,1210845568,272482372082,40,1797
1790159548.650672728,localhost,C6,1793356329,266554835114452,40,1797
1790159548.650672728,localhost,POLL,3447915,125973674,40,1797
1790159548.655561578,localhost,C1,82078915,33332419635,40,1871
1790159548.655561578,localhost,C1E,1210845754,272482418141,40,1871
1790159548.655561578,localhost,C6,1793356443,266554835755763,40,1871
1790159548.655561578,localhost,POLL,3447915,125973674,40,1871
1790159548.656066599,localhost,C1,82078910,33332419564,40,1895
1790159548.656066599,localhost,C1E,1210845695,272482414686,40,1895
1790159548.656066599,localhost,C6,1793356415,266554835676544,40,1895
1790159548.656066599,localhost,POLL,3447915,125973674,40,1895
1790159549.712725216,localhost,C1,82080151,33332545551,40,1893
1790159549.712725216,localhost,C1E,1210863023,272485723144,40,1893
1790159549.712725216,localhost,C6,1793370571,266554874689263,40,1893
1790159549.712725216,localhost,POLL,3447955,125974744,40,1893
1790159549.721969774,localhost,C1,82080161,33332546125,40,1976
1790159549.721969774,localhost,C1E,1210863191,272485770789,40,1976
1790159549.721969774,localhost,C6,1793370762,266554875368837,40,1976
1790159549.721969774,localhost,POLL,3447955,125974744,40,1976
1790159549.722094098,localhost,C1,82080161,33332546125,40,1977
1790159549.722094098,localhost,C1E,1210863193,272485777218,40,1977
1790159549.722094098,localhost,C6,1793370762,266554875412312,40,1977
1790159549.722094098,localhost,POLL,3447955,125974744,40,1977
1790159550.778211467,localhost,C1,82080738,33332600553,40,1699
1790159550.778211467,localhost,C1E,1210875542,272488722186,40,1699
1790159550.778211467,localhost,C6,1793391850,266554913394548,40,1699
1790159550.778211467,localhost,POLL,3447985,125975582,40,1699
1790159550.786121122,localhost,C1,82080741,33332601133,40,1706
1790159550.786121122,localhost,C1E,1210875622,272488736560,40,1706
1790159550.786121122,localhost,C6,1793391946,266554913455968,40,1706
1790159550.786121122,localhost,POLL,3447985,125975582,40,1706
1790159550.787581064,localhost,C1,82080746,33332601140,40,1749
1790159550.787581064,localhost,C1E,1210875674,272488747430,40,1749
1790159550.787581064,localhost,C6,1793392014,266554913669523,40,1749
1790159550.787581064,localhost,POLL,3447985,125975614,40,1749
1790159551.843630917,localhost,C1,82081445,33332652071,40,1674
1790159551.843630917,localhost,C1E,1210893876,272492345008,40,1674
1790159551.843630917,localhost,C6,1793403739,266554949488306,40,1674
1790159551.843630917,localhost,POLL,3448030,125976680,40,1674
1790159551.850288444,localhost,C1,82081481,33332654901,40,1630
1790159551.850288444,localhost,C1E,1210894080,272492382541,40,1630
1790159551.850288444,localhost,C6,1793403875,266554949942481,40,1630
1790159551.850288444,localhost,POLL,3448030,125976680,40,1630
1790159551.849203702,localhost,C1,82081478,33332654901,40,1630
1790159551.849203702,localhost,C1E,1210894063,272492380082,40,1630
1790159551.849203702,localhost,C6,1793403858,266554949628822,40,1630
1790159551.849203702,localhost,POLL,3448030,125976680,40,1630
1790159552.906975562,localhost,C1,82082200,33332713720,40,1708
1790159552.906975562,localhost,C1E,1210911679,272496096079,40,1708
1790159552.906975562,localhost,C6,1793416023,266554983807434,40,1708
1790159552.906975562,localhost,POLL,3448061,125977699,40,1708
1790159552.917115487,localhost,C1,82082215,33332713783,40,1802
1790159552.917115487,localhost,C1E,1210911898,272496137895,40,1802
1790159552.917115487,localhost,C6,1793416171,266554984106703,40,1802
1790159552.917115487,localhost,POLL,3448061,125977699,40,1802
1790159552.917157779,localhost,C1,82082217,33332713975,40,1780
1790159552.917157779,localhost,C1E,1210911992,272496146965,40,1780
1790159552.917157779,localhost,C6,1793416241,266554984324396,40,1780
1790159552.917157779,localhost,POLL,3448061,125977699,40,1780
1790159553.971230499,localhost,C1,82082703,33332764731,40,1807
1790159553.971230499,localhost,C1E,1210924750,272499223846,40,1807
1790159553.971230499,localhost,C6,1793434733,266555024729613,40,1807
1790159553.971230499,localhost,POLL,3448079,125978265,40,1807
1790159553.980319521,localhost,C1,82082713,33332765570,40,1875
1790159553.980319521,localhost,C1E,1210925033,272499276375,40,1875
1790159553.980319521,localhost,C6,1793434873,266555025246417,40,1875
1790159553.980319521,localhost,POLL,3448080,125978332,40,1875
1790159553.982151893,localhost,C1,82082716,33332765752,40,1896
1790159553.982151893,localhost,C1E,1210925072,272499285204,40,1896
1790159553.982151893,localhost,C6,1793434896,266555025260420,40,1896
1790159553.982151893,localhost,POLL,3448080,125978332,40,1896
1790159555.037236948,localhost,C1,82083500,33332838419,40,1801
1790159555.037236948,localhost,C1E,1210941342,272502722996,40,1801
1790159555.037236948,localhost,C6,1793449757,266555063890953,40,1801
1790159555.037236948,localhost,POLL,3448115,125979304,40,1801
1790159555.043634683,localhost,C1,82083501,33332838696,40,1821
1790159555.043634683,localhost,C1E,1210941447,272502733661,40,1821
1790159555.043634683,localhost,C6,1793449814,266555064426344,40,1821
1790159555.043634683,localhost,POLL,3448116,125979304,40,1821
1790159555.044951988,localhost,C1,82083502,33332838891,40,1885
1790159555.044951988,localhost,C1E,1210941501,272502745882,40,1885
1790159555.044951988,localhost,C6,1793449833,266555064468398,40,1885
1790159555.044951988,localhost,POLL,3448116,125979304,40,1885
1790159556.102604178,localhost,C1,82084969,33332995924,40,1702
1790159556.102604178,localhost,C1E,1210961237,272506987682,40,1702
1790159556.102604178,localhost,C6,1793466530,266555097627434,40,1702
1790159556.102604178,localhost,POLL,3448142,125979997,40,1702
1790159556.104478059,localhost,C1,82084970,33332995924,40,1758
1790159556.104478059,localhost,C1E,1210961259,272506997098,40,1758
1790159556.104478059,localhost,C6,1793466551,266555097639968,40,1758
1790159556.104478059,localhost,POLL,3448142,125979997,40,1758
1790159556.108806914,localhost,C1,82084977,33332995924,40,1701
1790159556.108806914,localhost,C1E,1210961311,272507002662,40,1701
1790159556.108806914,localhost,C6,1793466589,266555097643890,40,1701
1790159556.108806914,localhost,POLL,3448142,125979997,40,1701
1790159557.164773086,localhost,C1,82086055,33333098235,40,1917
1790159557.164773086,localhost,C1E,1210982102,272511857263,40,1917
1790159557.164773086,localhost,C6,1793485176,266555135372711,40,1917
1790159557.164773086,localhost,POLL,3448181,125981288,40,1917
1790159557.167219876,localhost,C1,82086058,33333098290,40,1935
1790159557.167219876,localhost,C1E,1210982148,272511871771,40,1935
1790159557.167219876,localhost,C6,1793485259,266555135423208,40,1935
1790159557.167219876,localhost,POLL,3448181,125981288,40,1935
1790159557.170054936,localhost,C1,82086059,33333098490,40,1941
1790159557.170054936,localhost,C1E,1210982237,272511891249,40,1941
1790159557.170054936,localhost,C6,1793485335,266555135549879,40,1941
1790159557.170054936,localhost,POLL,3448182,125981288,40,1941
1790159558.224534547,localhost,C1,82087182,33333207655,40,1705
1790159558.224534547,localhost,C1E,1210998053,272514733829,40,1705
1790159558.224534547,localhost,C6,1793496439,266555172052943,40,1705
1790159558.224534547,localhost,POLL,3448228,125982648,40,1705
1790159558.221613283,localhost,C1,82087182,33333207655,40,1705
1790159558.221613283,localhost,C1E,1210998046,272514732192,40,1705
1790159558.221613283,localhost,C6,1793496407,266555172039533,40,1705
1790159558.221613283,localhost,POLL,3448228,125982648,40,1705
1790159558.226985614,localhost,C1,82087182,33333207655,40,1734
1790159558.226985614,localhost,C1E,1210998075,272514736765,40,1734
1790159558.226985614,localhost,C6,1793496491,266555172074191,40,1734
1790159558.226985614,localhost,POLL,3448228,125982648,40,1734
1790159559.294197196,localhost,C1,82087343,33333210779,40,1752
1790159559.294197196,localhost,C1E,1211004240,272516051769,40,1752
1790159559.294197196,localhost,C6,1793501096,266555213346741,40,1752
1790159559.294197196,localhost,POLL,3448237,125982980,40,1752
1790159559.289876432,localhost,C1,82087343,33333210779,40,1718
1790159559.289876432,localhost,C1E,1211004224,272516051769,40,1718
1790159559.289876432,localhost,C6,1793501052,266555213346741,40,1718
1790159559.289876432,localhost,POLL,3448237,125982980,40,1718
1790159559.294115099,localhost,C1,82087344,33333210779,40,1652
1790159559.294115099,localhost,C1E,1211004264,272516056198,40,1652
1790159559.294115099,localhost,C6,1793501161,266555213435643,40,1652
1790159559.294115099,localhost,POLL,3448237,125982980,40,1652
1790159560.357632355,localhost,C1,82087606,33333233544,40,1870
1790159560.357632355,localhost,C1E,1211011900,272517948961,40,1870
1790159560.357632355,localhost,C6,1793514384,266555255549665,40,1870
1790159560.357632355,localhost,POLL,3448257,125983675,40,1870
1790159560.359634792,localhost,C1,82087607,33333233873,40,1858
1790159560.359634792,localhost,C1E,1211011970,272517970111,40,1858
1790159560.359634792,localhost,C6,1793514478,266555255985378,40,1858
1790159560.359634792,localhost,POLL,3448258,125983703,40,1858
1790159560.359750169,localhost,C1,82087607,33333234010,40,1875
1790159560.359750169,localhost,C1E,1211011977,272517970353,40,1875
1790159560.359750169,localhost,C6,1793514489,266555255987033,40,1875
1790159560.359750169,localhost,POLL,3448258,125983703,40,1875
1790159561.420495897,localhost,C1,82087941,33333261380,40,1701
1790159561.420495897,localhost,C1E,1211021689,272520456679,40,1701
1790159561.420495897,localhost,C6,1793532466,266555291247246,40,1701
1790159561.420495897,localhost,POLL,3448282,125984447,40,1701
1790159561.427059407,localhost,C1,82087944,33333261424,40,1733
1790159561.427059407,localhost,C1E,1211021752,272520471620,40,1733
1790159561.427059407,localhost,C6,1793532582,266555291333099,40,1733
1790159561.427059407,localhost,POLL,3448282,125984447,40,1733
1790159561.427685608,localhost,C1,82087946,33333261435,40,1733
1790159561.427685608,localhost,C1E,1211021772,272520481717,40,1733
1790159561.427685608,localhost,C6,1793532626,266555291382275,40,1733
1790159561.427685608,localhost,POLL,3448283,125984447,40,1733
1790159562.491658483,localhost,C1,82088264,33333285438,40,1788
1790159562.491658483,localhost,C1E,1211031868,272523133282,40,1788
1790159562.491658483,localhost,C6,1793550193,266555331030770,40,1788
1790159562.491658483,localhost,POLL,3448308,125985312,40,1788
1790159562.486271343,localhost,C1,82088259,33333285430,40,1807
1790159562.486271343,localhost,C1E,1211031808,272523127921,40,1807
1790159562.486271343,localhost,C6,1793550123,266555331011244,40,1807
1790159562.486271343,localhost,POLL,3448308,125985312,40,1807
1790159562.497947367,localhost,C1,82088271,33333285560,40,1859
1790159562.497947367,localhost,C1E,1211032048,272523176049,40,1859
1790159562.497947367,localhost,C6,1793550375,266555331148346,40,1859
1790159562.497947367,localhost,POLL,3448310,125985312,40,1859
1790159563.550805049,localhost,C1,82088616,33333305836,40,1801
1790159563.550805049,localhost,C1E,1211041767,272525669122,40,1801
1790159563.550805049,localhost,C6,1793568503,266555371591878,40,1801
1790159563.550805049,localhost,POLL,3448329,125985927,40,1801
1790159563.553591922,localhost,C1,82088618,33333305896,40,1795
1790159563.553591922,localhost,C1E,1211041847,272525687888,40,1795
1790159563.553591922,localhost,C6,1793568563,266555371690980,40,1795
1790159563.553591922,localhost,POLL,3448329,125985927,40,1795
1790159563.560174355,localhost,C1,82088620,33333305951,40,1912
1790159563.560174355,localhost,C1E,1211042024,272525710133,40,1912
1790159563.560174355,localhost,C6,1793568689,266555371946051,40,1912
1790159563.560174355,localhost,POLL,3448329,125985927,40,1912
1790159564.614311377,localhost,C1,82088885,33333327387,40,1748
1790159564.614311377,localhost,C1E,1211050949,272528127506,40,1748
1790159564.614311377,localhost,C6,1793587019,266555410915120,40,1748
1790159564.614311377,localhost,POLL,3448356,125986707,40,1748
1790159564.617253571,localhost,C1,82088886,33333327387,40,1740
1790159564.617253571,localhost,C1E,1211050962,272528130657,40,1740
1790159564.617253571,localhost,C6,1793587051,266555410940574,40,1740
1790159564.617253571,localhost,POLL,3448356,125986707,40,1740
1790159564.623756049,localhost,C1,82088888,33333327434,40,1883
1790159564.623756049,localhost,C1E,1211051032,272528151203,40,1883
1790159564.623756049,localhost,C6,1793587204,266555411409671,40,1883
1790159564.623756049,localhost,POLL,3448356,125986707,40,1883
1790159565.681226713,localhost,C1,82089218,33333352317,40,1775
1790159565.681226713,localhost,C1E,1211061332,272530674859,40,1775
1790159565.681226713,localhost,C6,1793606039,266555449241902,40,1775
1790159565.681226713,localhost,POLL,3448391,125987816,40,1775
1790159565.687201843,localhost,C1,82089220,33333352332,40,1815
1790159565.687201843,localhost,C1E,1211061455,272530687877,40,1815
1790159565.687201843,localhost,C6,1793606135,266555449297620,40,1815
1790159565.687201843,localhost,POLL,3448391,125987816,40,1815
1790159565.685664237,localhost,C1,82089220,33333352332,40,1802
1790159565.685664237,localhost,C1E,1211061453,272530688934,40,1802
1790159565.685664237,localhost,C6,1793606131,266555449306160,40,1802
1790159565.685664237,localhost,POLL,3448391,125987816,40,1802
1790159566.751074627,localhost,C1,82089827,33333402918,40,1622
1790159566.751074627,localhost,C1E,1211080403,272535188835,40,1622
1790159566.751074627,localhost,C6,1793624439,266555488483479,40,1622
1790159566.751074627,localhost,POLL,3448432,125988909,40,1622
1790159566.754305589,localhost,C1,82089830,33333403137,40,1702
1790159566.754305589,localhost,C1E,1211080487,272535221750,40,1702
1790159566.754305589,localhost,C6,1793624506,266555488545667,40,1702
1790159566.754305589,localhost,POLL,3448432,125988909,40,1702
1790159566.754833105,localhost,C1,82089830,33333403137,40,1686
1790159566.754833105,localhost,C1E,1211080485,272535220346,40,1686
1790159566.754833105,localhost,C6,1793624504,266555488544063,40,1686
1790159566.754833105,localhost,POLL,3448432,125988909,40,1686
1790159567.813640441,localhost,C1,82090198,33333426961,40,1715
1790159567.813640441,localhost,C1E,1211090967,272537819205,40,1715
1790159567.813640441,localhost,C6,1793642347,266555521223235,40,1715
1790159567.813640441,localhost,POLL,3448461,125989883,40,1715
1790159567.821464137,localhost,C1,82090204,33333427020,40,1708
1790159567.821464137,localhost,C1E,1211091117,272537861417,40,1708
1790159567.821464137,localhost,C6,1793642440,266555522166022,40,1708
1790159567.821464137,localhost,POLL,3448462,125989893,40,1708
1790159567.821734468,localhost,C1,82090204,33333427033,40,1687
1790159567.821734468,localhost,C1E,1211091147,272537866828,40,1687
1790159567.821734468,localhost,C6,1793642450,266555522180594,40,1687
1790159567.821734468,localhost,POLL,3448462,125989893,40,1687
1790159568.879643337,localhost,C1,82090485,33333444378,40,1782
1790159568.879643337,localhost,C1E,1211100961,272540423859,40,1782
1790159568.879643337,localhost,C6,1793659849,266555559276307,40,1782
1790159568.879643337,localhost,POLL,3448482,125990506,40,1782
1790159568.885347273,localhost,C1,82090485,33333445171,40,1803
1790159568.885347273,localhost,C1E,1211101056,272540454909,40,1803
1790159568.885347273,localhost,C6,1793659912,266555559310226,40,1803
1790159568.885347273,localhost,POLL,3448482,125990534,40,1803
1790159568.888465748,localhost,C1,82090490,33333445243,40,1771
1790159568.888465748,localhost,C1E,1211101128,272540469252,40,1771
1790159568.888465748,localhost,C6,1793659946,266555559342715,40,1771
1790159568.888465748,localhost,POLL,3448482,125990534,40,1771
1790159569.943937879,localhost,C1,82090772,33333462824,40,1707
1790159569.943937879,localhost,C1E,1211110765,272542951130,40,1707
1790159569.943937879,localhost,C6,1793677395,266555598977567,40,1707
1790159569.943937879,localhost,POLL,3448496,125990918,40,1707
1790159569.948992946,localhost,C1,82090773,33333462884,40,1766
1790159569.948992946,localhost,C1E,1211110821,272542968106,40,1766
1790159569.948992946,localhost,C6,1793677480,266555599343869,40,1766
1790159569.948992946,localhost,POLL,3448496,125990918,40,1766
1790159569.953268543,localhost,C1,82090776,33333462884,40,1768
1790159569.953268543,localhost,C1E,1211110864,272542971585,40,1768
1790159569.953268543,localhost,C6,1793677563,266555599373801,40,1768
1790159569.953268543,localhost,POLL,3448496,125990918,40,1768
1790159571.009772838,localhost,C1,82091069,33333490786,40,1655
1790159571.009772838,localhost,C1E,1211120314,272545369964,40,1655
1790159571.009772838,localhost,C6,1793695423,266555641510413,40,1655
1790159571.009772838,localhost,POLL,3448530,125991953,40,1655
1790159571.013971476,localhost,C1,82091070,33333491608,40,1741
1790159571.013971476,localhost,C1E,1211120405,272545397584,40,1741
1790159571.013971476,localhost,C6,1793695466,266555641825364,40,1741
1790159571.013971476,localhost,POLL,3448530,125991953,40,1741
1790159571.016240517,localhost,C1,82091072,33333491608,40,1716
1790159571.016240517,localhost,C1E,1211120426,272545397161,40,1716
1790159571.016240517,localhost,C6,1793695475,266555641823031,40,1716
1790159571.016240517,localhost,POLL,3448530,125991953,40,1716
1790159572.074598915,localhost,C1,82091370,33333511548,40,1643
1790159572.074598915,localhost,C1E,1211130252,272547863950,40,1643
1790159572.074598915,localhost,C6,1793712753,266555677778677,40,1643
1790159572.074598915,localhost,POLL,3448549,125992553,40,1643
1790159572.083068071,localhost,C1,82091374,33333511588,40,1767
1790159572.083068071,localhost,C1E,1211130363,272547883250,40,1767
1790159572.083068071,localhost,C6,1793712842,266555677834726,40,1767
1790159572.083068071,localhost,POLL,3448549,125992553,40,1767
1790159572.082707757,localhost,C1,82091374,33333511588,40,1771
1790159572.082707757,localhost,C1E,1211130339,272547881718,40,1771
1790159572.082707757,localhost,C6,1793712823,266555677832419,40,1771
1790159572.082707757,localhost,POLL,3448549,125992553,40,1771
1790159573.141870177,localhost,C1,82091802,33333533774,40,1839
1790159573.141870177,localhost,C1E,1211144499,272550958763,40,1839
1790159573.141870177,localhost,C6,1793727914,266555716454321,40,1839
1790159573.141870177,localhost,POLL,3448576,125993371,40,1839
1790159573.146184036,localhost,C1,82091808,33333534238,40,1772
1790159573.146184036,localhost,C1E,1211144605,272550973618,40,1772
1790159573.146184036,localhost,C6,1793727970,266555716510926,40,1772
1790159573.146184036,localhost,POLL,3448577,125993371,40,1772
1790159573.145590775,localhost,C1,82091808,33333534238,40,1792
1790159573.145590775,localhost,C1E,1211144605,272550981034,40,1792
1790159573.145590775,localhost,C6,1793727971,266555716562506,40,1792
1790159573.145590775,localhost,POLL,3448577,125993371,40,1792
1790159574.206621850,localhost,C1,82092131,33333554223,40,1679
1790159574.206621850,localhost,C1E,1211155410,272553526491,40,1679
1790159574.206621850,localhost,C6,1793746438,266555756720862,40,1679
1790159574.206621850,localhost,POLL,3448600,125994160,40,1679
1790159574.209970007,localhost,C1,82092134,33333554484,40,1676
1790159574.209970007,localhost,C1E,1211155480,272553532762,40,1676
1790159574.209970007,localhost,C6,1793746493,266555756740937,40,1676
1790159574.209970007,localhost,POLL,3448601,125994160,40,1676
1790159574.212468644,localhost,C1,82092137,33333554494,40,1679
1790159574.212468644,localhost,C1E,1211155537,272553536977,40,1679
1790159574.212468644,localhost,C6,1793746534,266555756820446,40,1679
1790159574.212468644,localhost,POLL,3448601,125994160,40,1679
1790159575.271338606,localhost,C1,82092481,33333576163,40,1685
1790159575.271338606,localhost,C1E,1211165840,272556070422,40,1685
1790159575.271338606,localhost,C6,1793764870,266555796553104,40,1685
1790159575.271338606,localhost,POLL,3448631,125995077,40,1685
1790159575.274618020,localhost,C1,82092482,33333576964,40,1748
1790159575.274618020,localhost,C1E,1211165868,272556075813,40,1748
1790159575.274618020,localhost,C6,1793764928,266555796575586,40,1748
1790159575.274618020,localhost,POLL,3448632,125995077,40,1748
1790159575.275724986,localhost,C1,82092484,33333576964,40,1706
1790159575.275724986,localhost,C1E,1211165909,272556093819,40,1706
1790159575.275724986,localhost,C6,1793765031,266555798043881,40,1706
1790159575.275724986,localhost,POLL,3448632,125995077,40,1706
1790159576.338498820,localhost,C1,82093104,33333614194,40,1779
1790159576.338498820,localhost,C1E,1211181756,272559176058,40,1779
1790159576.338498820,localhost,C6,1793775395,266555834535046,40,1779
1790159576.338498820,localhost,POLL,3448670,125996241,40,1779
1790159576.342703311,localhost,C1,82093107,33333614194,40,1697
1790159576.342703311,localhost,C1E,1211181818,272559189915,40,1697
1790159576.342703311,localhost,C6,1793775437,266555834594859,40,1697
1790159576.342703311,localhost,POLL,3448670,125996241,40,1697
1790159576.340415901,localhost,C1,82093107,33333614194,40,1765
1790159576.340415901,localhost,C1E,1211181811,272559192986,40,1765
1790159576.340415901,localhost,C6,1793775431,266555834757272,40,1765
1790159576.340415901,localhost,POLL,3448670,125996241,40,1765
1790159577.409029994,localhost,C1,82093393,33333625079,40,1700
1790159577.409029994,localhost,C1E,1211192357,272561397295,40,1700
1790159577.409029994,localhost,C6,1793786449,266555871866939,40,1700
1790159577.409029994,localhost,POLL,3448693,125996960,40,1700
1790159577.406783504,localhost,C1,82093392,33333625079,40,1663
1790159577.406783504,localhost,C1E,1211192344,272561394232,40,1663
1790159577.406783504,localhost,C6,1793786412,266555871844363,40,1663
1790159577.406783504,localhost,POLL,3448693,125996960,40,1663
1790159577.411202585,localhost,C1,82093393,33333625092,40,1705
1790159577.411202585,localhost,C1E,1211192374,272561401633,40,1705
1790159577.411202585,localhost,C6,1793786511,266555872128438,40,1705
1790159577.411202585,localhost,POLL,3448693,125996960,40,1705
1790159578.474668888,localhost,C1,82093522,33333628422,40,1598
1790159578.474668888,localhost,C1E,1211198482,272562690699,40,1598
1790159578.474668888,localhost,C6,1793791097,266555910086261,40,1598
1790159578.474668888,localhost,POLL,3448705,125997452,40,1598
1790159578.476867721,localhost,C1,82093522,33333628422,40,1624
1790159578.476867721,localhost,C1E,1211198503,272562692794,40,1624
1790159578.476867721,localhost,C6,1793791121,266555910092924,40,1624
1790159578.476867721,localhost,POLL,3448705,125997452,40,1624
1790159578.479607230,localhost,C1,82093522,33333628422,40,1712
1790159578.479607230,localhost,C1E,1211198522,272562694885,40,1712
1790159578.479607230,localhost,C6,1793791136,266555910135367,40,1712
1790159578.479607230,localhost,POLL,3448705,125997452,40,1712
1790159579.535761077,localhost,C1,82093649,33333631474,40,1779
1790159579.535761077,localhost,C1E,1211205547,272564354878,40,1779
1790159579.535761077,localhost,C6,1793799487,266555955040656,40,1779
1790159579.535761077,localhost,POLL,3448717,125997961,40,1779
1790159579.537973935,localhost,C1,82093652,33333631526,40,1800
1790159579.537973935,localhost,C1E,1211205602,272564362598,40,1800
1790159579.537973935,localhost,C6,1793799558,266555955075318,40,1800
1790159579.537973935,localhost,POLL,3448718,125997961,40,1800
1790159579.539002005,localhost,C1,82093652,33333631544,40,1836
1790159579.539002005,localhost,C1E,1211205619,272564367258,40,1836
1790159579.539002005,localhost,C6,1793799590,266555955095542,40,1836
1790159579.539002005,localhost,POLL,3448718,125997961,40,1836
1790159580.597044622,localhost,C1,82093898,33333659937,40,1820
1790159580.597044622,localhost,C1E,1211213680,272566518231,40,1820
1790159580.597044622,localhost,C6,1793815034,266555990143606,40,1820
1790159580.597044622,localhost,POLL,3448737,125998544,40,1820
1790159580.602028953,localhost,C1,82093900,33333660159,40,1774
1790159580.602028953,localhost,C1E,1211213743,272566536898,40,1774
1790159580.602028953,localhost,C6,1793815078,266555990188912,40,1774
1790159580.602028953,localhost,POLL,3448737,125998544,40,1774
1790159580.603633461,localhost,C1,82093901,33333660159,40,1921
1790159580.603633461,localhost,C1E,1211213784,272566542751,40,1921
1790159580.603633461,localhost,C6,1793815100,266555991194828,40,1921
1790159580.603633461,localhost,POLL,3448737,125998544,40,1921
1790159581.662090804,localhost,C1,82094208,33333676682,40,1813
1790159581.662090804,localhost,C1E,1211224503,272568994208,40,1813
1790159581.662090804,localhost,C6,1793825959,266556030650708,40,1813
1790159581.662090804,localhost,POLL,3448758,125999093,40,1813
1790159581.665621090,localhost,C1,82094208,33333676682,40,1822
1790159581.665621090,localhost,C1E,1211224538,272568998278,40,1822
1790159581.665621090,localhost,C6,1793826016,266556030673856,40,1822
1790159581.665621090,localhost,POLL,3448758,125999093,40,1822
1790159581.668979932,localhost,C1,82094208,33333676697,40,1860
1790159581.668979932,localhost,C1E,1211224566,272569008980,40,1860
1790159581.668979932,localhost,C6,1793826071,266556030746875,40,1860
1790159581.668979932,localhost,POLL,3448758,125999093,40,1860
1790159582.728061774,localhost,C1,82094406,33333694180,40,1538
1790159582.728061774,localhost,C1E,1211231995,272570982275,40,1538
1790159582.728061774,localhost,C6,1793841446,266556075000246,40,1538
1790159582.728061774,localhost,POLL,3448777,125999671,40,1538
1790159582.730181629,localhost,C1,82094406,33333694215,40,1646
1790159582.730181629,localhost,C1E,1211232014,272570995090,40,1646
1790159582.730181629,localhost,C6,1793841527,266556075080440,40,1646
1790159582.730181629,localhost,POLL,3448777,125999671,40,1646
1790159582.727910437,localhost,C1,82094406,33333694215,40,1635
1790159582.727910437,localhost,C1E,1211232026,272570998929,40,1635
1790159582.727910437,localhost,C6,1793841556,266556075239391,40,1635
1790159582.727910437,localhost,POLL,3448777,125999671,40,1635
1790159583.796543436,localhost,C1,82094576,33333698601,40,1855
1790159583.796543436,localhost,C1E,1211239283,272572886439,40,1855
1790159583.796543436,localhost,C6,1793857677,266556110689020,40,1855
1790159583.796543436,localhost,POLL,3448787,125999975,40,1855
1790159583.792135717,localhost,C1,82094576,33333698601,40,1835
1790159583.792135717,localhost,C1E,1211239260,272572883040,40,1835
1790159583.792135717,localhost,C6,1793857631,266556110671348,40,1835
1790159583.792135717,localhost,POLL,3448787,125999975,40,1835
1790159583.796933464,localhost,C1,82094577,33333698601,40,1898
1790159583.796933464,localhost,C1E,1211239304,272572895399,40,1898
1790159583.796933464,localhost,C6,1793857723,266556110762259,40,1898
1790159583.796933464,localhost,POLL,3448787,125999975,40,1898
1790159584.862329351,localhost,C1,82094737,33333708449,40,1763
1790159584.862329351,localhost,C1E,1211246987,272574903823,40,1763
1790159584.862329351,localhost,C6,1793873213,266556148634543,40,1763
1790159584.862329351,localhost,POLL,3448809,126000774,40,1763
1790159584.864612626,localhost,C1,82094740,33333708449,40,1820
1790159584.864612626,localhost,C1E,1211247072,272574930319,40,1820
1790159584.864612626,localhost,C6,1793873288,266556148756951,40,1820
1790159584.864612626,localhost,POLL,3448810,126000786,40,1820
1790159584.862111127,localhost,C1,82094740,33333708449,40,1814
1790159584.862111127,localhost,C1E,1211247068,272574933746,40,1814
1790159584.862111127,localhost,C6,1793873285,266556148840976,40,1814
1790159584.862111127,localhost,POLL,3448810,126000786,40,1814
1790159585.928096931,localhost,C1,82094904,33333723394,40,1732
1790159585.928096931,localhost,C1E,1211254528,272576826454,40,1732
1790159585.928096931,localhost,C6,1793888657,266556185389772,40,1732
1790159585.928096931,localhost,POLL,3448824,126001250,40,1732
1790159585.931583180,localhost,C1,82094904,33333723422,40,1713
1790159585.931583180,localhost,C1E,1211254546,272576832393,40,1713
1790159585.931583180,localhost,C6,1793888693,266556185416767,40,1713
1790159585.931583180,localhost,POLL,3448824,126001277,40,1713
1790159585.929357036,localhost,C1,82094904,33333723422,40,1671
1790159585.929357036,localhost,C1E,1211254541,272576832887,40,1671
1790159585.929357036,localhost,C6,1793888691,266556185434538,40,1671
1790159585.929357036,localhost,POLL,3448824,126001277,40,1671
1790159586.993135841,localhost,C1,82095087,33333734283,40,1608
1790159586.993135841,localhost,C1E,1211261950,272578758301,40,1608
1790159586.993135841,localhost,C6,1793904390,266556230051965,40,1608
1790159586.993135841,localhost,POLL,3448838,126001741,40,1608
1790159586.996362261,localhost,C1,82095087,33333734305,40,1536
1790159586.996362261,localhost,C1E,1211261991,272578763617,40,1536
1790159586.996362261,localhost,C6,1793904443,266556230095155,40,1536
1790159586.996362261,localhost,POLL,3448838,126001741,40,1536
1790159586.996366209,localhost,C1,82095087,33333734305,40,1535
1790159586.996366209,localhost,C1E,1211261982,272578763791,40,1535
1790159586.996366209,localhost,C6,1793904434,266556230095904,40,1535
1790159586.996366209,localhost,POLL,3448838,126001741,40,1535
1790159588.060638602,localhost,C1,82095416,33333771607,40,1775
1790159588.060638602,localhost,C1E,1211271825,272581009013,40,1775
1790159588.060638602,localhost,C6,1793912831,266556262457352,40,1775
1790159588.060638602,localhost,POLL,3448858,126002387,40,1775
1790159588.065075165,localhost,C1,82095416,33333773321,40,1765
1790159588.065075165,localhost,C1E,1211271858,272581021151,40,1765
1790159588.065075165,localhost,C6,1793912935,266556262555453,40,1765
1790159588.065075165,localhost,POLL,3448858,126002387,40,1765
1790159588.065863733,localhost,C1,82095416,33333774396,40,1765
1790159588.065863733,localhost,C1E,1211271886,272581036053,40,1765
1790159588.065863733,localhost,C6,1793913007,266556262599585,40,1765
1790159588.065863733,localhost,POLL,3448858,126002387,40,1765
1790159589.118785409,localhost,C1,82095696,33333803253,40,1748
1790159589.118785409,localhost,C1E,1211281139,272583345708,40,1748
1790159589.118785409,localhost,C6,1793922481,266556302063993,40,1748
1790159589.118785409,localhost,POLL,3448872,126002930,40,1748
1790159589.121881978,localhost,C1,82095698,33333803378,40,1702
1790159589.121881978,localhost,C1E,1211281209,272583371859,40,1702
1790159589.121881978,localhost,C6,1793922597,266556302154212,40,1702
1790159589.121881978,localhost,POLL,3448872,126002930,40,1702
1790159589.123321748,localhost,C1,82095698,33333803378,40,1773
1790159589.123321748,localhost,C1E,1211281205,272583376235,40,1773
1790159589.123321748,localhost,C6,1793922595,266556302170185,40,1773
1790159589.123321748,localhost,POLL,3448872,126002930,40,1773
1790159590.175680846,localhost,C1,82095992,33333827734,40,1773
1790159590.175680846,localhost,C1E,1211291516,272585948344,40,1773
1790159590.175680846,localhost,C6,1793931414,266556347168300,40,1773
1790159590.175680846,localhost,POLL,3448891,126003559,40,1773
1790159590.180446526,localhost,C1,82095995,33333827945,40,1770
1790159590.180446526,localhost,C1E,1211291591,272585959481,40,1770
1790159590.180446526,localhost,C6,1793931461,266556347200656,40,1770
1790159590.180446526,localhost,POLL,3448891,126003559,40,1770
1790159590.183927400,localhost,C1,82095998,33333828036,40,1910
1790159590.183927400,localhost,C1E,1211291679,272585983586,40,1910
1790159590.183927400,localhost,C6,1793931505,266556349130220,40,1910
1790159590.183927400,localhost,POLL,3448891,126003559,40,1910
1790159591.232516321,localhost,C1,82096282,33333856087,40,1651
1790159591.232516321,localhost,C1E,1211304055,272589028052,40,1651
1790159591.232516321,localhost,C6,1793939118,266556386049420,40,1651
1790159591.232516321,localhost,POLL,3448915,126004398,40,1651
1790159591.237293674,localhost,C1,82096282,33333856109,40,1631
1790159591.237293674,localhost,C1E,1211304064,272589032513,40,1631
1790159591.237293674,localhost,C6,1793939149,266556386081653,40,1631
1790159591.237293674,localhost,POLL,3448915,126004398,40,1631
1790159591.242258812,localhost,C1,82096283,33333856130,40,1597
1790159591.242258812,localhost,C1E,1211304091,272589049311,40,1597
1790159591.242258812,localhost,C6,1793939194,266556386165401,40,1597
1790159591.242258812,localhost,POLL,3448915,126004398,40,1597
1790159592.293376725,localhost,C1,82096577,33333884369,40,1619
1790159592.293376725,localhost,C1E,1211314769,272591631871,40,1619
1790159592.293376725,localhost,C6,1793947448,266556417603486,40,1619
1790159592.293376725,localhost,POLL,3448928,126004825,40,1619
1790159592.301151242,localhost,C1,82096577,33333884401,40,1669
1790159592.301151242,localhost,C1E,1211314814,272591646422,40,1669
1790159592.301151242,localhost,C6,1793947516,266556417731531,40,1669
1790159592.301151242,localhost,POLL,3448928,126004866,40,1669
1790159592.296412421,localhost,C1,82096577,33333884401,40,1680
1790159592.296412421,localhost,C1E,1211314830,272591650103,40,1680
1790159592.296412421,localhost,C6,1793947534,266556417751812,40,1680
1790159592.296412421,localhost,POLL,3448928,126004866,40,1680
1790159593.359277826,localhost,C1,82096853,33333904547,40,1656
1790159593.359277826,localhost,C1E,1211326344,272594447612,40,1656
1790159593.359277826,localhost,C6,1793955722,266556451319297,40,1656
1790159593.359277826,localhost,POLL,3448949,126005603,40,1656
1790159593.364593632,localhost,C1,82096853,33333904577,40,1702
1790159593.364593632,localhost,C1E,1211326420,272594467721,40,1702
1790159593.364593632,localhost,C6,1793955821,266556451418592,40,1702
1790159593.364593632,localhost,POLL,3448949,126005603,40,1702
1790159593.368436035,localhost,C1,82096856,33333904628,40,1702
1790159593.368436035,localhost,C1E,1211326487,272594480848,40,1702
1790159593.368436035,localhost,C6,1793955870,266556451522950,40,1702
1790159593.368436035,localhost,POLL,3448950,126005603,40,1702
1790159594.416788707,localhost,C1,82097172,33333943887,40,1850
1790159594.416788707,localhost,C1E,1211337782,272597141170,40,1850
1790159594.416788707,localhost,C6,1793964625,266556488669215,40,1850
1790159594.416788707,localhost,POLL,3448970,126006290,40,1850
1790159594.419960836,localhost,C1,82097173,33333943973,40,1864
1790159594.419960836,localhost,C1E,1211337858,272597168588,40,1864
1790159594.419960836,localhost,C6,1793964698,266556488804425,40,1864
1790159594.419960836,localhost,POLL,3448970,126006290,40,1864
1790159594.426963829,localhost,C1,82097173,33333943989,40,1885
1790159594.426963829,localhost,C1E,1211337955,272597186793,40,1885
1790159594.426963829,localhost,C6,1793964767,266556488964892,40,1885
1790159594.426963829,localhost,POLL,3448970,126006290,40,1885
1790159595.474746613,localhost,C1,82097481,33333978878,40,1811
1790159595.474746613,localhost,C1E,1211350298,272600122570,40,1811
1790159595.474746613,localhost,C6,1793973689,266556537095282,40,1811
1790159595.474746613,localhost,POLL,3448995,126007224,40,1811
1790159595.477887216,localhost,C1,82097482,33333978878,40,1934
1790159595.477887216,localhost,C1E,1211350323,272600128691,40,1934
1790159595.477887216,localhost,C6,1793973726,266556537125526,40,1934
1790159595.477887216,localhost,POLL,3448995,126007224,40,1934
1790159595.483267914,localhost,C1,82097485,33333981116,40,1980
1790159595.483267914,localhost,C1E,1211350370,272600139616,40,1980
1790159595.483267914,localhost,C6,1793973795,266556537305919,40,1980
1790159595.483267914,localhost,POLL,3448995,126007224,40,1980
1790159596.533682443,localhost,C1,82097818,33334016820,40,1902
1790159596.533682443,localhost,C1E,1211362896,272603125328,40,1902
1790159596.533682443,localhost,C6,1793983523,266556571795562,40,1902
1790159596.533682443,localhost,POLL,3449012,126007759,40,1902
1790159596.540136656,localhost,C1,82097821,33334018225,40,1986
1790159596.540136656,localhost,C1E,1211363020,272603148470,40,1986
1790159596.540136656,localhost,C6,1793983624,266556571943073,40,1986
1790159596.540136656,localhost,POLL,3449012,126007759,40,1986
1790159596.536327131,localhost,C1,82097821,33334018225,40,2001
1790159596.536327131,localhost,C1E,1211363024,272603155154,40,2001
1790159596.536327131,localhost,C6,1793983628,266556571969856,40,2001
1790159596.536327131,localhost,POLL,3449012,126007759,40,2001
1790159597.592691681,localhost,C1,82098190,33334063339,40,1954
1790159597.592691681,localhost,C1E,1211374917,272605980188,40,1954
1790159597.592691681,localhost,C6,1793994203,266556607574693,40,1954
1790159597.592691681,localhost,POLL,3449033,126008480,40,1954
1790159597.595380001,localhost,C1,82098191,33334063363,40,1935
1790159597.595380001,localhost,C1E,1211374958,272605990325,40,1935
1790159597.595380001,localhost,C6,1793994265,266556607614400,40,1935
1790159597.595380001,localhost,POLL,3449033,126008480,40,1935
1790159597.595714056,localhost,C1,82098191,33334063363,40,1935
1790159597.595714056,localhost,C1E,1211374957,272605990083,40,1935
1790159597.595714056,localhost,C6,1793994263,266556607614400,40,1935
1790159597.595714056,localhost,POLL,3449033,126008480,40,1935
1790159598.653214169,localhost,C1,82098558,33334101919,40,1685
1790159598.653214169,localhost,C1E,1211387703,272609039878,40,1685
1790159598.653214169,localhost,C6,1794003664,266556658163957,40,1685
1790159598.653214169,localhost,POLL,3449057,126009148,40,1685
1790159598.657171750,localhost,C1,82098558,33334101919,40,1746
1790159598.657171750,localhost,C1E,1211387715,272609040119,40,1746
1790159598.657171750,localhost,C6,1794003672,266556658166919,40,1746
1790159598.657171750,localhost,POLL,3449057,126009148,40,1746
1790159598.656935102,localhost,C1,82098557,33334101919,40,1746
1790159598.656935102,localhost,C1E,1211387702,272609040693,40,1746
1790159598.656935102,localhost,C6,1794003661,266556658167417,40,1746
1790159598.656935102,localhost,POLL,3449057,126009148,40,1746
1790159599.717214011,localhost,C1,82099060,33334139568,40,1944
1790159599.717214011,localhost,C1E,1211400718,272612150301,40,1944
1790159599.717214011,localhost,C6,1794013979,266556684569708,40,1944
1790159599.717214011,localhost,POLL,3449094,126010329,40,1944
1790159599.714928059,localhost,C1,82099060,33334139568,40,1940
1790159599.714928059,localhost,C1E,1211400716,272612149678,40,1940
1790159599.714928059,localhost,C6,1794013978,266556684562454,40,1940
1790159599.714928059,localhost,POLL,3449094,126010329,40,1940
1790159599.717467237,localhost,C1,82099060,33334139595,40,1965
1790159599.717467237,localhost,C1E,1211400746,272612156770,40,1965
1790159599.717467237,localhost,C6,1794014009,266556684590555,40,1965
1790159599.717467237,localhost,POLL,3449094,126010329,40,1965
1790159600.778076539,localhost,C1,82099384,33334164849,40,1870
1790159600.778076539,localhost,C1E,1211413446,272615184252,40,1870
1790159600.778076539,localhost,C6,1794023776,266556725763686,40,1870
1790159600.778076539,localhost,POLL,3449120,126011242,40,1870
1790159600.775031415,localhost,C1,82099384,33334164849,40,1882
1790159600.775031415,localhost,C1E,1211413437,272615180894,40,1882
1790159600.775031415,localhost,C6,1794023772,266556725692395,40,1882
1790159600.775031415,localhost,POLL,3449120,126011242,40,1882
1790159600.774026634,localhost,C1,82099384,33334164849,40,1882
1790159600.774026634,localhost,C1E,1211413403,272615173678,40,1882
1790159600.774026634,localhost,C6,1794023715,266556725660325,40,1882
1790159600.774026634,localhost,POLL,3449120,126011242,40,1882
1790159601.835181538,localhost,C1,82099737,33334186882,40,1896
1790159601.835181538,localhost,C1E,1211425788,272618152034,40,1896
1790159601.835181538,localhost,C6,1794033829,266556759343313,40,1896
1790159601.835181538,localhost,POLL,3449140,126011889,40,1896
1790159601.835199486,localhost,C1,82099742,33334186882,40,1931
1790159601.835199486,localhost,C1E,1211425835,272618157306,40,1931
1790159601.835199486,localhost,C6,1794033860,266556759359493,40,1931
1790159601.835199486,localhost,POLL,3449140,126011889,40,1931
1790159601.835206671,localhost,C1,82099742,33334186906,40,1893
1790159601.835206671,localhost,C1E,1211425837,272618161025,40,1893
1790159601.835206671,localhost,C6,1794033859,266556759761848,40,1893
1790159601.835206671,localhost,POLL,3449140,126011929,40,1893
1790159602.898958117,localhost,C1,82099952,33334196758,40,1565
1790159602.898958117,localhost,C1E,1211434040,272620130153,40,1565
1790159602.898958117,localhost,C6,1794048579,266556808249324,40,1565
1790159602.898958117,localhost,POLL,3449159,126012535,40,1565
1790159602.901202417,localhost,C1,82099953,33334196758,40,1599
1790159602.901202417,localhost,C1E,1211434050,272620132333,40,1599
1790159602.901202417,localhost,C6,1794048604,266556808276894,40,1599
1790159602.901202417,localhost,POLL,3449159,126012535,40,1599
1790159602.902966302,localhost,C1,82099953,33334196823,40,1629
1790159602.902966302,localhost,C1E,1211434056,272620134804,40,1629
1790159602.902966302,localhost,C6,1794048613,266556808297291,40,1629
1790159602.902966302,localhost,POLL,3449159,126012535,40,1629
1790159603.970520148,localhost,C1,82100148,33334200675,40,1587
1790159603.970520148,localhost,C1E,1211440295,272621466724,40,1587
1790159603.970520148,localhost,C6,1794053186,266556842844768,40,1587
1790159603.970520148,localhost,POLL,3449171,126012960,40,1587
1790159603.968954408,localhost,C1,82100148,33334200675,40,1590
1790159603.968954408,localhost,C1E,1211440294,272621466243,40,1590
1790159603.968954408,localhost,C6,1794053181,266556842828114,40,1590
1790159603.968954408,localhost,POLL,3449171,126012960,40,1590
1790159603.969125241,localhost,C1,82100148,33334200675,40,1588
1790159603.969125241,localhost,C1E,1211440292,272621465753,40,1588
1790159603.969125241,localhost,C6,1794053175,266556842818706,40,1588
1790159603.969125241,localhost,POLL,3449171,126012960,40,1588
1790159605.038605537,localhost,C1,82100354,33334215219,40,1717
1790159605.038605537,localhost,C1E,1211446971,272622914564,40,1717
1790159605.038605537,localhost,C6,1794058142,266556884063286,40,1717
1790159605.038605537,localhost,POLL,3449179,126013210,40,1717
1790159605.036401013,localhost,C1,82100354,33334215219,40,1741
1790159605.036401013,localhost,C1E,1211446989,272622919515,40,1741
1790159605.036401013,localhost,C6,1794058162,266556884119818,40,1741
1790159605.036401013,localhost,POLL,3449179,126013210,40,1741
1790159605.040073854,localhost,C1,82100354,33334215219,40,1806
1790159605.040073854,localhost,C1E,1211446992,272622921984,40,1806
1790159605.040073854,localhost,C6,1794058168,266556884132136,40,1806
1790159605.040073854,localhost,POLL,3449179,126013210,40,1806
1790159606.104171953,localhost,C1,82100446,33334218079,40,1836
1790159606.104171953,localhost,C1E,1211453516,272624346860,40,1836
1790159606.104171953,localhost,C6,1794064317,266556922315355,40,1836
1790159606.104171953,localhost,POLL,3449194,126013677,40,1836
1790159606.107257246,localhost,C1,82100446,33334218094,40,1831
1790159606.107257246,localhost,C1E,1211453533,272624352461,40,1831
1790159606.107257246,localhost,C6,1794064367,266556922360616,40,1831
1790159606.107257246,localhost,POLL,3449194,126013677,40,1831
1790159606.109605901,localhost,C1,82100446,33334218174,40,1862
1790159606.109605901,localhost,C1E,1211453571,272624359876,40,1862
1790159606.109605901,localhost,C6,1794064426,266556923002309,40,1862
1790159606.109605901,localhost,POLL,3449194,126013677,40,1862
1790159607.167427050,localhost,C1,82100732,33334233092,40,1439
1790159607.167427050,localhost,C1E,1211459858,272625696816,40,1439
1790159607.167427050,localhost,C6,1794069101,266556970826297,40,1439
1790159607.167427050,localhost,POLL,3449205,126014029,40,1439
1790159607.171111085,localhost,C1,82100732,33334233100,40,1414
1790159607.171111085,localhost,C1E,1211459884,272625700547,40,1414
1790159607.171111085,localhost,C6,1794069138,266556970861993,40,1414
1790159607.171111085,localhost,POLL,3449205,126014029,40,1414
1790159607.174934659,localhost,C1,82100732,33334233121,40,1436
1790159607.174934659,localhost,C1E,1211459909,272625711140,40,1436
1790159607.174934659,localhost,C6,1794069188,266556971056127,40,1436
1790159607.174934659,localhost,POLL,3449205,126014029,40,1436
